TRANSACTION_ID,BRANCH_ID,CITY,DATE,AMOUNT,STATUS,TRANSACTION_TYPE,BRANCH_NAME,CUSTOMER_ID,PURPOSE
T400000,1,Chennai,2025-05-09,69086.25,FAILED,WITHDRAWAL,T Nagar Branch,C9937,Others
T400001,1,Chennai,2025-05-09,52383.31,SUCCESS,DEPOSIT,T Nagar Branch,C5333,Shopping
T400002,1,Chennai,2025-05-09,71596.18,SUCCESS,WITHDRAWAL,T Nagar Branch,C3197,Bill Payment
T400003,1,Chennai,2025-05-09,17684.33,FAILED,TRANSFER,T Nagar Branch,C2022,Education Fees
T400004,1,Chennai,2025-05-09,94929.96,FAILED,TRANSFER,T Nagar Branch,C9477,Medical Expenses
T400005,1,Chennai,2025-05-09,41039.01,SUCCESS,TRANSFER,T Nagar Branch,C5359,Shopping
T400006,1,Chennai,2025-05-09,52695.99,FAILED,TRANSFER,T Nagar Branch,C3241,Bill Payment
T400007,1,Chennai,2025-05-09,99326.92,SUCCESS,TRANSFER,T Nagar Branch,C2086,Travel
T400008,1,Chennai,2025-05-09,31109.87,FAILED,DEPOSIT,T Nagar Branch,C6407,Loan Payment
T400009,1,Chennai,2025-05-09,5454.45,FAILED,DEPOSIT,T Nagar Branch,C2191,Travel
T400010,1,Chennai,2025-05-09,52605.18,SUCCESS,WITHDRAWAL,T Nagar Branch,C5570,Loan Payment
T400011,1,Chennai,2025-05-09,8237.4,SUCCESS,DEPOSIT,T Nagar Branch,C4769,Bill Payment
T400012,1,Chennai,2025-05-09,2489.1,FAILED,WITHDRAWAL,T Nagar Branch,C7724,Bill Payment
T400013,1,Chennai,2025-05-09,44847.33,SUCCESS,DEPOSIT,T Nagar Branch,C1468,Shopping
T400014,1,Chennai,2025-05-09,21190.16,SUCCESS,DEPOSIT,T Nagar Branch,C8666,Education Fees
T400015,1,Chennai,2025-05-09,49338.82,FAILED,WITHDRAWAL,T Nagar Branch,C5823,Loan Payment
T400016,1,Chennai,2025-05-09,83888.55,FAILED,WITHDRAWAL,T Nagar Branch,C6338,Travel
T400017,1,Chennai,2025-05-09,75177.73,FAILED,DEPOSIT,T Nagar Branch,C4676,Bill Payment
T400018,1,Chennai,2025-05-09,58745.22,FAILED,DEPOSIT,T Nagar Branch,C7248,Loan Payment
T400019,1,Chennai,2025-05-09,54470.11,SUCCESS,WITHDRAWAL,T Nagar Branch,C5786,Shopping
T400020,1,Chennai,2025-05-09,80515.62,FAILED,DEPOSIT,T Nagar Branch,C7442,Others
T400021,1,Chennai,2025-05-09,6251.19,SUCCESS,DEPOSIT,T Nagar Branch,C6646,Education Fees
T400022,1,Chennai,2025-05-09,2479.75,SUCCESS,WITHDRAWAL,T Nagar Branch,C9290,Education Fees
T400023,1,Chennai,2025-05-09,55820.92,FAILED,TRANSFER,T Nagar Branch,C4654,Others
T400024,1,Chennai,2025-05-09,53650.03,SUCCESS,TRANSFER,T Nagar Branch,C2729,Others
T400025,1,Chennai,2025-05-09,32391.62,SUCCESS,TRANSFER,T Nagar Branch,C1476,Loan Payment
T400026,1,Chennai,2025-05-09,78267.45,SUCCESS,DEPOSIT,T Nagar Branch,C4620,Shopping
T400027,1,Chennai,2025-05-09,50741.19,SUCCESS,TRANSFER,T Nagar Branch,C6936,Medical Expenses
T400028,1,Chennai,2025-05-09,61480.22,SUCCESS,TRANSFER,T Nagar Branch,C6159,Education Fees
T400029,1,Chennai,2025-05-09,83585.93,SUCCESS,WITHDRAWAL,T Nagar Branch,C8468,Loan Payment
T400030,1,Chennai,2025-05-09,35875.79,SUCCESS,TRANSFER,T Nagar Branch,C4837,Medical Expenses
T400031,1,Chennai,2025-05-09,28075.83,SUCCESS,DEPOSIT,T Nagar Branch,C5464,Others
T400032,1,Chennai,2025-05-09,28921.87,FAILED,TRANSFER,T Nagar Branch,C1387,Bill Payment
T400033,1,Chennai,2025-05-09,62856.51,SUCCESS,DEPOSIT,T Nagar Branch,C1617,Bill Payment
T400034,1,Chennai,2025-05-09,48907.84,SUCCESS,TRANSFER,T Nagar Branch,C2500,Shopping
T400035,1,Chennai,2025-05-09,98205.25,FAILED,DEPOSIT,T Nagar Branch,C3413,Bill Payment
T400036,1,Chennai,2025-05-09,44842.31,SUCCESS,DEPOSIT,T Nagar Branch,C2104,Loan Payment
T400037,1,Chennai,2025-05-09,44866.53,FAILED,TRANSFER,T Nagar Branch,C8868,Others
T400038,1,Chennai,2025-05-09,55641.01,SUCCESS,TRANSFER,T Nagar Branch,C3569,Shopping
T400039,1,Chennai,2025-05-09,27257.11,FAILED,TRANSFER,T Nagar Branch,C1513,Travel
T400040,1,Chennai,2025-05-09,61403.36,SUCCESS,WITHDRAWAL,T Nagar Branch,C9061,Education Fees
T400041,1,Chennai,2025-05-09,7585.96,SUCCESS,WITHDRAWAL,T Nagar Branch,C6212,Medical Expenses
T400042,1,Chennai,2025-05-09,13950.82,SUCCESS,WITHDRAWAL,T Nagar Branch,C3754,Education Fees
T400043,1,Chennai,2025-05-09,60196.03,SUCCESS,WITHDRAWAL,T Nagar Branch,C1370,Travel
T400044,1,Chennai,2025-05-09,37681.02,SUCCESS,WITHDRAWAL,T Nagar Branch,C7962,Loan Payment
T400045,1,Chennai,2025-05-09,38396.19,SUCCESS,TRANSFER,T Nagar Branch,C9393,Others
T400046,1,Chennai,2025-05-09,83123.69,FAILED,WITHDRAWAL,T Nagar Branch,C4851,Travel
T400047,1,Chennai,2025-05-09,51844.74,SUCCESS,WITHDRAWAL,T Nagar Branch,C9215,Others
T400048,1,Chennai,2025-05-09,26673.64,SUCCESS,DEPOSIT,T Nagar Branch,C4328,Loan Payment
T400049,1,Chennai,2025-05-09,83585.38,FAILED,DEPOSIT,T Nagar Branch,C3887,Others
T400050,1,Chennai,2025-05-09,69639.3,FAILED,WITHDRAWAL,T Nagar Branch,C5088,Bill Payment
T400051,1,Chennai,2025-05-09,92438.81,FAILED,TRANSFER,T Nagar Branch,C7910,Medical Expenses
T400052,1,Chennai,2025-05-09,44417.97,FAILED,TRANSFER,T Nagar Branch,C7310,Education Fees
T400053,1,Chennai,2025-05-09,93701.67,FAILED,WITHDRAWAL,T Nagar Branch,C3350,Education Fees
T400054,1,Chennai,2025-05-09,10173.99,FAILED,TRANSFER,T Nagar Branch,C7045,Loan Payment
T400055,1,Chennai,2025-05-09,89961.06,FAILED,DEPOSIT,T Nagar Branch,C4978,Bill Payment
T400056,1,Chennai,2025-05-09,31270.61,SUCCESS,TRANSFER,T Nagar Branch,C2486,Shopping
T400057,1,Chennai,2025-05-09,36296.06,FAILED,DEPOSIT,T Nagar Branch,C9292,Others
T400058,1,Chennai,2025-05-09,35370.91,SUCCESS,DEPOSIT,T Nagar Branch,C2473,Others
T400059,1,Chennai,2025-05-09,7473.64,SUCCESS,DEPOSIT,T Nagar Branch,C3242,Shopping
T400060,1,Chennai,2025-05-09,63666.19,FAILED,DEPOSIT,T Nagar Branch,C3592,Bill Payment
T400061,1,Chennai,2025-05-09,36975.85,SUCCESS,DEPOSIT,T Nagar Branch,C8539,Education Fees
T400062,1,Chennai,2025-05-09,30725.42,SUCCESS,DEPOSIT,T Nagar Branch,C4701,Loan Payment
T400063,1,Chennai,2025-05-09,69241.03,FAILED,WITHDRAWAL,T Nagar Branch,C7501,Travel
T400064,1,Chennai,2025-05-09,16277.44,SUCCESS,WITHDRAWAL,T Nagar Branch,C1691,Bill Payment
T400065,1,Chennai,2025-05-09,71801.25,FAILED,DEPOSIT,T Nagar Branch,C3797,Travel
T400066,1,Chennai,2025-05-09,71566.52,SUCCESS,TRANSFER,T Nagar Branch,C1241,Others
T400067,1,Chennai,2025-05-09,83740.24,SUCCESS,WITHDRAWAL,T Nagar Branch,C3669,Others
T400068,1,Chennai,2025-05-09,70379.74,FAILED,DEPOSIT,T Nagar Branch,C5146,Others
T400069,1,Chennai,2025-05-09,61804.65,SUCCESS,WITHDRAWAL,T Nagar Branch,C4308,Others
T400070,1,Chennai,2025-05-09,56496.33,SUCCESS,DEPOSIT,T Nagar Branch,C2323,Loan Payment
T400071,1,Chennai,2025-05-09,78603.18,SUCCESS,WITHDRAWAL,T Nagar Branch,C2189,Others
T400072,1,Chennai,2025-05-09,91557.62,FAILED,WITHDRAWAL,T Nagar Branch,C2204,Loan Payment
T400073,1,Chennai,2025-05-09,87449.08,SUCCESS,TRANSFER,T Nagar Branch,C5801,Medical Expenses
T400074,1,Chennai,2025-05-09,91425.96,FAILED,DEPOSIT,T Nagar Branch,C8653,Others
T400075,1,Chennai,2025-05-09,61863.55,SUCCESS,DEPOSIT,T Nagar Branch,C5405,Shopping
T400076,1,Chennai,2025-05-09,83824.28,FAILED,DEPOSIT,T Nagar Branch,C4577,Education Fees
T400077,1,Chennai,2025-05-09,52877.86,FAILED,DEPOSIT,T Nagar Branch,C2837,Shopping
T400078,1,Chennai,2025-05-08,31044.1,FAILED,WITHDRAWAL,T Nagar Branch,C5894,Medical Expenses
T400079,1,Chennai,2025-05-08,3310.58,SUCCESS,DEPOSIT,T Nagar Branch,C5262,Travel
T400080,1,Chennai,2025-05-08,68951.1,FAILED,DEPOSIT,T Nagar Branch,C3723,Loan Payment
T400081,1,Chennai,2025-05-08,17732.32,FAILED,TRANSFER,T Nagar Branch,C5617,Travel
T400082,1,Chennai,2025-05-08,65265.53,FAILED,TRANSFER,T Nagar Branch,C4540,Loan Payment
T400083,1,Chennai,2025-05-08,303.95,FAILED,TRANSFER,T Nagar Branch,C1901,Others
T400084,1,Chennai,2025-05-08,10453.0,SUCCESS,DEPOSIT,T Nagar Branch,C3486,Shopping
T400085,1,Chennai,2025-05-08,54935.2,FAILED,DEPOSIT,T Nagar Branch,C1445,Shopping
T400086,1,Chennai,2025-05-08,21147.82,SUCCESS,WITHDRAWAL,T Nagar Branch,C5134,Medical Expenses
T400087,1,Chennai,2025-05-08,39711.23,SUCCESS,TRANSFER,T Nagar Branch,C1065,Medical Expenses
T400088,1,Chennai,2025-05-08,91207.29,SUCCESS,WITHDRAWAL,T Nagar Branch,C4253,Others
T400089,1,Chennai,2025-05-08,33393.47,FAILED,WITHDRAWAL,T Nagar Branch,C4539,Loan Payment
T400090,1,Chennai,2025-05-08,10645.67,FAILED,WITHDRAWAL,T Nagar Branch,C8246,Education Fees
T400091,1,Chennai,2025-05-08,66586.39,SUCCESS,WITHDRAWAL,T Nagar Branch,C8432,Loan Payment
T400092,1,Chennai,2025-05-08,70043.44,SUCCESS,TRANSFER,T Nagar Branch,C6701,Bill Payment
T400093,1,Chennai,2025-05-08,1157.79,FAILED,DEPOSIT,T Nagar Branch,C4906,Travel
T400094,1,Chennai,2025-05-08,48720.42,FAILED,WITHDRAWAL,T Nagar Branch,C7727,Travel
T400095,1,Chennai,2025-05-08,36508.88,FAILED,TRANSFER,T Nagar Branch,C2264,Loan Payment
T400096,1,Chennai,2025-05-08,20327.21,FAILED,WITHDRAWAL,T Nagar Branch,C9212,Education Fees
T400097,1,Chennai,2025-05-08,22759.6,SUCCESS,TRANSFER,T Nagar Branch,C7476,Loan Payment
T400098,1,Chennai,2025-05-08,62132.27,FAILED,WITHDRAWAL,T Nagar Branch,C6830,Bill Payment
T400099,1,Chennai,2025-05-08,66033.98,SUCCESS,WITHDRAWAL,T Nagar Branch,C3750,Shopping
T400100,1,Chennai,2025-05-08,60610.35,SUCCESS,WITHDRAWAL,T Nagar Branch,C8775,Others
T400101,1,Chennai,2025-05-08,14116.26,SUCCESS,DEPOSIT,T Nagar Branch,C8509,Loan Payment
T400102,1,Chennai,2025-05-08,66415.25,SUCCESS,WITHDRAWAL,T Nagar Branch,C7080,Loan Payment
T400103,1,Chennai,2025-05-08,42387.94,SUCCESS,DEPOSIT,T Nagar Branch,C9744,Education Fees
T400104,1,Chennai,2025-05-08,236.79,FAILED,WITHDRAWAL,T Nagar Branch,C9130,Medical Expenses
T400105,1,Chennai,2025-05-08,18090.84,SUCCESS,TRANSFER,T Nagar Branch,C6829,Loan Payment
T400106,1,Chennai,2025-05-08,57872.18,SUCCESS,DEPOSIT,T Nagar Branch,C3588,Loan Payment
T400107,1,Chennai,2025-05-08,65541.56,SUCCESS,WITHDRAWAL,T Nagar Branch,C8123,Loan Payment
T400108,1,Chennai,2025-05-08,25274.59,FAILED,TRANSFER,T Nagar Branch,C7511,Travel
T400109,1,Chennai,2025-05-08,75581.61,FAILED,WITHDRAWAL,T Nagar Branch,C9667,Medical Expenses
T400110,1,Chennai,2025-05-08,33684.81,SUCCESS,WITHDRAWAL,T Nagar Branch,C6578,Bill Payment
T400111,1,Chennai,2025-05-08,54121.37,SUCCESS,WITHDRAWAL,T Nagar Branch,C1556,Loan Payment
T400112,1,Chennai,2025-05-08,84035.05,SUCCESS,TRANSFER,T Nagar Branch,C2613,Education Fees
T400113,1,Chennai,2025-05-08,17335.29,FAILED,WITHDRAWAL,T Nagar Branch,C3940,Travel
T400114,1,Chennai,2025-05-08,20500.55,FAILED,DEPOSIT,T Nagar Branch,C5397,Loan Payment
T400115,1,Chennai,2025-05-08,72891.81,SUCCESS,TRANSFER,T Nagar Branch,C8565,Shopping
T400116,1,Chennai,2025-05-08,36845.43,FAILED,TRANSFER,T Nagar Branch,C8111,Travel
T400117,1,Chennai,2025-05-08,38001.6,FAILED,WITHDRAWAL,T Nagar Branch,C5784,Medical Expenses
T400118,1,Chennai,2025-05-08,22272.29,FAILED,TRANSFER,T Nagar Branch,C1603,Education Fees
T400119,1,Chennai,2025-05-08,20453.59,FAILED,TRANSFER,T Nagar Branch,C4024,Bill Payment
T400120,1,Chennai,2025-05-08,36950.87,FAILED,DEPOSIT,T Nagar Branch,C8212,Bill Payment
T400121,1,Chennai,2025-05-08,88153.14,FAILED,WITHDRAWAL,T Nagar Branch,C3510,Education Fees
T400122,1,Chennai,2025-05-08,38071.8,FAILED,WITHDRAWAL,T Nagar Branch,C2458,Shopping
T400123,1,Chennai,2025-05-08,19765.93,FAILED,WITHDRAWAL,T Nagar Branch,C1696,Education Fees
T400124,1,Chennai,2025-05-08,20931.21,FAILED,TRANSFER,T Nagar Branch,C8297,Education Fees
T400125,1,Chennai,2025-05-08,42744.35,SUCCESS,TRANSFER,T Nagar Branch,C8225,Travel
T400126,1,Chennai,2025-05-08,51639.94,FAILED,TRANSFER,T Nagar Branch,C4598,Shopping
T400127,1,Chennai,2025-05-08,77380.03,FAILED,WITHDRAWAL,T Nagar Branch,C9662,Bill Payment
T400128,1,Chennai,2025-05-08,60537.92,FAILED,DEPOSIT,T Nagar Branch,C9920,Travel
T400129,1,Chennai,2025-05-08,16863.3,FAILED,WITHDRAWAL,T Nagar Branch,C4568,Shopping
T400130,1,Chennai,2025-05-08,22324.88,SUCCESS,TRANSFER,T Nagar Branch,C5146,Education Fees
T400131,1,Chennai,2025-05-08,92380.34,FAILED,TRANSFER,T Nagar Branch,C3879,Bill Payment
T400132,1,Chennai,2025-05-08,53133.72,SUCCESS,DEPOSIT,T Nagar Branch,C1462,Shopping
T400133,1,Chennai,2025-05-08,33168.19,FAILED,TRANSFER,T Nagar Branch,C3435,Loan Payment
T400134,1,Chennai,2025-05-08,36610.8,SUCCESS,TRANSFER,T Nagar Branch,C2440,Medical Expenses
T400135,1,Chennai,2025-05-08,16632.33,SUCCESS,WITHDRAWAL,T Nagar Branch,C8936,Others
T400136,1,Chennai,2025-05-08,75141.08,FAILED,TRANSFER,T Nagar Branch,C1961,Loan Payment
T400137,1,Chennai,2025-05-08,62311.39,FAILED,TRANSFER,T Nagar Branch,C8467,Shopping
T400138,1,Chennai,2025-05-08,38192.87,SUCCESS,DEPOSIT,T Nagar Branch,C7165,Loan Payment
T400139,1,Chennai,2025-05-08,29853.92,FAILED,WITHDRAWAL,T Nagar Branch,C3092,Bill Payment
T400140,1,Chennai,2025-05-08,38352.45,FAILED,DEPOSIT,T Nagar Branch,C1556,Travel
T400141,1,Chennai,2025-05-08,60649.43,SUCCESS,TRANSFER,T Nagar Branch,C6477,Others
T400142,1,Chennai,2025-05-08,98800.59,SUCCESS,WITHDRAWAL,T Nagar Branch,C8055,Medical Expenses
T400143,1,Chennai,2025-05-08,81982.76,SUCCESS,WITHDRAWAL,T Nagar Branch,C5614,Education Fees
T400144,1,Chennai,2025-05-08,58667.32,SUCCESS,DEPOSIT,T Nagar Branch,C7882,Shopping
T400145,1,Chennai,2025-05-08,6145.1,SUCCESS,DEPOSIT,T Nagar Branch,C1237,Education Fees
T400146,1,Chennai,2025-05-08,75662.42,SUCCESS,WITHDRAWAL,T Nagar Branch,C1707,Bill Payment
T400147,1,Chennai,2025-05-08,352.81,SUCCESS,WITHDRAWAL,T Nagar Branch,C8297,Shopping
T400148,1,Chennai,2025-05-08,62062.57,FAILED,TRANSFER,T Nagar Branch,C3186,Shopping
T400149,1,Chennai,2025-05-08,81227.47,SUCCESS,WITHDRAWAL,T Nagar Branch,C4504,Medical Expenses
T400150,1,Chennai,2025-05-08,91314.5,SUCCESS,TRANSFER,T Nagar Branch,C1397,Medical Expenses
T400151,1,Chennai,2025-05-08,89037.9,FAILED,TRANSFER,T Nagar Branch,C2993,Loan Payment
T400152,1,Chennai,2025-05-08,9467.32,SUCCESS,WITHDRAWAL,T Nagar Branch,C5731,Travel
T400153,1,Chennai,2025-05-08,19510.49,SUCCESS,TRANSFER,T Nagar Branch,C7488,Loan Payment
T400154,1,Chennai,2025-05-08,330.79,SUCCESS,WITHDRAWAL,T Nagar Branch,C8183,Bill Payment
T400155,1,Chennai,2025-05-08,26797.18,SUCCESS,DEPOSIT,T Nagar Branch,C2704,Travel
T400156,1,Chennai,2025-05-08,43920.99,SUCCESS,WITHDRAWAL,T Nagar Branch,C3647,Loan Payment
T400157,1,Chennai,2025-05-08,32786.88,SUCCESS,DEPOSIT,T Nagar Branch,C4869,Medical Expenses
T400158,1,Chennai,2025-05-08,43354.6,SUCCESS,WITHDRAWAL,T Nagar Branch,C5016,Shopping
T400159,1,Chennai,2025-05-08,46673.9,SUCCESS,TRANSFER,T Nagar Branch,C5974,Bill Payment
T400160,1,Chennai,2025-05-08,7278.89,FAILED,TRANSFER,T Nagar Branch,C8834,Education Fees
T400161,1,Chennai,2025-05-07,13774.65,FAILED,TRANSFER,T Nagar Branch,C4392,Education Fees
T400162,1,Chennai,2025-05-07,22026.13,FAILED,WITHDRAWAL,T Nagar Branch,C2461,Education Fees
T400163,1,Chennai,2025-05-07,96327.45,SUCCESS,TRANSFER,T Nagar Branch,C5355,Education Fees
T400164,1,Chennai,2025-05-07,57464.79,FAILED,DEPOSIT,T Nagar Branch,C4698,Shopping
T400165,1,Chennai,2025-05-07,26036.72,SUCCESS,TRANSFER,T Nagar Branch,C1717,Bill Payment
T400166,1,Chennai,2025-05-07,58579.02,SUCCESS,WITHDRAWAL,T Nagar Branch,C4187,Education Fees
T400167,1,Chennai,2025-05-07,24961.09,SUCCESS,DEPOSIT,T Nagar Branch,C8809,Travel
T400168,1,Chennai,2025-05-07,11870.06,SUCCESS,WITHDRAWAL,T Nagar Branch,C6765,Bill Payment
T400169,1,Chennai,2025-05-07,93765.68,FAILED,TRANSFER,T Nagar Branch,C9141,Shopping
T400170,1,Chennai,2025-05-07,3390.26,FAILED,DEPOSIT,T Nagar Branch,C9646,Shopping
T400171,1,Chennai,2025-05-07,92539.67,FAILED,DEPOSIT,T Nagar Branch,C7778,Medical Expenses
T400172,1,Chennai,2025-05-07,53327.79,FAILED,DEPOSIT,T Nagar Branch,C4891,Travel
T400173,1,Chennai,2025-05-07,30270.43,FAILED,DEPOSIT,T Nagar Branch,C6200,Bill Payment
T400174,1,Chennai,2025-05-07,39950.43,FAILED,TRANSFER,T Nagar Branch,C2723,Loan Payment
T400175,1,Chennai,2025-05-07,32699.25,FAILED,DEPOSIT,T Nagar Branch,C5221,Others
T400176,1,Chennai,2025-05-07,1210.42,SUCCESS,DEPOSIT,T Nagar Branch,C5734,Others
T400177,1,Chennai,2025-05-07,87564.92,FAILED,TRANSFER,T Nagar Branch,C3238,Education Fees
T400178,1,Chennai,2025-05-07,99732.01,FAILED,WITHDRAWAL,T Nagar Branch,C6292,Others
T400179,1,Chennai,2025-05-07,36004.66,FAILED,WITHDRAWAL,T Nagar Branch,C2953,Loan Payment
T400180,1,Chennai,2025-05-07,38628.49,FAILED,DEPOSIT,T Nagar Branch,C2970,Loan Payment
T400181,1,Chennai,2025-05-07,87529.32,FAILED,TRANSFER,T Nagar Branch,C6415,Loan Payment
T400182,1,Chennai,2025-05-07,30166.08,FAILED,TRANSFER,T Nagar Branch,C8850,Medical Expenses
T400183,1,Chennai,2025-05-07,58441.83,FAILED,WITHDRAWAL,T Nagar Branch,C7422,Loan Payment
T400184,1,Chennai,2025-05-07,1946.32,SUCCESS,TRANSFER,T Nagar Branch,C9870,Medical Expenses
T400185,1,Chennai,2025-05-07,57191.56,SUCCESS,TRANSFER,T Nagar Branch,C6741,Shopping
T400186,1,Chennai,2025-05-07,24565.75,FAILED,WITHDRAWAL,T Nagar Branch,C1983,Others
T400187,1,Chennai,2025-05-07,2911.71,FAILED,DEPOSIT,T Nagar Branch,C6348,Bill Payment
T400188,1,Chennai,2025-05-07,46410.09,SUCCESS,TRANSFER,T Nagar Branch,C5058,Medical Expenses
T400189,1,Chennai,2025-05-07,41234.6,SUCCESS,WITHDRAWAL,T Nagar Branch,C9502,Medical Expenses
T400190,1,Chennai,2025-05-07,69507.15,SUCCESS,TRANSFER,T Nagar Branch,C1393,Medical Expenses
T400191,1,Chennai,2025-05-07,15040.84,FAILED,TRANSFER,T Nagar Branch,C6118,Medical Expenses
T400192,1,Chennai,2025-05-07,35311.22,FAILED,DEPOSIT,T Nagar Branch,C6701,Bill Payment
T400193,1,Chennai,2025-05-07,1299.63,FAILED,DEPOSIT,T Nagar Branch,C4055,Bill Payment
T400194,1,Chennai,2025-05-07,95812.5,FAILED,TRANSFER,T Nagar Branch,C1801,Travel
T400195,1,Chennai,2025-05-07,61531.73,FAILED,WITHDRAWAL,T Nagar Branch,C3874,Bill Payment
T400196,1,Chennai,2025-05-07,59603.14,FAILED,WITHDRAWAL,T Nagar Branch,C4345,Bill Payment
T400197,1,Chennai,2025-05-07,37567.27,FAILED,WITHDRAWAL,T Nagar Branch,C1923,Shopping
T400198,1,Chennai,2025-05-07,52845.97,SUCCESS,DEPOSIT,T Nagar Branch,C7928,Bill Payment
T400199,1,Chennai,2025-05-07,76957.03,FAILED,DEPOSIT,T Nagar Branch,C5716,Medical Expenses
T400200,1,Chennai,2025-05-07,3094.85,FAILED,TRANSFER,T Nagar Branch,C2021,Education Fees
T400201,1,Chennai,2025-05-07,22896.39,FAILED,DEPOSIT,T Nagar Branch,C1424,Bill Payment
T400202,1,Chennai,2025-05-07,48574.44,SUCCESS,DEPOSIT,T Nagar Branch,C5275,Education Fees
T400203,1,Chennai,2025-05-07,54656.29,FAILED,WITHDRAWAL,T Nagar Branch,C5130,Bill Payment
T400204,1,Chennai,2025-05-07,48041.71,SUCCESS,WITHDRAWAL,T Nagar Branch,C2991,Travel
T400205,1,Chennai,2025-05-07,70658.18,SUCCESS,TRANSFER,T Nagar Branch,C1171,Others
T400206,1,Chennai,2025-05-07,44171.3,SUCCESS,TRANSFER,T Nagar Branch,C7421,Travel
T400207,1,Chennai,2025-05-07,54413.85,SUCCESS,DEPOSIT,T Nagar Branch,C9184,Shopping
T400208,1,Chennai,2025-05-07,49656.72,FAILED,WITHDRAWAL,T Nagar Branch,C9698,Medical Expenses
T400209,1,Chennai,2025-05-07,8191.66,FAILED,WITHDRAWAL,T Nagar Branch,C6973,Travel
T400210,1,Chennai,2025-05-07,95489.19,SUCCESS,WITHDRAWAL,T Nagar Branch,C2941,Bill Payment
T400211,1,Chennai,2025-05-07,98091.41,SUCCESS,WITHDRAWAL,T Nagar Branch,C5657,Travel
T400212,1,Chennai,2025-05-07,67527.61,FAILED,TRANSFER,T Nagar Branch,C8072,Medical Expenses
T400213,1,Chennai,2025-05-07,39527.07,FAILED,WITHDRAWAL,T Nagar Branch,C9846,Shopping
T400214,1,Chennai,2025-05-07,60559.22,SUCCESS,TRANSFER,T Nagar Branch,C5903,Medical Expenses
T400215,1,Chennai,2025-05-07,53032.27,FAILED,DEPOSIT,T Nagar Branch,C1406,Education Fees
T400216,1,Chennai,2025-05-07,71636.55,SUCCESS,DEPOSIT,T Nagar Branch,C4079,Medical Expenses
T400217,1,Chennai,2025-05-07,18657.24,SUCCESS,TRANSFER,T Nagar Branch,C7530,Shopping
T400218,1,Chennai,2025-05-07,5142.41,SUCCESS,TRANSFER,T Nagar Branch,C6658,Others
T400219,1,Chennai,2025-05-07,93934.24,SUCCESS,TRANSFER,T Nagar Branch,C7062,Loan Payment
T400220,1,Chennai,2025-05-07,35944.54,SUCCESS,DEPOSIT,T Nagar Branch,C1434,Medical Expenses
T400221,1,Chennai,2025-05-07,33029.46,FAILED,WITHDRAWAL,T Nagar Branch,C4414,Travel
T400222,1,Chennai,2025-05-07,44582.98,SUCCESS,WITHDRAWAL,T Nagar Branch,C9213,Loan Payment
T400223,1,Chennai,2025-05-07,8113.15,FAILED,DEPOSIT,T Nagar Branch,C1091,Others
T400224,1,Chennai,2025-05-07,74476.84,SUCCESS,DEPOSIT,T Nagar Branch,C9756,Travel
T400225,1,Chennai,2025-05-07,37739.43,SUCCESS,WITHDRAWAL,T Nagar Branch,C6651,Loan Payment
T400226,1,Chennai,2025-05-07,55934.62,SUCCESS,TRANSFER,T Nagar Branch,C9626,Shopping
T400227,1,Chennai,2025-05-07,62569.54,SUCCESS,TRANSFER,T Nagar Branch,C9271,Shopping
T400228,1,Chennai,2025-05-07,74428.86,SUCCESS,WITHDRAWAL,T Nagar Branch,C7616,Education Fees
T400229,1,Chennai,2025-05-07,25446.78,FAILED,WITHDRAWAL,T Nagar Branch,C1863,Education Fees
T400230,1,Chennai,2025-05-07,52088.58,SUCCESS,WITHDRAWAL,T Nagar Branch,C3685,Shopping
T400231,1,Chennai,2025-05-07,68264.32,SUCCESS,WITHDRAWAL,T Nagar Branch,C7818,Travel
T400232,1,Chennai,2025-05-07,23219.67,FAILED,DEPOSIT,T Nagar Branch,C9478,Travel
T400233,1,Chennai,2025-05-07,50237.15,FAILED,WITHDRAWAL,T Nagar Branch,C4112,Travel
T400234,1,Chennai,2025-05-07,92712.01,SUCCESS,DEPOSIT,T Nagar Branch,C8265,Loan Payment
T400235,1,Chennai,2025-05-07,36503.18,SUCCESS,TRANSFER,T Nagar Branch,C7106,Others
T400236,1,Chennai,2025-05-06,29453.33,SUCCESS,TRANSFER,T Nagar Branch,C6928,Medical Expenses
T400237,1,Chennai,2025-05-06,50131.23,FAILED,TRANSFER,T Nagar Branch,C6292,Education Fees
T400238,1,Chennai,2025-05-06,19807.96,FAILED,WITHDRAWAL,T Nagar Branch,C5860,Others
T400239,1,Chennai,2025-05-06,1080.64,FAILED,DEPOSIT,T Nagar Branch,C1563,Education Fees
T400240,1,Chennai,2025-05-06,97942.28,SUCCESS,DEPOSIT,T Nagar Branch,C4276,Loan Payment
T400241,1,Chennai,2025-05-06,73859.38,SUCCESS,WITHDRAWAL,T Nagar Branch,C5145,Medical Expenses
T400242,1,Chennai,2025-05-06,61430.9,FAILED,TRANSFER,T Nagar Branch,C2323,Shopping
T400243,1,Chennai,2025-05-06,5141.34,FAILED,TRANSFER,T Nagar Branch,C2526,Education Fees
T400244,1,Chennai,2025-05-06,27630.79,SUCCESS,TRANSFER,T Nagar Branch,C5913,Others
T400245,1,Chennai,2025-05-06,98881.17,FAILED,TRANSFER,T Nagar Branch,C3079,Bill Payment
T400246,1,Chennai,2025-05-06,38834.79,SUCCESS,DEPOSIT,T Nagar Branch,C9359,Travel
T400247,1,Chennai,2025-05-06,96457.43,SUCCESS,DEPOSIT,T Nagar Branch,C4934,Others
T400248,1,Chennai,2025-05-06,82597.84,FAILED,TRANSFER,T Nagar Branch,C1022,Loan Payment
T400249,1,Chennai,2025-05-06,47110.89,SUCCESS,DEPOSIT,T Nagar Branch,C3191,Bill Payment
T400250,1,Chennai,2025-05-06,37507.04,SUCCESS,TRANSFER,T Nagar Branch,C5309,Loan Payment
T400251,1,Chennai,2025-05-06,65666.39,SUCCESS,TRANSFER,T Nagar Branch,C2536,Travel
T400252,1,Chennai,2025-05-06,39879.77,FAILED,DEPOSIT,T Nagar Branch,C1232,Education Fees
T400253,1,Chennai,2025-05-06,66797.52,SUCCESS,TRANSFER,T Nagar Branch,C5128,Bill Payment
T400254,1,Chennai,2025-05-06,25729.33,FAILED,DEPOSIT,T Nagar Branch,C6477,Shopping
T400255,1,Chennai,2025-05-06,72524.98,FAILED,DEPOSIT,T Nagar Branch,C1054,Medical Expenses
T400256,1,Chennai,2025-05-06,98295.51,FAILED,WITHDRAWAL,T Nagar Branch,C9098,Shopping
T400257,1,Chennai,2025-05-06,47593.99,SUCCESS,DEPOSIT,T Nagar Branch,C8055,Travel
T400258,1,Chennai,2025-05-06,23983.47,FAILED,DEPOSIT,T Nagar Branch,C2623,Loan Payment
T400259,1,Chennai,2025-05-06,63231.89,FAILED,WITHDRAWAL,T Nagar Branch,C7262,Education Fees
T400260,1,Chennai,2025-05-06,61977.81,FAILED,TRANSFER,T Nagar Branch,C4665,Loan Payment
T400261,1,Chennai,2025-05-06,58924.43,SUCCESS,DEPOSIT,T Nagar Branch,C4781,Shopping
T400262,1,Chennai,2025-05-06,27451.1,FAILED,DEPOSIT,T Nagar Branch,C5780,Bill Payment
T400263,1,Chennai,2025-05-06,21116.74,FAILED,WITHDRAWAL,T Nagar Branch,C4111,Loan Payment
T400264,1,Chennai,2025-05-06,6917.38,SUCCESS,WITHDRAWAL,T Nagar Branch,C1427,Shopping
T400265,1,Chennai,2025-05-06,67790.47,FAILED,DEPOSIT,T Nagar Branch,C3023,Shopping
T400266,1,Chennai,2025-05-06,18100.9,SUCCESS,TRANSFER,T Nagar Branch,C3246,Medical Expenses
T400267,1,Chennai,2025-05-06,11986.43,SUCCESS,TRANSFER,T Nagar Branch,C1838,Shopping
T400268,1,Chennai,2025-05-06,35546.39,FAILED,WITHDRAWAL,T Nagar Branch,C7197,Medical Expenses
T400269,1,Chennai,2025-05-06,5482.76,SUCCESS,TRANSFER,T Nagar Branch,C7345,Travel
T400270,1,Chennai,2025-05-06,64620.25,SUCCESS,TRANSFER,T Nagar Branch,C1489,Bill Payment
T400271,1,Chennai,2025-05-06,38466.01,SUCCESS,WITHDRAWAL,T Nagar Branch,C8853,Education Fees
T400272,1,Chennai,2025-05-06,57072.58,SUCCESS,WITHDRAWAL,T Nagar Branch,C5827,Bill Payment
T400273,1,Chennai,2025-05-06,18445.91,FAILED,DEPOSIT,T Nagar Branch,C3707,Travel
T400274,1,Chennai,2025-05-06,21749.51,FAILED,DEPOSIT,T Nagar Branch,C2394,Education Fees
T400275,1,Chennai,2025-05-06,57177.9,FAILED,TRANSFER,T Nagar Branch,C7931,Medical Expenses
T400276,1,Chennai,2025-05-06,24526.73,SUCCESS,TRANSFER,T Nagar Branch,C7557,Travel
T400277,1,Chennai,2025-05-06,77950.54,FAILED,TRANSFER,T Nagar Branch,C2028,Others
T400278,1,Chennai,2025-05-06,96774.98,FAILED,WITHDRAWAL,T Nagar Branch,C1081,Education Fees
T400279,1,Chennai,2025-05-06,76084.04,FAILED,TRANSFER,T Nagar Branch,C7463,Others
T400280,1,Chennai,2025-05-06,75424.44,FAILED,DEPOSIT,T Nagar Branch,C7791,Others
T400281,1,Chennai,2025-05-06,25169.54,FAILED,TRANSFER,T Nagar Branch,C5637,Education Fees
T400282,1,Chennai,2025-05-06,97572.54,SUCCESS,DEPOSIT,T Nagar Branch,C4730,Medical Expenses
T400283,1,Chennai,2025-05-06,90599.79,SUCCESS,DEPOSIT,T Nagar Branch,C7762,Bill Payment
T400284,1,Chennai,2025-05-06,47980.53,FAILED,TRANSFER,T Nagar Branch,C8184,Loan Payment
T400285,1,Chennai,2025-05-06,29239.06,SUCCESS,TRANSFER,T Nagar Branch,C1202,Travel
T400286,1,Chennai,2025-05-06,41973.98,SUCCESS,DEPOSIT,T Nagar Branch,C7995,Others
T400287,1,Chennai,2025-05-06,92312.36,FAILED,DEPOSIT,T Nagar Branch,C2026,Medical Expenses
T400288,1,Chennai,2025-05-06,951.46,FAILED,DEPOSIT,T Nagar Branch,C8391,Travel
T400289,1,Chennai,2025-05-06,93313.88,SUCCESS,TRANSFER,T Nagar Branch,C1596,Education Fees
T400290,1,Chennai,2025-05-06,62898.92,SUCCESS,TRANSFER,T Nagar Branch,C6207,Medical Expenses
T400291,1,Chennai,2025-05-06,35772.1,SUCCESS,TRANSFER,T Nagar Branch,C4255,Others
T400292,1,Chennai,2025-05-06,80813.44,FAILED,TRANSFER,T Nagar Branch,C2637,Medical Expenses
T400293,1,Chennai,2025-05-06,56046.09,FAILED,TRANSFER,T Nagar Branch,C3848,Loan Payment
T400294,1,Chennai,2025-05-06,14313.33,SUCCESS,TRANSFER,T Nagar Branch,C3792,Loan Payment
T400295,1,Chennai,2025-05-06,18715.81,FAILED,TRANSFER,T Nagar Branch,C9791,Education Fees
T400296,1,Chennai,2025-05-06,17579.68,SUCCESS,TRANSFER,T Nagar Branch,C1906,Bill Payment
T400297,1,Chennai,2025-05-06,56256.41,FAILED,DEPOSIT,T Nagar Branch,C1725,Travel
T400298,1,Chennai,2025-05-06,79389.35,FAILED,WITHDRAWAL,T Nagar Branch,C9464,Loan Payment
T400299,1,Chennai,2025-05-06,44472.55,FAILED,WITHDRAWAL,T Nagar Branch,C5384,Education Fees
T400300,1,Chennai,2025-05-06,29455.89,FAILED,TRANSFER,T Nagar Branch,C3326,Others
T400301,1,Chennai,2025-05-06,52719.84,SUCCESS,DEPOSIT,T Nagar Branch,C6980,Bill Payment
T400302,1,Chennai,2025-05-06,36787.96,FAILED,TRANSFER,T Nagar Branch,C1972,Bill Payment
T400303,1,Chennai,2025-05-06,25273.52,SUCCESS,TRANSFER,T Nagar Branch,C6865,Shopping
T400304,1,Chennai,2025-05-06,57686.46,FAILED,TRANSFER,T Nagar Branch,C2539,Bill Payment
T400305,1,Chennai,2025-05-06,15227.21,FAILED,WITHDRAWAL,T Nagar Branch,C9086,Shopping
T400306,1,Chennai,2025-05-06,78757.48,SUCCESS,DEPOSIT,T Nagar Branch,C7401,Medical Expenses
T400307,1,Chennai,2025-05-06,97701.79,SUCCESS,TRANSFER,T Nagar Branch,C3541,Loan Payment
T400308,1,Chennai,2025-05-06,47842.53,FAILED,TRANSFER,T Nagar Branch,C1481,Loan Payment
T400309,1,Chennai,2025-05-06,5002.79,FAILED,WITHDRAWAL,T Nagar Branch,C6326,Travel
T400310,1,Chennai,2025-05-06,73173.79,SUCCESS,WITHDRAWAL,T Nagar Branch,C5043,Education Fees
T400311,1,Chennai,2025-05-06,62525.12,FAILED,WITHDRAWAL,T Nagar Branch,C6836,Others
T400312,1,Chennai,2025-05-06,16806.34,SUCCESS,DEPOSIT,T Nagar Branch,C6812,Bill Payment
T400313,1,Chennai,2025-05-06,4585.64,SUCCESS,TRANSFER,T Nagar Branch,C3241,Medical Expenses
T400314,1,Chennai,2025-05-06,35889.26,SUCCESS,TRANSFER,T Nagar Branch,C2226,Shopping
T400315,1,Chennai,2025-05-06,37288.43,SUCCESS,DEPOSIT,T Nagar Branch,C9562,Loan Payment
T400316,1,Chennai,2025-05-06,82788.94,SUCCESS,WITHDRAWAL,T Nagar Branch,C5768,Education Fees
T400317,1,Chennai,2025-05-06,4231.56,SUCCESS,DEPOSIT,T Nagar Branch,C6804,Others
T400318,1,Chennai,2025-05-06,23182.62,SUCCESS,WITHDRAWAL,T Nagar Branch,C2593,Bill Payment
T400319,1,Chennai,2025-05-06,30886.54,SUCCESS,TRANSFER,T Nagar Branch,C9839,Shopping
T400320,1,Chennai,2025-05-06,3242.97,FAILED,WITHDRAWAL,T Nagar Branch,C5742,Travel
T400321,1,Chennai,2025-05-06,2286.71,FAILED,WITHDRAWAL,T Nagar Branch,C3270,Education Fees
T400322,1,Chennai,2025-05-06,98322.83,SUCCESS,TRANSFER,T Nagar Branch,C5269,Medical Expenses
T400323,1,Chennai,2025-05-06,99219.0,FAILED,WITHDRAWAL,T Nagar Branch,C7232,Shopping
T400324,1,Chennai,2025-05-06,21070.55,FAILED,WITHDRAWAL,T Nagar Branch,C9650,Medical Expenses
T400325,1,Chennai,2025-05-06,75142.84,FAILED,DEPOSIT,T Nagar Branch,C4354,Education Fees
T400326,1,Chennai,2025-05-06,78527.0,SUCCESS,WITHDRAWAL,T Nagar Branch,C2216,Travel
T400327,1,Chennai,2025-05-06,73067.24,FAILED,TRANSFER,T Nagar Branch,C2468,Loan Payment
T400328,1,Chennai,2025-05-06,68762.12,FAILED,WITHDRAWAL,T Nagar Branch,C2076,Education Fees
T400329,1,Chennai,2025-05-06,47817.6,FAILED,TRANSFER,T Nagar Branch,C5533,Shopping
T400330,1,Chennai,2025-05-06,1045.98,FAILED,DEPOSIT,T Nagar Branch,C1626,Others
T400331,1,Chennai,2025-05-06,29699.54,FAILED,WITHDRAWAL,T Nagar Branch,C4756,Travel
T400332,1,Chennai,2025-05-06,46715.92,SUCCESS,DEPOSIT,T Nagar Branch,C5957,Travel
T400333,1,Chennai,2025-05-06,61517.97,FAILED,WITHDRAWAL,T Nagar Branch,C5887,Loan Payment
T400334,1,Chennai,2025-05-05,8032.82,SUCCESS,WITHDRAWAL,T Nagar Branch,C1431,Education Fees
T400335,1,Chennai,2025-05-05,29648.56,SUCCESS,DEPOSIT,T Nagar Branch,C3679,Medical Expenses
T400336,1,Chennai,2025-05-05,81362.45,FAILED,TRANSFER,T Nagar Branch,C2830,Shopping
T400337,1,Chennai,2025-05-05,16514.07,SUCCESS,DEPOSIT,T Nagar Branch,C3801,Bill Payment
T400338,1,Chennai,2025-05-05,27648.1,SUCCESS,DEPOSIT,T Nagar Branch,C9992,Bill Payment
T400339,1,Chennai,2025-05-05,48841.22,SUCCESS,WITHDRAWAL,T Nagar Branch,C5597,Others
T400340,1,Chennai,2025-05-05,84112.12,FAILED,WITHDRAWAL,T Nagar Branch,C8963,Shopping
T400341,1,Chennai,2025-05-05,92180.81,SUCCESS,TRANSFER,T Nagar Branch,C8803,Shopping
T400342,1,Chennai,2025-05-05,47904.48,SUCCESS,TRANSFER,T Nagar Branch,C5537,Travel
T400343,1,Chennai,2025-05-05,23751.1,FAILED,DEPOSIT,T Nagar Branch,C2037,Bill Payment
T400344,1,Chennai,2025-05-05,52277.39,FAILED,TRANSFER,T Nagar Branch,C4195,Travel
T400345,1,Chennai,2025-05-05,48383.41,FAILED,TRANSFER,T Nagar Branch,C8308,Others
T400346,1,Chennai,2025-05-05,2098.37,SUCCESS,WITHDRAWAL,T Nagar Branch,C5861,Travel
T400347,1,Chennai,2025-05-05,29387.26,FAILED,WITHDRAWAL,T Nagar Branch,C7146,Medical Expenses
T400348,1,Chennai,2025-05-05,75635.36,FAILED,TRANSFER,T Nagar Branch,C4696,Medical Expenses
T400349,1,Chennai,2025-05-05,57260.77,FAILED,WITHDRAWAL,T Nagar Branch,C1260,Travel
T400350,1,Chennai,2025-05-05,22521.3,FAILED,WITHDRAWAL,T Nagar Branch,C6525,Others
T400351,1,Chennai,2025-05-05,15187.82,SUCCESS,WITHDRAWAL,T Nagar Branch,C6527,Shopping
T400352,1,Chennai,2025-05-05,19983.14,FAILED,WITHDRAWAL,T Nagar Branch,C8407,Bill Payment
T400353,1,Chennai,2025-05-05,66641.49,FAILED,WITHDRAWAL,T Nagar Branch,C4629,Education Fees
T400354,1,Chennai,2025-05-05,67738.97,FAILED,DEPOSIT,T Nagar Branch,C2066,Medical Expenses
T400355,1,Chennai,2025-05-05,60786.99,FAILED,WITHDRAWAL,T Nagar Branch,C2500,Loan Payment
T400356,1,Chennai,2025-05-05,37673.97,SUCCESS,WITHDRAWAL,T Nagar Branch,C3304,Others
T400357,1,Chennai,2025-05-05,65457.67,FAILED,TRANSFER,T Nagar Branch,C6522,Bill Payment
T400358,1,Chennai,2025-05-05,5959.86,FAILED,WITHDRAWAL,T Nagar Branch,C9646,Others
T400359,1,Chennai,2025-05-05,30390.69,SUCCESS,WITHDRAWAL,T Nagar Branch,C4918,Travel
T400360,1,Chennai,2025-05-05,82631.84,SUCCESS,WITHDRAWAL,T Nagar Branch,C7318,Travel
T400361,1,Chennai,2025-05-05,63736.56,SUCCESS,TRANSFER,T Nagar Branch,C2101,Shopping
T400362,1,Chennai,2025-05-05,31756.13,FAILED,DEPOSIT,T Nagar Branch,C3755,Shopping
T400363,1,Chennai,2025-05-05,1849.02,FAILED,TRANSFER,T Nagar Branch,C7382,Others
T400364,1,Chennai,2025-05-05,87452.8,SUCCESS,DEPOSIT,T Nagar Branch,C6017,Travel
T400365,1,Chennai,2025-05-05,37345.43,FAILED,DEPOSIT,T Nagar Branch,C2116,Shopping
T400366,1,Chennai,2025-05-05,46639.72,FAILED,DEPOSIT,T Nagar Branch,C3042,Bill Payment
T400367,1,Chennai,2025-05-05,79837.59,FAILED,DEPOSIT,T Nagar Branch,C2933,Others
T400368,1,Chennai,2025-05-05,11810.57,SUCCESS,TRANSFER,T Nagar Branch,C1987,Medical Expenses
T400369,1,Chennai,2025-05-05,71630.25,FAILED,DEPOSIT,T Nagar Branch,C7933,Others
T400370,1,Chennai,2025-05-05,98871.54,SUCCESS,TRANSFER,T Nagar Branch,C8994,Education Fees
T400371,1,Chennai,2025-05-05,47022.07,SUCCESS,TRANSFER,T Nagar Branch,C6675,Bill Payment
T400372,1,Chennai,2025-05-05,20463.76,SUCCESS,DEPOSIT,T Nagar Branch,C1296,Bill Payment
T400373,1,Chennai,2025-05-05,93452.12,SUCCESS,TRANSFER,T Nagar Branch,C8976,Travel
T400374,1,Chennai,2025-05-05,41677.04,FAILED,WITHDRAWAL,T Nagar Branch,C3298,Loan Payment
T400375,1,Chennai,2025-05-05,68940.67,SUCCESS,TRANSFER,T Nagar Branch,C2808,Shopping
T400376,1,Chennai,2025-05-05,91163.78,SUCCESS,WITHDRAWAL,T Nagar Branch,C2068,Education Fees
T400377,1,Chennai,2025-05-05,47110.19,FAILED,WITHDRAWAL,T Nagar Branch,C5287,Shopping
T400378,1,Chennai,2025-05-05,83907.64,FAILED,DEPOSIT,T Nagar Branch,C7996,Travel
T400379,1,Chennai,2025-05-05,75807.54,SUCCESS,TRANSFER,T Nagar Branch,C5088,Shopping
T400380,1,Chennai,2025-05-05,27728.76,FAILED,TRANSFER,T Nagar Branch,C9063,Others
T400381,1,Chennai,2025-05-05,2754.26,SUCCESS,DEPOSIT,T Nagar Branch,C7072,Others
T400382,1,Chennai,2025-05-05,78904.67,SUCCESS,TRANSFER,T Nagar Branch,C2740,Education Fees
T400383,1,Chennai,2025-05-05,79572.73,SUCCESS,TRANSFER,T Nagar Branch,C9114,Education Fees
T400384,1,Chennai,2025-05-05,97255.63,FAILED,DEPOSIT,T Nagar Branch,C7938,Travel
T400385,1,Chennai,2025-05-05,71168.28,FAILED,WITHDRAWAL,T Nagar Branch,C6228,Shopping
T400386,1,Chennai,2025-05-05,80994.27,SUCCESS,DEPOSIT,T Nagar Branch,C8919,Bill Payment
T400387,1,Chennai,2025-05-05,45273.32,FAILED,WITHDRAWAL,T Nagar Branch,C3009,Travel
T400388,1,Chennai,2025-05-05,86587.97,SUCCESS,DEPOSIT,T Nagar Branch,C1442,Shopping
T400389,1,Chennai,2025-05-05,75525.42,SUCCESS,TRANSFER,T Nagar Branch,C8598,Education Fees
T400390,1,Chennai,2025-05-05,62142.04,FAILED,TRANSFER,T Nagar Branch,C8413,Bill Payment
T400391,1,Chennai,2025-05-05,54406.29,SUCCESS,DEPOSIT,T Nagar Branch,C5060,Bill Payment
T400392,1,Chennai,2025-05-05,82574.93,SUCCESS,DEPOSIT,T Nagar Branch,C9607,Medical Expenses
T400393,1,Chennai,2025-05-05,73763.58,FAILED,WITHDRAWAL,T Nagar Branch,C5535,Loan Payment
T400394,1,Chennai,2025-05-05,32324.13,SUCCESS,WITHDRAWAL,T Nagar Branch,C3558,Loan Payment
T400395,1,Chennai,2025-05-05,56370.63,SUCCESS,TRANSFER,T Nagar Branch,C1126,Medical Expenses
T400396,1,Chennai,2025-05-05,59216.88,SUCCESS,DEPOSIT,T Nagar Branch,C4803,Others
T400397,1,Chennai,2025-05-05,50303.43,FAILED,DEPOSIT,T Nagar Branch,C8281,Others
T400398,1,Chennai,2025-05-05,17981.95,FAILED,TRANSFER,T Nagar Branch,C2892,Medical Expenses
T400399,1,Chennai,2025-05-05,8280.45,FAILED,WITHDRAWAL,T Nagar Branch,C7359,Others
T400400,1,Chennai,2025-05-05,18256.53,SUCCESS,TRANSFER,T Nagar Branch,C4970,Bill Payment
T400401,1,Chennai,2025-05-05,40860.97,FAILED,DEPOSIT,T Nagar Branch,C1198,Bill Payment
T400402,1,Chennai,2025-05-05,89760.65,SUCCESS,TRANSFER,T Nagar Branch,C6882,Bill Payment
T400403,1,Chennai,2025-05-05,53458.58,SUCCESS,WITHDRAWAL,T Nagar Branch,C3799,Medical Expenses
T400404,1,Chennai,2025-05-05,49409.9,FAILED,WITHDRAWAL,T Nagar Branch,C1628,Education Fees
T400405,1,Chennai,2025-05-05,78216.85,SUCCESS,DEPOSIT,T Nagar Branch,C2668,Medical Expenses
T400406,1,Chennai,2025-05-05,15895.74,FAILED,DEPOSIT,T Nagar Branch,C7927,Travel
T400407,1,Chennai,2025-05-05,56692.56,FAILED,DEPOSIT,T Nagar Branch,C2575,Education Fees
T400408,1,Chennai,2025-05-04,52962.46,FAILED,DEPOSIT,T Nagar Branch,C8974,Bill Payment
T400409,1,Chennai,2025-05-04,80791.62,FAILED,DEPOSIT,T Nagar Branch,C4807,Shopping
T400410,1,Chennai,2025-05-04,39786.3,SUCCESS,DEPOSIT,T Nagar Branch,C2989,Medical Expenses
T400411,1,Chennai,2025-05-04,51473.93,SUCCESS,TRANSFER,T Nagar Branch,C9761,Bill Payment
T400412,1,Chennai,2025-05-04,56870.66,SUCCESS,WITHDRAWAL,T Nagar Branch,C3399,Shopping
T400413,1,Chennai,2025-05-04,34063.84,FAILED,TRANSFER,T Nagar Branch,C3265,Travel
T400414,1,Chennai,2025-05-04,93462.22,FAILED,WITHDRAWAL,T Nagar Branch,C6611,Shopping
T400415,1,Chennai,2025-05-04,96527.28,FAILED,TRANSFER,T Nagar Branch,C1337,Shopping
T400416,1,Chennai,2025-05-04,48107.93,FAILED,DEPOSIT,T Nagar Branch,C3535,Loan Payment
T400417,1,Chennai,2025-05-04,99193.29,FAILED,WITHDRAWAL,T Nagar Branch,C2152,Education Fees
T400418,1,Chennai,2025-05-04,81715.2,FAILED,TRANSFER,T Nagar Branch,C2391,Others
T400419,1,Chennai,2025-05-04,92709.42,SUCCESS,WITHDRAWAL,T Nagar Branch,C7775,Bill Payment
T400420,1,Chennai,2025-05-04,66677.13,SUCCESS,TRANSFER,T Nagar Branch,C1713,Loan Payment
T400421,1,Chennai,2025-05-04,6575.09,SUCCESS,DEPOSIT,T Nagar Branch,C2341,Shopping
T400422,1,Chennai,2025-05-04,8989.88,FAILED,TRANSFER,T Nagar Branch,C2310,Education Fees
T400423,1,Chennai,2025-05-04,77263.89,FAILED,DEPOSIT,T Nagar Branch,C6811,Others
T400424,1,Chennai,2025-05-04,58946.24,SUCCESS,WITHDRAWAL,T Nagar Branch,C5020,Travel
T400425,1,Chennai,2025-05-04,85906.69,SUCCESS,DEPOSIT,T Nagar Branch,C3587,Loan Payment
T400426,1,Chennai,2025-05-04,78650.19,FAILED,TRANSFER,T Nagar Branch,C6924,Others
T400427,1,Chennai,2025-05-04,78937.53,FAILED,TRANSFER,T Nagar Branch,C8577,Loan Payment
T400428,1,Chennai,2025-05-04,4906.24,FAILED,TRANSFER,T Nagar Branch,C8148,Education Fees
T400429,1,Chennai,2025-05-04,97077.71,FAILED,DEPOSIT,T Nagar Branch,C1517,Education Fees
T400430,1,Chennai,2025-05-04,15590.11,SUCCESS,TRANSFER,T Nagar Branch,C9200,Travel
T400431,1,Chennai,2025-05-04,26977.2,FAILED,DEPOSIT,T Nagar Branch,C4222,Travel
T400432,1,Chennai,2025-05-04,702.54,SUCCESS,WITHDRAWAL,T Nagar Branch,C7680,Loan Payment
T400433,1,Chennai,2025-05-04,42528.24,FAILED,TRANSFER,T Nagar Branch,C7594,Bill Payment
T400434,1,Chennai,2025-05-04,15673.44,SUCCESS,WITHDRAWAL,T Nagar Branch,C7007,Medical Expenses
T400435,1,Chennai,2025-05-04,13902.34,FAILED,TRANSFER,T Nagar Branch,C6829,Bill Payment
T400436,1,Chennai,2025-05-04,96516.25,SUCCESS,WITHDRAWAL,T Nagar Branch,C5700,Travel
T400437,1,Chennai,2025-05-04,10944.92,SUCCESS,WITHDRAWAL,T Nagar Branch,C4640,Education Fees
T400438,1,Chennai,2025-05-04,37124.77,FAILED,WITHDRAWAL,T Nagar Branch,C8236,Loan Payment
T400439,1,Chennai,2025-05-04,14025.46,SUCCESS,TRANSFER,T Nagar Branch,C9934,Medical Expenses
T400440,1,Chennai,2025-05-04,58966.23,SUCCESS,WITHDRAWAL,T Nagar Branch,C4830,Others
T400441,1,Chennai,2025-05-04,4663.33,SUCCESS,WITHDRAWAL,T Nagar Branch,C3068,Bill Payment
T400442,1,Chennai,2025-05-04,95115.69,FAILED,WITHDRAWAL,T Nagar Branch,C6478,Loan Payment
T400443,1,Chennai,2025-05-04,81180.4,SUCCESS,DEPOSIT,T Nagar Branch,C4405,Others
T400444,1,Chennai,2025-05-04,6510.12,FAILED,DEPOSIT,T Nagar Branch,C9320,Bill Payment
T400445,1,Chennai,2025-05-04,40056.91,FAILED,TRANSFER,T Nagar Branch,C5696,Medical Expenses
T400446,1,Chennai,2025-05-04,20563.34,SUCCESS,WITHDRAWAL,T Nagar Branch,C1545,Travel
T400447,1,Chennai,2025-05-04,32016.53,FAILED,TRANSFER,T Nagar Branch,C5234,Shopping
T400448,1,Chennai,2025-05-04,37707.37,SUCCESS,WITHDRAWAL,T Nagar Branch,C6899,Medical Expenses
T400449,1,Chennai,2025-05-04,31697.44,FAILED,TRANSFER,T Nagar Branch,C4582,Loan Payment
T400450,1,Chennai,2025-05-04,19196.32,SUCCESS,DEPOSIT,T Nagar Branch,C2857,Travel
T400451,1,Chennai,2025-05-04,52528.48,SUCCESS,DEPOSIT,T Nagar Branch,C7008,Education Fees
T400452,1,Chennai,2025-05-04,49947.97,FAILED,WITHDRAWAL,T Nagar Branch,C1386,Bill Payment
T400453,1,Chennai,2025-05-04,46464.24,SUCCESS,WITHDRAWAL,T Nagar Branch,C7369,Loan Payment
T400454,1,Chennai,2025-05-04,23497.28,FAILED,TRANSFER,T Nagar Branch,C1917,Bill Payment
T400455,1,Chennai,2025-05-04,83162.6,SUCCESS,WITHDRAWAL,T Nagar Branch,C2160,Medical Expenses
T400456,1,Chennai,2025-05-04,91517.19,FAILED,DEPOSIT,T Nagar Branch,C3416,Bill Payment
T400457,1,Chennai,2025-05-04,14236.53,SUCCESS,WITHDRAWAL,T Nagar Branch,C9566,Loan Payment
T400458,1,Chennai,2025-05-04,38038.73,FAILED,WITHDRAWAL,T Nagar Branch,C7199,Travel
T400459,1,Chennai,2025-05-04,22201.87,SUCCESS,WITHDRAWAL,T Nagar Branch,C5717,Medical Expenses
T400460,1,Chennai,2025-05-04,60806.4,SUCCESS,WITHDRAWAL,T Nagar Branch,C8567,Shopping
T400461,1,Chennai,2025-05-04,69802.26,SUCCESS,TRANSFER,T Nagar Branch,C1996,Bill Payment
T400462,1,Chennai,2025-05-04,22704.35,SUCCESS,WITHDRAWAL,T Nagar Branch,C4379,Shopping
T400463,1,Chennai,2025-05-04,38546.74,FAILED,TRANSFER,T Nagar Branch,C7996,Travel
T400464,1,Chennai,2025-05-04,5979.67,FAILED,WITHDRAWAL,T Nagar Branch,C2891,Bill Payment
T400465,1,Chennai,2025-05-04,39067.48,SUCCESS,WITHDRAWAL,T Nagar Branch,C2981,Bill Payment
T400466,1,Chennai,2025-05-04,46332.16,FAILED,WITHDRAWAL,T Nagar Branch,C3932,Bill Payment
T400467,1,Chennai,2025-05-04,15665.51,SUCCESS,TRANSFER,T Nagar Branch,C8193,Travel
T400468,1,Chennai,2025-05-04,49739.08,FAILED,TRANSFER,T Nagar Branch,C9965,Shopping
T400469,1,Chennai,2025-05-04,15808.07,FAILED,WITHDRAWAL,T Nagar Branch,C7361,Bill Payment
T400470,1,Chennai,2025-05-04,78073.58,SUCCESS,DEPOSIT,T Nagar Branch,C9987,Medical Expenses
T400471,1,Chennai,2025-05-04,38335.82,FAILED,WITHDRAWAL,T Nagar Branch,C9913,Education Fees
T400472,1,Chennai,2025-05-04,45486.55,FAILED,WITHDRAWAL,T Nagar Branch,C6618,Travel
T400473,1,Chennai,2025-05-04,10120.79,FAILED,WITHDRAWAL,T Nagar Branch,C3390,Education Fees
T400474,1,Chennai,2025-05-04,19029.1,SUCCESS,DEPOSIT,T Nagar Branch,C4911,Medical Expenses
T400475,1,Chennai,2025-05-04,94976.69,SUCCESS,WITHDRAWAL,T Nagar Branch,C2602,Shopping
T400476,1,Chennai,2025-05-04,13308.78,SUCCESS,TRANSFER,T Nagar Branch,C7818,Others
T400477,1,Chennai,2025-05-04,43161.0,SUCCESS,WITHDRAWAL,T Nagar Branch,C1302,Education Fees
T400478,1,Chennai,2025-05-04,21711.65,FAILED,DEPOSIT,T Nagar Branch,C9414,Others
T400479,1,Chennai,2025-05-04,50982.57,SUCCESS,DEPOSIT,T Nagar Branch,C9110,Shopping
T400480,1,Chennai,2025-05-04,36859.47,SUCCESS,TRANSFER,T Nagar Branch,C7773,Bill Payment
T400481,1,Chennai,2025-05-04,77027.86,FAILED,DEPOSIT,T Nagar Branch,C1814,Others
T400482,1,Chennai,2025-05-04,5470.47,SUCCESS,WITHDRAWAL,T Nagar Branch,C8722,Education Fees
T400483,1,Chennai,2025-05-04,65230.92,FAILED,WITHDRAWAL,T Nagar Branch,C8905,Shopping
T400484,1,Chennai,2025-05-04,29543.95,FAILED,DEPOSIT,T Nagar Branch,C5302,Shopping
T400485,1,Chennai,2025-05-04,20646.69,FAILED,WITHDRAWAL,T Nagar Branch,C7851,Bill Payment
T400486,1,Chennai,2025-05-04,18794.64,FAILED,DEPOSIT,T Nagar Branch,C8476,Medical Expenses
T400487,1,Chennai,2025-05-04,43780.47,SUCCESS,WITHDRAWAL,T Nagar Branch,C7009,Bill Payment
T400488,1,Chennai,2025-05-04,57720.97,FAILED,WITHDRAWAL,T Nagar Branch,C6841,Bill Payment
T400489,1,Chennai,2025-05-04,64923.81,SUCCESS,TRANSFER,T Nagar Branch,C5308,Others
T400490,1,Chennai,2025-05-04,97672.51,SUCCESS,TRANSFER,T Nagar Branch,C8709,Bill Payment
T400491,1,Chennai,2025-05-04,24525.43,SUCCESS,DEPOSIT,T Nagar Branch,C5819,Shopping
T400492,1,Chennai,2025-05-04,21514.58,FAILED,DEPOSIT,T Nagar Branch,C2739,Medical Expenses
T400493,1,Chennai,2025-05-04,16619.37,FAILED,DEPOSIT,T Nagar Branch,C9734,Bill Payment
T400494,1,Chennai,2025-05-04,40160.05,SUCCESS,WITHDRAWAL,T Nagar Branch,C2689,Loan Payment
T400495,1,Chennai,2025-05-04,5743.54,FAILED,WITHDRAWAL,T Nagar Branch,C1968,Shopping
T400496,1,Chennai,2025-05-04,43410.24,SUCCESS,DEPOSIT,T Nagar Branch,C3290,Education Fees
T400497,1,Chennai,2025-05-04,2622.75,FAILED,DEPOSIT,T Nagar Branch,C7703,Education Fees
T400498,1,Chennai,2025-05-04,97382.23,FAILED,TRANSFER,T Nagar Branch,C4031,Loan Payment
T400499,1,Chennai,2025-05-04,5985.98,SUCCESS,DEPOSIT,T Nagar Branch,C5384,Bill Payment
T400500,1,Chennai,2025-05-04,98995.15,FAILED,WITHDRAWAL,T Nagar Branch,C2960,Medical Expenses
T400501,1,Chennai,2025-05-04,55739.34,FAILED,TRANSFER,T Nagar Branch,C3717,Travel
T400502,1,Chennai,2025-05-04,8528.59,FAILED,TRANSFER,T Nagar Branch,C1558,Travel
T400503,1,Chennai,2025-05-04,77325.0,FAILED,WITHDRAWAL,T Nagar Branch,C6508,Shopping
T400504,1,Chennai,2025-05-04,15775.72,SUCCESS,TRANSFER,T Nagar Branch,C8349,Medical Expenses
T400505,1,Chennai,2025-05-04,7672.23,SUCCESS,WITHDRAWAL,T Nagar Branch,C5206,Bill Payment
T400506,1,Chennai,2025-05-03,13552.33,FAILED,WITHDRAWAL,T Nagar Branch,C8674,Loan Payment
T400507,1,Chennai,2025-05-03,943.61,SUCCESS,DEPOSIT,T Nagar Branch,C3802,Medical Expenses
T400508,1,Chennai,2025-05-03,49213.12,SUCCESS,TRANSFER,T Nagar Branch,C3525,Bill Payment
T400509,1,Chennai,2025-05-03,21143.25,FAILED,DEPOSIT,T Nagar Branch,C3957,Education Fees
T400510,1,Chennai,2025-05-03,17240.68,FAILED,WITHDRAWAL,T Nagar Branch,C4867,Loan Payment
T400511,1,Chennai,2025-05-03,82474.12,FAILED,DEPOSIT,T Nagar Branch,C2259,Medical Expenses
T400512,1,Chennai,2025-05-03,23960.09,FAILED,DEPOSIT,T Nagar Branch,C7384,Loan Payment
T400513,1,Chennai,2025-05-03,24986.33,FAILED,DEPOSIT,T Nagar Branch,C8962,Education Fees
T400514,1,Chennai,2025-05-03,49667.0,SUCCESS,TRANSFER,T Nagar Branch,C7348,Bill Payment
T400515,1,Chennai,2025-05-03,87489.7,SUCCESS,WITHDRAWAL,T Nagar Branch,C1857,Others
T400516,1,Chennai,2025-05-03,84659.78,FAILED,DEPOSIT,T Nagar Branch,C8903,Travel
T400517,1,Chennai,2025-05-03,97503.84,FAILED,DEPOSIT,T Nagar Branch,C9520,Education Fees
T400518,1,Chennai,2025-05-03,3366.37,FAILED,TRANSFER,T Nagar Branch,C5103,Travel
T400519,1,Chennai,2025-05-03,68685.58,SUCCESS,TRANSFER,T Nagar Branch,C3656,Others
T400520,1,Chennai,2025-05-03,56782.83,FAILED,TRANSFER,T Nagar Branch,C8666,Medical Expenses
T400521,1,Chennai,2025-05-03,65791.57,FAILED,DEPOSIT,T Nagar Branch,C5055,Education Fees
T400522,1,Chennai,2025-05-03,65576.98,FAILED,TRANSFER,T Nagar Branch,C9087,Loan Payment
T400523,1,Chennai,2025-05-03,50376.43,SUCCESS,WITHDRAWAL,T Nagar Branch,C3550,Travel
T400524,1,Chennai,2025-05-03,33958.5,FAILED,WITHDRAWAL,T Nagar Branch,C8619,Bill Payment
T400525,1,Chennai,2025-05-03,40670.39,SUCCESS,TRANSFER,T Nagar Branch,C8273,Loan Payment
T400526,1,Chennai,2025-05-03,38496.0,FAILED,TRANSFER,T Nagar Branch,C7017,Loan Payment
T400527,1,Chennai,2025-05-03,95712.85,FAILED,DEPOSIT,T Nagar Branch,C2844,Travel
T400528,1,Chennai,2025-05-03,62806.82,FAILED,TRANSFER,T Nagar Branch,C7115,Travel
T400529,1,Chennai,2025-05-03,44610.01,FAILED,DEPOSIT,T Nagar Branch,C2666,Others
T400530,1,Chennai,2025-05-03,50181.51,FAILED,DEPOSIT,T Nagar Branch,C8623,Travel
T400531,1,Chennai,2025-05-03,14002.71,FAILED,TRANSFER,T Nagar Branch,C7827,Medical Expenses
T400532,1,Chennai,2025-05-03,86383.08,SUCCESS,TRANSFER,T Nagar Branch,C2317,Education Fees
T400533,1,Chennai,2025-05-03,81900.68,SUCCESS,WITHDRAWAL,T Nagar Branch,C5124,Education Fees
T400534,1,Chennai,2025-05-03,16516.39,SUCCESS,WITHDRAWAL,T Nagar Branch,C4461,Education Fees
T400535,1,Chennai,2025-05-03,80976.84,FAILED,DEPOSIT,T Nagar Branch,C4731,Education Fees
T400536,1,Chennai,2025-05-03,76513.29,SUCCESS,TRANSFER,T Nagar Branch,C1164,Bill Payment
T400537,1,Chennai,2025-05-03,70841.37,SUCCESS,TRANSFER,T Nagar Branch,C6848,Travel
T400538,1,Chennai,2025-05-03,89156.88,FAILED,DEPOSIT,T Nagar Branch,C5545,Others
T400539,1,Chennai,2025-05-03,44417.76,SUCCESS,DEPOSIT,T Nagar Branch,C5344,Bill Payment
T400540,1,Chennai,2025-05-03,36136.11,FAILED,WITHDRAWAL,T Nagar Branch,C2919,Loan Payment
T400541,1,Chennai,2025-05-03,2163.32,SUCCESS,DEPOSIT,T Nagar Branch,C1859,Loan Payment
T400542,1,Chennai,2025-05-03,81138.97,SUCCESS,DEPOSIT,T Nagar Branch,C5093,Bill Payment
T400543,1,Chennai,2025-05-03,10115.48,SUCCESS,WITHDRAWAL,T Nagar Branch,C8462,Medical Expenses
T400544,1,Chennai,2025-05-03,68325.56,SUCCESS,WITHDRAWAL,T Nagar Branch,C7978,Travel
T400545,1,Chennai,2025-05-03,25195.08,SUCCESS,WITHDRAWAL,T Nagar Branch,C1132,Travel
T400546,1,Chennai,2025-05-03,46610.74,FAILED,TRANSFER,T Nagar Branch,C2864,Medical Expenses
T400547,1,Chennai,2025-05-03,7392.45,SUCCESS,DEPOSIT,T Nagar Branch,C2515,Medical Expenses
T400548,1,Chennai,2025-05-03,23762.18,SUCCESS,TRANSFER,T Nagar Branch,C8547,Others
T400549,1,Chennai,2025-05-03,1836.32,FAILED,DEPOSIT,T Nagar Branch,C2278,Others
T400550,1,Chennai,2025-05-03,74221.43,SUCCESS,WITHDRAWAL,T Nagar Branch,C2298,Shopping
T400551,1,Chennai,2025-05-03,37272.27,FAILED,TRANSFER,T Nagar Branch,C5247,Loan Payment
T400552,1,Chennai,2025-05-03,30423.3,SUCCESS,TRANSFER,T Nagar Branch,C4529,Medical Expenses
T400553,1,Chennai,2025-05-03,18332.11,FAILED,TRANSFER,T Nagar Branch,C2402,Travel
T400554,1,Chennai,2025-05-03,69577.46,FAILED,WITHDRAWAL,T Nagar Branch,C3652,Shopping
T400555,1,Chennai,2025-05-03,18544.28,SUCCESS,TRANSFER,T Nagar Branch,C4830,Education Fees
T400556,1,Chennai,2025-05-03,23324.07,SUCCESS,WITHDRAWAL,T Nagar Branch,C4420,Shopping
T400557,1,Chennai,2025-05-03,90838.04,SUCCESS,WITHDRAWAL,T Nagar Branch,C1797,Loan Payment
T400558,1,Chennai,2025-05-03,80413.92,SUCCESS,TRANSFER,T Nagar Branch,C6370,Loan Payment
T400559,1,Chennai,2025-05-03,32923.08,SUCCESS,WITHDRAWAL,T Nagar Branch,C6168,Bill Payment
T400560,1,Chennai,2025-05-03,60553.46,FAILED,DEPOSIT,T Nagar Branch,C3981,Medical Expenses
T400561,1,Chennai,2025-05-03,34729.84,FAILED,WITHDRAWAL,T Nagar Branch,C6151,Travel
T400562,1,Chennai,2025-05-03,37894.25,SUCCESS,DEPOSIT,T Nagar Branch,C8520,Travel
T400563,1,Chennai,2025-05-03,66408.86,FAILED,DEPOSIT,T Nagar Branch,C7374,Shopping
T400564,1,Chennai,2025-05-03,71357.45,FAILED,WITHDRAWAL,T Nagar Branch,C6729,Education Fees
T400565,1,Chennai,2025-05-03,61832.07,FAILED,TRANSFER,T Nagar Branch,C3390,Travel
T400566,1,Chennai,2025-05-03,34120.49,SUCCESS,WITHDRAWAL,T Nagar Branch,C2457,Bill Payment
T400567,1,Chennai,2025-05-03,70555.77,FAILED,WITHDRAWAL,T Nagar Branch,C4427,Shopping
T400568,1,Chennai,2025-05-03,70045.74,FAILED,WITHDRAWAL,T Nagar Branch,C3050,Loan Payment
T400569,1,Chennai,2025-05-03,71189.97,FAILED,WITHDRAWAL,T Nagar Branch,C5600,Loan Payment
T400570,1,Chennai,2025-05-03,12057.69,SUCCESS,DEPOSIT,T Nagar Branch,C7305,Education Fees
T400571,1,Chennai,2025-05-03,16628.22,FAILED,WITHDRAWAL,T Nagar Branch,C4677,Education Fees
T400572,1,Chennai,2025-05-03,81709.82,FAILED,DEPOSIT,T Nagar Branch,C6638,Bill Payment
T400573,1,Chennai,2025-05-03,59377.01,FAILED,DEPOSIT,T Nagar Branch,C8042,Education Fees
T400574,1,Chennai,2025-05-03,37168.95,FAILED,WITHDRAWAL,T Nagar Branch,C1026,Medical Expenses
T400575,1,Chennai,2025-05-03,17727.0,SUCCESS,TRANSFER,T Nagar Branch,C9922,Travel
T400576,1,Chennai,2025-05-03,69144.48,SUCCESS,DEPOSIT,T Nagar Branch,C5706,Travel
T400577,1,Chennai,2025-05-03,11259.91,SUCCESS,WITHDRAWAL,T Nagar Branch,C6832,Medical Expenses
T400578,1,Chennai,2025-05-03,12648.95,FAILED,DEPOSIT,T Nagar Branch,C1618,Others
T400579,1,Chennai,2025-05-03,49129.61,SUCCESS,WITHDRAWAL,T Nagar Branch,C2443,Others
T400580,1,Chennai,2025-05-03,14671.61,FAILED,DEPOSIT,T Nagar Branch,C1168,Bill Payment
T400581,1,Chennai,2025-05-03,96822.16,SUCCESS,TRANSFER,T Nagar Branch,C8546,Travel
T400582,1,Chennai,2025-05-03,32390.19,SUCCESS,WITHDRAWAL,T Nagar Branch,C8547,Bill Payment
T400583,1,Chennai,2025-05-03,18923.69,FAILED,TRANSFER,T Nagar Branch,C3184,Shopping
T400584,1,Chennai,2025-05-03,30066.45,SUCCESS,WITHDRAWAL,T Nagar Branch,C4438,Bill Payment
T400585,1,Chennai,2025-05-03,30715.32,SUCCESS,WITHDRAWAL,T Nagar Branch,C3304,Travel
T400586,1,Chennai,2025-05-03,70199.44,SUCCESS,WITHDRAWAL,T Nagar Branch,C4247,Travel
T400587,1,Chennai,2025-05-03,87929.23,FAILED,DEPOSIT,T Nagar Branch,C3808,Loan Payment
T400588,1,Chennai,2025-05-03,22262.1,SUCCESS,TRANSFER,T Nagar Branch,C1989,Loan Payment
T400589,1,Chennai,2025-05-03,5873.07,FAILED,WITHDRAWAL,T Nagar Branch,C7300,Shopping
T400590,1,Chennai,2025-05-03,78397.01,FAILED,DEPOSIT,T Nagar Branch,C5322,Shopping
T400591,1,Chennai,2025-05-03,59018.29,SUCCESS,TRANSFER,T Nagar Branch,C6628,Others
T400592,1,Chennai,2025-05-03,58010.17,FAILED,WITHDRAWAL,T Nagar Branch,C5650,Loan Payment
T400593,1,Chennai,2025-05-03,9076.9,FAILED,TRANSFER,T Nagar Branch,C6915,Education Fees
T400594,1,Chennai,2025-05-03,53726.51,SUCCESS,WITHDRAWAL,T Nagar Branch,C7158,Loan Payment
T400595,1,Chennai,2025-05-03,42790.83,FAILED,WITHDRAWAL,T Nagar Branch,C4265,Loan Payment
T400596,1,Chennai,2025-05-03,74384.42,FAILED,DEPOSIT,T Nagar Branch,C6796,Travel
T400597,1,Chennai,2025-05-03,63283.57,SUCCESS,DEPOSIT,T Nagar Branch,C5804,Shopping
T400598,1,Chennai,2025-05-03,60853.0,FAILED,WITHDRAWAL,T Nagar Branch,C1697,Travel
T400599,1,Chennai,2025-05-03,32373.39,FAILED,TRANSFER,T Nagar Branch,C3395,Bill Payment
