TRANSACTION_ID,BRANCH_ID,CITY,DATE,AMOUNT,STATUS,TRANSACTION_TYPE,BRANCH_NAME,CUSTOMER_ID,PURPOSE
T401130,3,Chennai,2025-05-09,56036.49,SUCCESS,WITHDRAWAL,Adyar Branch,C2746,Travel
T401131,3,Chennai,2025-05-09,33712.82,SUCCESS,DEPOSIT,Adyar Branch,C5981,Shopping
T401132,3,Chennai,2025-05-09,7587.02,FAILED,TRANSFER,Adyar Branch,C8197,Travel
T401133,3,Chennai,2025-05-09,92398.92,SUCCESS,DEPOSIT,Adyar Branch,C9771,Loan Payment
T401134,3,Chennai,2025-05-09,58060.91,SUCCESS,WITHDRAWAL,Adyar Branch,C6804,Others
T401135,3,Chennai,2025-05-09,64790.9,SUCCESS,WITHDRAWAL,Adyar Branch,C2187,Loan Payment
T401136,3,Chennai,2025-05-09,24451.5,SUCCESS,DEPOSIT,Adyar Branch,C7367,Education Fees
T401137,3,Chennai,2025-05-09,7524.61,SUCCESS,WITHDRAWAL,Adyar Branch,C5782,Education Fees
T401138,3,Chennai,2025-05-09,1996.46,FAILED,WITHDRAWAL,Adyar Branch,C8930,Loan Payment
T401139,3,Chennai,2025-05-09,49693.83,FAILED,TRANSFER,Adyar Branch,C5065,Shopping
T401140,3,Chennai,2025-05-09,82537.52,FAILED,WITHDRAWAL,Adyar Branch,C8220,Shopping
T401141,3,Chennai,2025-05-09,97689.94,FAILED,DEPOSIT,Adyar Branch,C1238,Others
T401142,3,Chennai,2025-05-09,59910.96,FAILED,DEPOSIT,Adyar Branch,C1042,Loan Payment
T401143,3,Chennai,2025-05-09,19880.82,SUCCESS,TRANSFER,Adyar Branch,C3036,Medical Expenses
T401144,3,Chennai,2025-05-09,59384.74,FAILED,DEPOSIT,Adyar Branch,C1084,Shopping
T401145,3,Chennai,2025-05-09,4463.45,SUCCESS,TRANSFER,Adyar Branch,C2448,Education Fees
T401146,3,Chennai,2025-05-09,49035.45,FAILED,WITHDRAWAL,Adyar Branch,C4805,Medical Expenses
T401147,3,Chennai,2025-05-09,38713.78,SUCCESS,TRANSFER,Adyar Branch,C1856,Travel
T401148,3,Chennai,2025-05-09,97194.55,FAILED,WITHDRAWAL,Adyar Branch,C1103,Others
T401149,3,Chennai,2025-05-09,51028.24,SUCCESS,WITHDRAWAL,Adyar Branch,C4767,Loan Payment
T401150,3,Chennai,2025-05-09,63033.91,SUCCESS,DEPOSIT,Adyar Branch,C8891,Bill Payment
T401151,3,Chennai,2025-05-09,7691.63,FAILED,TRANSFER,Adyar Branch,C5350,Bill Payment
T401152,3,Chennai,2025-05-09,6749.9,SUCCESS,WITHDRAWAL,Adyar Branch,C2978,Medical Expenses
T401153,3,Chennai,2025-05-09,71604.91,FAILED,WITHDRAWAL,Adyar Branch,C3167,Loan Payment
T401154,3,Chennai,2025-05-09,84137.13,SUCCESS,WITHDRAWAL,Adyar Branch,C8996,Travel
T401155,3,Chennai,2025-05-09,27329.42,FAILED,WITHDRAWAL,Adyar Branch,C9152,Shopping
T401156,3,Chennai,2025-05-09,33143.87,FAILED,DEPOSIT,Adyar Branch,C7734,Bill Payment
T401157,3,Chennai,2025-05-09,42803.91,SUCCESS,DEPOSIT,Adyar Branch,C4918,Travel
T401158,3,Chennai,2025-05-09,43170.23,SUCCESS,WITHDRAWAL,Adyar Branch,C4762,Medical Expenses
T401159,3,Chennai,2025-05-09,96411.53,FAILED,TRANSFER,Adyar Branch,C7748,Bill Payment
T401160,3,Chennai,2025-05-09,85381.91,FAILED,TRANSFER,Adyar Branch,C1354,Shopping
T401161,3,Chennai,2025-05-09,38418.96,FAILED,DEPOSIT,Adyar Branch,C2144,Education Fees
T401162,3,Chennai,2025-05-09,94940.95,FAILED,TRANSFER,Adyar Branch,C3082,Bill Payment
T401163,3,Chennai,2025-05-09,32339.96,SUCCESS,DEPOSIT,Adyar Branch,C9560,Travel
T401164,3,Chennai,2025-05-09,41106.43,FAILED,WITHDRAWAL,Adyar Branch,C4441,Travel
T401165,3,Chennai,2025-05-09,51112.47,FAILED,DEPOSIT,Adyar Branch,C5391,Bill Payment
T401166,3,Chennai,2025-05-09,54141.98,SUCCESS,DEPOSIT,Adyar Branch,C2470,Loan Payment
T401167,3,Chennai,2025-05-09,99454.84,FAILED,TRANSFER,Adyar Branch,C9191,Loan Payment
T401168,3,Chennai,2025-05-09,36042.26,FAILED,WITHDRAWAL,Adyar Branch,C3722,Medical Expenses
T401169,3,Chennai,2025-05-09,96603.19,FAILED,DEPOSIT,Adyar Branch,C3314,Others
T401170,3,Chennai,2025-05-09,45801.42,SUCCESS,DEPOSIT,Adyar Branch,C3877,Education Fees
T401171,3,Chennai,2025-05-09,64906.41,SUCCESS,DEPOSIT,Adyar Branch,C3547,Travel
T401172,3,Chennai,2025-05-09,11664.3,FAILED,TRANSFER,Adyar Branch,C8185,Medical Expenses
T401173,3,Chennai,2025-05-09,12016.21,FAILED,TRANSFER,Adyar Branch,C4979,Shopping
T401174,3,Chennai,2025-05-09,41770.74,FAILED,DEPOSIT,Adyar Branch,C9006,Shopping
T401175,3,Chennai,2025-05-09,24303.94,FAILED,DEPOSIT,Adyar Branch,C4290,Loan Payment
T401176,3,Chennai,2025-05-09,84436.11,FAILED,DEPOSIT,Adyar Branch,C6564,Loan Payment
T401177,3,Chennai,2025-05-09,54868.4,FAILED,WITHDRAWAL,Adyar Branch,C5752,Medical Expenses
T401178,3,Chennai,2025-05-09,7720.6,SUCCESS,WITHDRAWAL,Adyar Branch,C2481,Loan Payment
T401179,3,Chennai,2025-05-09,10999.8,FAILED,DEPOSIT,Adyar Branch,C3414,Education Fees
T401180,3,Chennai,2025-05-09,39578.41,SUCCESS,DEPOSIT,Adyar Branch,C1247,Medical Expenses
T401181,3,Chennai,2025-05-09,19496.19,SUCCESS,TRANSFER,Adyar Branch,C1919,Education Fees
T401182,3,Chennai,2025-05-09,19073.18,SUCCESS,WITHDRAWAL,Adyar Branch,C6830,Shopping
T401183,3,Chennai,2025-05-09,83844.54,SUCCESS,DEPOSIT,Adyar Branch,C1699,Medical Expenses
T401184,3,Chennai,2025-05-09,99143.46,SUCCESS,WITHDRAWAL,Adyar Branch,C4417,Medical Expenses
T401185,3,Chennai,2025-05-09,66550.56,SUCCESS,DEPOSIT,Adyar Branch,C8004,Bill Payment
T401186,3,Chennai,2025-05-09,46886.61,SUCCESS,TRANSFER,Adyar Branch,C7128,Education Fees
T401187,3,Chennai,2025-05-09,24644.81,SUCCESS,DEPOSIT,Adyar Branch,C2492,Medical Expenses
T401188,3,Chennai,2025-05-09,8368.56,FAILED,TRANSFER,Adyar Branch,C3274,Shopping
T401189,3,Chennai,2025-05-09,35284.6,SUCCESS,WITHDRAWAL,Adyar Branch,C2195,Education Fees
T401190,3,Chennai,2025-05-09,67708.84,FAILED,TRANSFER,Adyar Branch,C3751,Medical Expenses
T401191,3,Chennai,2025-05-09,51388.06,FAILED,TRANSFER,Adyar Branch,C3758,Bill Payment
T401192,3,Chennai,2025-05-09,66349.67,FAILED,DEPOSIT,Adyar Branch,C4411,Bill Payment
T401193,3,Chennai,2025-05-09,74282.32,FAILED,TRANSFER,Adyar Branch,C1427,Education Fees
T401194,3,Chennai,2025-05-09,68758.94,FAILED,WITHDRAWAL,Adyar Branch,C8431,Others
T401195,3,Chennai,2025-05-09,45340.12,FAILED,DEPOSIT,Adyar Branch,C8296,Shopping
T401196,3,Chennai,2025-05-09,89535.7,FAILED,WITHDRAWAL,Adyar Branch,C7227,Education Fees
T401197,3,Chennai,2025-05-09,67626.31,SUCCESS,DEPOSIT,Adyar Branch,C3976,Education Fees
T401198,3,Chennai,2025-05-09,10663.28,SUCCESS,DEPOSIT,Adyar Branch,C3528,Bill Payment
T401199,3,Chennai,2025-05-09,27118.89,SUCCESS,TRANSFER,Adyar Branch,C9582,Others
T401200,3,Chennai,2025-05-09,48948.83,FAILED,TRANSFER,Adyar Branch,C9906,Travel
T401201,3,Chennai,2025-05-09,78306.87,FAILED,TRANSFER,Adyar Branch,C3296,Shopping
T401202,3,Chennai,2025-05-09,12317.05,SUCCESS,WITHDRAWAL,Adyar Branch,C8904,Education Fees
T401203,3,Chennai,2025-05-08,88233.17,FAILED,WITHDRAWAL,Adyar Branch,C2457,Loan Payment
T401204,3,Chennai,2025-05-08,5608.44,SUCCESS,WITHDRAWAL,Adyar Branch,C1276,Education Fees
T401205,3,Chennai,2025-05-08,89709.44,FAILED,DEPOSIT,Adyar Branch,C5319,Medical Expenses
T401206,3,Chennai,2025-05-08,31670.87,SUCCESS,WITHDRAWAL,Adyar Branch,C7904,Loan Payment
T401207,3,Chennai,2025-05-08,34678.87,FAILED,DEPOSIT,Adyar Branch,C3572,Bill Payment
T401208,3,Chennai,2025-05-08,13951.79,SUCCESS,WITHDRAWAL,Adyar Branch,C6717,Shopping
T401209,3,Chennai,2025-05-08,61836.38,FAILED,WITHDRAWAL,Adyar Branch,C6496,Medical Expenses
T401210,3,Chennai,2025-05-08,34020.99,SUCCESS,DEPOSIT,Adyar Branch,C4560,Others
T401211,3,Chennai,2025-05-08,17439.28,FAILED,TRANSFER,Adyar Branch,C8176,Loan Payment
T401212,3,Chennai,2025-05-08,34897.53,SUCCESS,WITHDRAWAL,Adyar Branch,C5303,Shopping
T401213,3,Chennai,2025-05-08,45846.08,FAILED,DEPOSIT,Adyar Branch,C8386,Shopping
T401214,3,Chennai,2025-05-08,73958.51,SUCCESS,WITHDRAWAL,Adyar Branch,C2507,Medical Expenses
T401215,3,Chennai,2025-05-08,90060.02,FAILED,TRANSFER,Adyar Branch,C4880,Medical Expenses
T401216,3,Chennai,2025-05-08,60882.95,SUCCESS,TRANSFER,Adyar Branch,C7967,Loan Payment
T401217,3,Chennai,2025-05-08,13970.89,SUCCESS,TRANSFER,Adyar Branch,C3166,Bill Payment
T401218,3,Chennai,2025-05-08,97816.43,SUCCESS,TRANSFER,Adyar Branch,C2950,Loan Payment
T401219,3,Chennai,2025-05-08,5025.38,FAILED,TRANSFER,Adyar Branch,C2489,Bill Payment
T401220,3,Chennai,2025-05-08,89089.36,SUCCESS,DEPOSIT,Adyar Branch,C8926,Loan Payment
T401221,3,Chennai,2025-05-08,72712.77,SUCCESS,TRANSFER,Adyar Branch,C3262,Bill Payment
T401222,3,Chennai,2025-05-08,91947.83,FAILED,WITHDRAWAL,Adyar Branch,C3251,Loan Payment
T401223,3,Chennai,2025-05-08,85227.36,FAILED,TRANSFER,Adyar Branch,C2595,Travel
T401224,3,Chennai,2025-05-08,70243.57,FAILED,TRANSFER,Adyar Branch,C8997,Shopping
T401225,3,Chennai,2025-05-08,91012.21,SUCCESS,TRANSFER,Adyar Branch,C4267,Others
T401226,3,Chennai,2025-05-08,34391.13,SUCCESS,TRANSFER,Adyar Branch,C6231,Loan Payment
T401227,3,Chennai,2025-05-08,51198.35,FAILED,WITHDRAWAL,Adyar Branch,C9105,Bill Payment
T401228,3,Chennai,2025-05-08,37088.17,FAILED,DEPOSIT,Adyar Branch,C9318,Travel
T401229,3,Chennai,2025-05-08,2275.38,SUCCESS,TRANSFER,Adyar Branch,C1099,Medical Expenses
T401230,3,Chennai,2025-05-08,97657.54,FAILED,TRANSFER,Adyar Branch,C5018,Medical Expenses
T401231,3,Chennai,2025-05-08,23432.42,FAILED,WITHDRAWAL,Adyar Branch,C6815,Shopping
T401232,3,Chennai,2025-05-08,28768.68,FAILED,WITHDRAWAL,Adyar Branch,C9081,Medical Expenses
T401233,3,Chennai,2025-05-08,49185.31,FAILED,DEPOSIT,Adyar Branch,C7531,Loan Payment
T401234,3,Chennai,2025-05-08,63323.54,SUCCESS,WITHDRAWAL,Adyar Branch,C8748,Education Fees
T401235,3,Chennai,2025-05-08,50557.8,SUCCESS,DEPOSIT,Adyar Branch,C4902,Others
T401236,3,Chennai,2025-05-08,23330.12,FAILED,TRANSFER,Adyar Branch,C5069,Travel
T401237,3,Chennai,2025-05-08,56594.56,FAILED,WITHDRAWAL,Adyar Branch,C5011,Education Fees
T401238,3,Chennai,2025-05-08,69052.72,FAILED,TRANSFER,Adyar Branch,C6913,Others
T401239,3,Chennai,2025-05-08,73156.79,SUCCESS,DEPOSIT,Adyar Branch,C8285,Education Fees
T401240,3,Chennai,2025-05-08,27858.22,SUCCESS,WITHDRAWAL,Adyar Branch,C6325,Education Fees
T401241,3,Chennai,2025-05-08,88496.04,SUCCESS,TRANSFER,Adyar Branch,C1948,Travel
T401242,3,Chennai,2025-05-08,20444.07,SUCCESS,WITHDRAWAL,Adyar Branch,C2380,Bill Payment
T401243,3,Chennai,2025-05-08,29732.35,SUCCESS,WITHDRAWAL,Adyar Branch,C8072,Bill Payment
T401244,3,Chennai,2025-05-08,11957.3,FAILED,DEPOSIT,Adyar Branch,C7263,Others
T401245,3,Chennai,2025-05-08,6059.92,FAILED,TRANSFER,Adyar Branch,C1917,Travel
T401246,3,Chennai,2025-05-08,38403.92,FAILED,TRANSFER,Adyar Branch,C9694,Bill Payment
T401247,3,Chennai,2025-05-08,35434.47,SUCCESS,DEPOSIT,Adyar Branch,C9589,Bill Payment
T401248,3,Chennai,2025-05-08,15372.92,SUCCESS,TRANSFER,Adyar Branch,C4436,Medical Expenses
T401249,3,Chennai,2025-05-08,62426.85,FAILED,WITHDRAWAL,Adyar Branch,C2104,Loan Payment
T401250,3,Chennai,2025-05-08,14873.7,FAILED,DEPOSIT,Adyar Branch,C6291,Travel
T401251,3,Chennai,2025-05-08,51663.31,FAILED,TRANSFER,Adyar Branch,C9812,Medical Expenses
T401252,3,Chennai,2025-05-08,10451.69,FAILED,TRANSFER,Adyar Branch,C1405,Travel
T401253,3,Chennai,2025-05-08,36135.15,FAILED,WITHDRAWAL,Adyar Branch,C4903,Travel
T401254,3,Chennai,2025-05-08,40899.59,FAILED,WITHDRAWAL,Adyar Branch,C1673,Education Fees
T401255,3,Chennai,2025-05-08,27888.54,SUCCESS,TRANSFER,Adyar Branch,C2764,Medical Expenses
T401256,3,Chennai,2025-05-08,14429.41,FAILED,DEPOSIT,Adyar Branch,C4726,Loan Payment
T401257,3,Chennai,2025-05-08,31335.09,FAILED,TRANSFER,Adyar Branch,C7640,Loan Payment
T401258,3,Chennai,2025-05-08,15883.5,FAILED,WITHDRAWAL,Adyar Branch,C9766,Others
T401259,3,Chennai,2025-05-08,26649.37,SUCCESS,DEPOSIT,Adyar Branch,C9781,Shopping
T401260,3,Chennai,2025-05-08,58366.87,FAILED,TRANSFER,Adyar Branch,C2778,Shopping
T401261,3,Chennai,2025-05-08,26119.52,FAILED,TRANSFER,Adyar Branch,C7333,Bill Payment
T401262,3,Chennai,2025-05-08,5337.4,FAILED,DEPOSIT,Adyar Branch,C5827,Education Fees
T401263,3,Chennai,2025-05-08,65267.69,FAILED,TRANSFER,Adyar Branch,C6583,Medical Expenses
T401264,3,Chennai,2025-05-08,37406.12,FAILED,DEPOSIT,Adyar Branch,C3079,Travel
T401265,3,Chennai,2025-05-08,27858.63,SUCCESS,WITHDRAWAL,Adyar Branch,C9831,Others
T401266,3,Chennai,2025-05-08,14096.41,SUCCESS,WITHDRAWAL,Adyar Branch,C1535,Others
T401267,3,Chennai,2025-05-08,95661.12,FAILED,WITHDRAWAL,Adyar Branch,C1989,Medical Expenses
T401268,3,Chennai,2025-05-08,44790.98,SUCCESS,WITHDRAWAL,Adyar Branch,C5144,Bill Payment
T401269,3,Chennai,2025-05-08,10709.35,SUCCESS,WITHDRAWAL,Adyar Branch,C3751,Shopping
T401270,3,Chennai,2025-05-08,70188.02,SUCCESS,TRANSFER,Adyar Branch,C6491,Travel
T401271,3,Chennai,2025-05-08,71593.11,FAILED,TRANSFER,Adyar Branch,C6691,Others
T401272,3,Chennai,2025-05-08,66983.75,SUCCESS,WITHDRAWAL,Adyar Branch,C7251,Loan Payment
T401273,3,Chennai,2025-05-08,93423.34,FAILED,DEPOSIT,Adyar Branch,C1813,Travel
T401274,3,Chennai,2025-05-08,411.45,SUCCESS,DEPOSIT,Adyar Branch,C9340,Shopping
T401275,3,Chennai,2025-05-08,97668.26,FAILED,DEPOSIT,Adyar Branch,C5436,Medical Expenses
T401276,3,Chennai,2025-05-08,35855.5,SUCCESS,TRANSFER,Adyar Branch,C9395,Travel
T401277,3,Chennai,2025-05-08,70559.84,SUCCESS,WITHDRAWAL,Adyar Branch,C8750,Bill Payment
T401278,3,Chennai,2025-05-08,93522.71,FAILED,WITHDRAWAL,Adyar Branch,C8524,Medical Expenses
T401279,3,Chennai,2025-05-08,92396.99,FAILED,TRANSFER,Adyar Branch,C1997,Bill Payment
T401280,3,Chennai,2025-05-08,10521.3,SUCCESS,TRANSFER,Adyar Branch,C6149,Bill Payment
T401281,3,Chennai,2025-05-08,76723.43,FAILED,TRANSFER,Adyar Branch,C6066,Others
T401282,3,Chennai,2025-05-08,13796.52,SUCCESS,TRANSFER,Adyar Branch,C3689,Others
T401283,3,Chennai,2025-05-08,90884.2,SUCCESS,DEPOSIT,Adyar Branch,C3896,Shopping
T401284,3,Chennai,2025-05-08,89397.3,SUCCESS,DEPOSIT,Adyar Branch,C4094,Education Fees
T401285,3,Chennai,2025-05-08,22062.41,SUCCESS,WITHDRAWAL,Adyar Branch,C2696,Medical Expenses
T401286,3,Chennai,2025-05-08,3987.83,SUCCESS,TRANSFER,Adyar Branch,C4121,Shopping
T401287,3,Chennai,2025-05-08,90244.54,FAILED,WITHDRAWAL,Adyar Branch,C6230,Loan Payment
T401288,3,Chennai,2025-05-08,5907.34,FAILED,TRANSFER,Adyar Branch,C6041,Bill Payment
T401289,3,Chennai,2025-05-08,43561.63,SUCCESS,DEPOSIT,Adyar Branch,C1980,Loan Payment
T401290,3,Chennai,2025-05-07,81413.89,SUCCESS,DEPOSIT,Adyar Branch,C9021,Medical Expenses
T401291,3,Chennai,2025-05-07,70388.53,FAILED,WITHDRAWAL,Adyar Branch,C4533,Shopping
T401292,3,Chennai,2025-05-07,3460.39,SUCCESS,WITHDRAWAL,Adyar Branch,C1924,Others
T401293,3,Chennai,2025-05-07,64525.66,FAILED,DEPOSIT,Adyar Branch,C9880,Bill Payment
T401294,3,Chennai,2025-05-07,68885.92,FAILED,DEPOSIT,Adyar Branch,C4327,Others
T401295,3,Chennai,2025-05-07,46012.98,SUCCESS,DEPOSIT,Adyar Branch,C9961,Travel
T401296,3,Chennai,2025-05-07,90542.5,FAILED,TRANSFER,Adyar Branch,C7760,Travel
T401297,3,Chennai,2025-05-07,66687.61,SUCCESS,WITHDRAWAL,Adyar Branch,C2432,Travel
T401298,3,Chennai,2025-05-07,89613.49,FAILED,WITHDRAWAL,Adyar Branch,C1799,Medical Expenses
T401299,3,Chennai,2025-05-07,8964.54,FAILED,DEPOSIT,Adyar Branch,C9629,Education Fees
T401300,3,Chennai,2025-05-07,38646.65,FAILED,DEPOSIT,Adyar Branch,C7836,Travel
T401301,3,Chennai,2025-05-07,76800.12,SUCCESS,DEPOSIT,Adyar Branch,C1304,Travel
T401302,3,Chennai,2025-05-07,59765.88,FAILED,DEPOSIT,Adyar Branch,C5815,Shopping
T401303,3,Chennai,2025-05-07,21649.95,FAILED,DEPOSIT,Adyar Branch,C1343,Travel
T401304,3,Chennai,2025-05-07,18981.94,SUCCESS,WITHDRAWAL,Adyar Branch,C7005,Education Fees
T401305,3,Chennai,2025-05-07,32146.12,FAILED,DEPOSIT,Adyar Branch,C5884,Medical Expenses
T401306,3,Chennai,2025-05-07,45733.18,FAILED,WITHDRAWAL,Adyar Branch,C2457,Bill Payment
T401307,3,Chennai,2025-05-07,27194.69,FAILED,WITHDRAWAL,Adyar Branch,C7530,Travel
T401308,3,Chennai,2025-05-07,59497.24,SUCCESS,TRANSFER,Adyar Branch,C4060,Others
T401309,3,Chennai,2025-05-07,56451.85,FAILED,DEPOSIT,Adyar Branch,C2901,Medical Expenses
T401310,3,Chennai,2025-05-07,94993.7,SUCCESS,WITHDRAWAL,Adyar Branch,C8069,Bill Payment
T401311,3,Chennai,2025-05-07,64397.76,SUCCESS,WITHDRAWAL,Adyar Branch,C7894,Education Fees
T401312,3,Chennai,2025-05-07,54048.93,SUCCESS,WITHDRAWAL,Adyar Branch,C6085,Others
T401313,3,Chennai,2025-05-07,6218.88,FAILED,TRANSFER,Adyar Branch,C4293,Bill Payment
T401314,3,Chennai,2025-05-07,40042.89,SUCCESS,DEPOSIT,Adyar Branch,C1092,Loan Payment
T401315,3,Chennai,2025-05-07,75264.67,FAILED,DEPOSIT,Adyar Branch,C1105,Others
T401316,3,Chennai,2025-05-07,91906.06,SUCCESS,DEPOSIT,Adyar Branch,C1145,Bill Payment
T401317,3,Chennai,2025-05-07,75782.94,FAILED,DEPOSIT,Adyar Branch,C8149,Shopping
T401318,3,Chennai,2025-05-07,67614.69,SUCCESS,DEPOSIT,Adyar Branch,C5199,Loan Payment
T401319,3,Chennai,2025-05-07,87791.66,FAILED,WITHDRAWAL,Adyar Branch,C9970,Education Fees
T401320,3,Chennai,2025-05-07,72426.56,SUCCESS,DEPOSIT,Adyar Branch,C5045,Medical Expenses
T401321,3,Chennai,2025-05-07,63357.92,SUCCESS,DEPOSIT,Adyar Branch,C8941,Shopping
T401322,3,Chennai,2025-05-07,6136.42,FAILED,DEPOSIT,Adyar Branch,C7914,Others
T401323,3,Chennai,2025-05-07,78431.15,FAILED,TRANSFER,Adyar Branch,C3070,Education Fees
T401324,3,Chennai,2025-05-07,44108.15,SUCCESS,WITHDRAWAL,Adyar Branch,C4070,Shopping
T401325,3,Chennai,2025-05-07,55542.19,SUCCESS,TRANSFER,Adyar Branch,C2357,Shopping
T401326,3,Chennai,2025-05-07,80443.59,SUCCESS,DEPOSIT,Adyar Branch,C4998,Loan Payment
T401327,3,Chennai,2025-05-07,53696.36,FAILED,WITHDRAWAL,Adyar Branch,C9539,Others
T401328,3,Chennai,2025-05-07,81865.78,FAILED,TRANSFER,Adyar Branch,C8110,Travel
T401329,3,Chennai,2025-05-07,83973.53,SUCCESS,WITHDRAWAL,Adyar Branch,C4302,Bill Payment
T401330,3,Chennai,2025-05-07,45241.55,SUCCESS,DEPOSIT,Adyar Branch,C3871,Others
T401331,3,Chennai,2025-05-07,16597.26,FAILED,WITHDRAWAL,Adyar Branch,C4634,Medical Expenses
T401332,3,Chennai,2025-05-07,74764.12,FAILED,TRANSFER,Adyar Branch,C1554,Medical Expenses
T401333,3,Chennai,2025-05-07,19221.98,FAILED,TRANSFER,Adyar Branch,C4626,Bill Payment
T401334,3,Chennai,2025-05-07,72176.73,SUCCESS,DEPOSIT,Adyar Branch,C3530,Loan Payment
T401335,3,Chennai,2025-05-07,54889.83,FAILED,TRANSFER,Adyar Branch,C4296,Education Fees
T401336,3,Chennai,2025-05-07,93179.01,SUCCESS,DEPOSIT,Adyar Branch,C6725,Education Fees
T401337,3,Chennai,2025-05-07,51608.59,FAILED,DEPOSIT,Adyar Branch,C5783,Loan Payment
T401338,3,Chennai,2025-05-07,5213.28,SUCCESS,DEPOSIT,Adyar Branch,C4650,Others
T401339,3,Chennai,2025-05-07,37697.23,FAILED,DEPOSIT,Adyar Branch,C5750,Others
T401340,3,Chennai,2025-05-07,49790.58,FAILED,TRANSFER,Adyar Branch,C1696,Others
T401341,3,Chennai,2025-05-07,43892.95,SUCCESS,TRANSFER,Adyar Branch,C9467,Others
T401342,3,Chennai,2025-05-07,66096.1,FAILED,TRANSFER,Adyar Branch,C7264,Shopping
T401343,3,Chennai,2025-05-07,39562.18,FAILED,TRANSFER,Adyar Branch,C8499,Others
T401344,3,Chennai,2025-05-07,68477.16,SUCCESS,DEPOSIT,Adyar Branch,C2054,Medical Expenses
T401345,3,Chennai,2025-05-07,85666.54,SUCCESS,TRANSFER,Adyar Branch,C8564,Bill Payment
T401346,3,Chennai,2025-05-07,62655.53,FAILED,WITHDRAWAL,Adyar Branch,C4394,Bill Payment
T401347,3,Chennai,2025-05-07,23541.71,SUCCESS,WITHDRAWAL,Adyar Branch,C6070,Others
T401348,3,Chennai,2025-05-07,22301.53,SUCCESS,DEPOSIT,Adyar Branch,C9822,Shopping
T401349,3,Chennai,2025-05-07,80864.23,SUCCESS,WITHDRAWAL,Adyar Branch,C8160,Education Fees
T401350,3,Chennai,2025-05-07,53930.97,FAILED,TRANSFER,Adyar Branch,C8849,Education Fees
T401351,3,Chennai,2025-05-07,9045.23,SUCCESS,DEPOSIT,Adyar Branch,C3095,Bill Payment
T401352,3,Chennai,2025-05-07,92337.38,SUCCESS,DEPOSIT,Adyar Branch,C3997,Bill Payment
T401353,3,Chennai,2025-05-07,8742.87,FAILED,WITHDRAWAL,Adyar Branch,C2967,Others
T401354,3,Chennai,2025-05-07,71174.47,FAILED,WITHDRAWAL,Adyar Branch,C2030,Education Fees
T401355,3,Chennai,2025-05-07,57920.27,SUCCESS,TRANSFER,Adyar Branch,C7164,Others
T401356,3,Chennai,2025-05-07,93855.15,SUCCESS,TRANSFER,Adyar Branch,C8164,Shopping
T401357,3,Chennai,2025-05-07,29642.56,FAILED,DEPOSIT,Adyar Branch,C2130,Medical Expenses
T401358,3,Chennai,2025-05-07,27105.74,SUCCESS,WITHDRAWAL,Adyar Branch,C6635,Medical Expenses
T401359,3,Chennai,2025-05-07,3496.33,FAILED,TRANSFER,Adyar Branch,C5957,Medical Expenses
T401360,3,Chennai,2025-05-07,8908.92,SUCCESS,TRANSFER,Adyar Branch,C7832,Shopping
T401361,3,Chennai,2025-05-07,98019.06,SUCCESS,WITHDRAWAL,Adyar Branch,C5088,Travel
T401362,3,Chennai,2025-05-07,15252.64,FAILED,DEPOSIT,Adyar Branch,C3852,Bill Payment
T401363,3,Chennai,2025-05-07,64443.42,SUCCESS,TRANSFER,Adyar Branch,C3599,Shopping
T401364,3,Chennai,2025-05-07,86829.39,FAILED,DEPOSIT,Adyar Branch,C3688,Travel
T401365,3,Chennai,2025-05-07,14676.86,SUCCESS,WITHDRAWAL,Adyar Branch,C6876,Medical Expenses
T401366,3,Chennai,2025-05-07,58167.39,FAILED,WITHDRAWAL,Adyar Branch,C7179,Loan Payment
T401367,3,Chennai,2025-05-07,78951.81,FAILED,DEPOSIT,Adyar Branch,C7807,Medical Expenses
T401368,3,Chennai,2025-05-07,75079.39,FAILED,DEPOSIT,Adyar Branch,C3079,Education Fees
T401369,3,Chennai,2025-05-07,20155.85,SUCCESS,DEPOSIT,Adyar Branch,C1767,Others
T401370,3,Chennai,2025-05-07,90927.42,SUCCESS,TRANSFER,Adyar Branch,C5727,Travel
T401371,3,Chennai,2025-05-07,23034.35,SUCCESS,WITHDRAWAL,Adyar Branch,C6076,Medical Expenses
T401372,3,Chennai,2025-05-07,41368.65,SUCCESS,TRANSFER,Adyar Branch,C2472,Education Fees
T401373,3,Chennai,2025-05-07,63649.5,FAILED,DEPOSIT,Adyar Branch,C7312,Medical Expenses
T401374,3,Chennai,2025-05-07,78950.76,FAILED,TRANSFER,Adyar Branch,C6314,Travel
T401375,3,Chennai,2025-05-07,47147.11,SUCCESS,WITHDRAWAL,Adyar Branch,C7945,Medical Expenses
T401376,3,Chennai,2025-05-07,44182.24,SUCCESS,TRANSFER,Adyar Branch,C5257,Others
T401377,3,Chennai,2025-05-07,17364.2,SUCCESS,WITHDRAWAL,Adyar Branch,C1656,Travel
T401378,3,Chennai,2025-05-07,94790.17,SUCCESS,TRANSFER,Adyar Branch,C2472,Medical Expenses
T401379,3,Chennai,2025-05-07,63798.6,SUCCESS,WITHDRAWAL,Adyar Branch,C2831,Education Fees
T401380,3,Chennai,2025-05-07,65812.5,SUCCESS,DEPOSIT,Adyar Branch,C1377,Bill Payment
T401381,3,Chennai,2025-05-07,37621.17,FAILED,TRANSFER,Adyar Branch,C8037,Bill Payment
T401382,3,Chennai,2025-05-07,10974.25,FAILED,TRANSFER,Adyar Branch,C1170,Loan Payment
T401383,3,Chennai,2025-05-07,52989.72,SUCCESS,DEPOSIT,Adyar Branch,C4080,Shopping
T401384,3,Chennai,2025-05-07,78428.73,SUCCESS,DEPOSIT,Adyar Branch,C3427,Education Fees
T401385,3,Chennai,2025-05-07,54886.47,SUCCESS,WITHDRAWAL,Adyar Branch,C4245,Bill Payment
T401386,3,Chennai,2025-05-07,30520.93,SUCCESS,TRANSFER,Adyar Branch,C2281,Shopping
T401387,3,Chennai,2025-05-07,65844.59,FAILED,TRANSFER,Adyar Branch,C1691,Loan Payment
T401388,3,Chennai,2025-05-07,11723.69,FAILED,DEPOSIT,Adyar Branch,C8257,Travel
T401389,3,Chennai,2025-05-06,10862.3,SUCCESS,DEPOSIT,Adyar Branch,C4912,Shopping
T401390,3,Chennai,2025-05-06,24545.84,FAILED,WITHDRAWAL,Adyar Branch,C5460,Education Fees
T401391,3,Chennai,2025-05-06,91288.49,SUCCESS,WITHDRAWAL,Adyar Branch,C2562,Others
T401392,3,Chennai,2025-05-06,58727.2,SUCCESS,DEPOSIT,Adyar Branch,C5333,Others
T401393,3,Chennai,2025-05-06,11472.24,FAILED,DEPOSIT,Adyar Branch,C8825,Others
T401394,3,Chennai,2025-05-06,22823.91,SUCCESS,WITHDRAWAL,Adyar Branch,C8979,Medical Expenses
T401395,3,Chennai,2025-05-06,57091.16,SUCCESS,TRANSFER,Adyar Branch,C7280,Others
T401396,3,Chennai,2025-05-06,15673.55,SUCCESS,TRANSFER,Adyar Branch,C7476,Travel
T401397,3,Chennai,2025-05-06,695.69,FAILED,WITHDRAWAL,Adyar Branch,C6405,Education Fees
T401398,3,Chennai,2025-05-06,8072.05,SUCCESS,DEPOSIT,Adyar Branch,C1407,Others
T401399,3,Chennai,2025-05-06,84942.45,SUCCESS,TRANSFER,Adyar Branch,C8095,Bill Payment
T401400,3,Chennai,2025-05-06,78143.08,FAILED,DEPOSIT,Adyar Branch,C6194,Education Fees
T401401,3,Chennai,2025-05-06,57610.35,FAILED,TRANSFER,Adyar Branch,C1566,Others
T401402,3,Chennai,2025-05-06,98313.1,SUCCESS,TRANSFER,Adyar Branch,C1985,Bill Payment
T401403,3,Chennai,2025-05-06,27701.81,FAILED,DEPOSIT,Adyar Branch,C4167,Shopping
T401404,3,Chennai,2025-05-06,3907.33,SUCCESS,TRANSFER,Adyar Branch,C9653,Loan Payment
T401405,3,Chennai,2025-05-06,84260.05,FAILED,WITHDRAWAL,Adyar Branch,C6827,Education Fees
T401406,3,Chennai,2025-05-06,96299.37,FAILED,TRANSFER,Adyar Branch,C4669,Travel
T401407,3,Chennai,2025-05-06,14906.69,FAILED,DEPOSIT,Adyar Branch,C9878,Shopping
T401408,3,Chennai,2025-05-06,14971.13,SUCCESS,WITHDRAWAL,Adyar Branch,C6684,Shopping
T401409,3,Chennai,2025-05-06,96743.03,FAILED,TRANSFER,Adyar Branch,C7421,Education Fees
T401410,3,Chennai,2025-05-06,83322.21,SUCCESS,WITHDRAWAL,Adyar Branch,C8535,Bill Payment
T401411,3,Chennai,2025-05-06,12117.69,FAILED,TRANSFER,Adyar Branch,C6624,Travel
T401412,3,Chennai,2025-05-06,33090.53,SUCCESS,TRANSFER,Adyar Branch,C3575,Education Fees
T401413,3,Chennai,2025-05-06,57218.38,SUCCESS,WITHDRAWAL,Adyar Branch,C2147,Medical Expenses
T401414,3,Chennai,2025-05-06,49467.13,FAILED,TRANSFER,Adyar Branch,C8600,Others
T401415,3,Chennai,2025-05-06,4194.08,SUCCESS,DEPOSIT,Adyar Branch,C7266,Travel
T401416,3,Chennai,2025-05-06,92027.73,SUCCESS,WITHDRAWAL,Adyar Branch,C4867,Others
T401417,3,Chennai,2025-05-06,62180.04,FAILED,WITHDRAWAL,Adyar Branch,C9821,Others
T401418,3,Chennai,2025-05-06,53493.08,FAILED,TRANSFER,Adyar Branch,C4967,Medical Expenses
T401419,3,Chennai,2025-05-06,4069.83,FAILED,DEPOSIT,Adyar Branch,C9619,Shopping
T401420,3,Chennai,2025-05-06,93532.93,FAILED,TRANSFER,Adyar Branch,C1640,Education Fees
T401421,3,Chennai,2025-05-06,11533.11,SUCCESS,WITHDRAWAL,Adyar Branch,C8567,Bill Payment
T401422,3,Chennai,2025-05-06,34524.53,FAILED,TRANSFER,Adyar Branch,C6579,Education Fees
T401423,3,Chennai,2025-05-06,39882.6,FAILED,DEPOSIT,Adyar Branch,C7260,Bill Payment
T401424,3,Chennai,2025-05-06,70312.85,FAILED,TRANSFER,Adyar Branch,C7990,Shopping
T401425,3,Chennai,2025-05-06,65366.85,SUCCESS,DEPOSIT,Adyar Branch,C5238,Travel
T401426,3,Chennai,2025-05-06,97140.58,FAILED,TRANSFER,Adyar Branch,C1324,Loan Payment
T401427,3,Chennai,2025-05-06,96900.91,SUCCESS,DEPOSIT,Adyar Branch,C2859,Loan Payment
T401428,3,Chennai,2025-05-06,28244.85,SUCCESS,TRANSFER,Adyar Branch,C2822,Travel
T401429,3,Chennai,2025-05-06,7091.99,SUCCESS,DEPOSIT,Adyar Branch,C7779,Bill Payment
T401430,3,Chennai,2025-05-06,98455.36,FAILED,TRANSFER,Adyar Branch,C3175,Travel
T401431,3,Chennai,2025-05-06,61727.98,SUCCESS,WITHDRAWAL,Adyar Branch,C6191,Education Fees
T401432,3,Chennai,2025-05-06,74886.17,SUCCESS,WITHDRAWAL,Adyar Branch,C8244,Education Fees
T401433,3,Chennai,2025-05-06,80463.05,SUCCESS,DEPOSIT,Adyar Branch,C6675,Education Fees
T401434,3,Chennai,2025-05-06,53575.25,SUCCESS,WITHDRAWAL,Adyar Branch,C6380,Bill Payment
T401435,3,Chennai,2025-05-06,60648.03,FAILED,DEPOSIT,Adyar Branch,C8127,Shopping
T401436,3,Chennai,2025-05-06,52658.43,FAILED,WITHDRAWAL,Adyar Branch,C8204,Others
T401437,3,Chennai,2025-05-06,31309.67,FAILED,TRANSFER,Adyar Branch,C3302,Others
T401438,3,Chennai,2025-05-06,55447.21,SUCCESS,TRANSFER,Adyar Branch,C8366,Others
T401439,3,Chennai,2025-05-06,23225.41,FAILED,WITHDRAWAL,Adyar Branch,C9222,Education Fees
T401440,3,Chennai,2025-05-06,8186.72,SUCCESS,TRANSFER,Adyar Branch,C7456,Medical Expenses
T401441,3,Chennai,2025-05-06,88939.16,FAILED,TRANSFER,Adyar Branch,C5390,Bill Payment
T401442,3,Chennai,2025-05-06,22835.08,FAILED,TRANSFER,Adyar Branch,C8145,Education Fees
T401443,3,Chennai,2025-05-06,30884.98,FAILED,DEPOSIT,Adyar Branch,C5478,Bill Payment
T401444,3,Chennai,2025-05-06,13771.93,SUCCESS,DEPOSIT,Adyar Branch,C3633,Others
T401445,3,Chennai,2025-05-06,97475.27,FAILED,DEPOSIT,Adyar Branch,C7536,Education Fees
T401446,3,Chennai,2025-05-06,67533.57,SUCCESS,TRANSFER,Adyar Branch,C5753,Shopping
T401447,3,Chennai,2025-05-06,97197.2,SUCCESS,DEPOSIT,Adyar Branch,C8734,Others
T401448,3,Chennai,2025-05-06,57047.58,SUCCESS,WITHDRAWAL,Adyar Branch,C3495,Shopping
T401449,3,Chennai,2025-05-06,50663.62,SUCCESS,WITHDRAWAL,Adyar Branch,C7028,Education Fees
T401450,3,Chennai,2025-05-06,17569.27,SUCCESS,TRANSFER,Adyar Branch,C9281,Bill Payment
T401451,3,Chennai,2025-05-06,65447.9,SUCCESS,DEPOSIT,Adyar Branch,C7455,Others
T401452,3,Chennai,2025-05-06,79036.56,FAILED,WITHDRAWAL,Adyar Branch,C4299,Education Fees
T401453,3,Chennai,2025-05-06,9014.38,FAILED,WITHDRAWAL,Adyar Branch,C5130,Medical Expenses
T401454,3,Chennai,2025-05-06,29903.89,FAILED,DEPOSIT,Adyar Branch,C6450,Bill Payment
T401455,3,Chennai,2025-05-06,90581.24,FAILED,WITHDRAWAL,Adyar Branch,C4854,Bill Payment
T401456,3,Chennai,2025-05-06,86913.35,SUCCESS,DEPOSIT,Adyar Branch,C9427,Others
T401457,3,Chennai,2025-05-06,4396.24,FAILED,WITHDRAWAL,Adyar Branch,C7140,Medical Expenses
T401458,3,Chennai,2025-05-06,58580.15,FAILED,WITHDRAWAL,Adyar Branch,C5839,Education Fees
T401459,3,Chennai,2025-05-06,90012.99,SUCCESS,WITHDRAWAL,Adyar Branch,C6330,Loan Payment
T401460,3,Chennai,2025-05-06,29268.37,FAILED,TRANSFER,Adyar Branch,C6149,Shopping
T401461,3,Chennai,2025-05-06,49122.04,FAILED,DEPOSIT,Adyar Branch,C9772,Loan Payment
T401462,3,Chennai,2025-05-06,88403.78,SUCCESS,TRANSFER,Adyar Branch,C7218,Education Fees
T401463,3,Chennai,2025-05-06,95654.6,SUCCESS,TRANSFER,Adyar Branch,C1943,Education Fees
T401464,3,Chennai,2025-05-06,48007.27,FAILED,TRANSFER,Adyar Branch,C2564,Others
T401465,3,Chennai,2025-05-06,85653.2,FAILED,TRANSFER,Adyar Branch,C5545,Medical Expenses
T401466,3,Chennai,2025-05-06,52159.19,SUCCESS,WITHDRAWAL,Adyar Branch,C3910,Medical Expenses
T401467,3,Chennai,2025-05-06,23139.16,SUCCESS,DEPOSIT,Adyar Branch,C9765,Medical Expenses
T401468,3,Chennai,2025-05-06,45452.89,SUCCESS,TRANSFER,Adyar Branch,C9104,Education Fees
T401469,3,Chennai,2025-05-06,65193.83,FAILED,DEPOSIT,Adyar Branch,C4440,Travel
T401470,3,Chennai,2025-05-06,72912.13,FAILED,WITHDRAWAL,Adyar Branch,C6135,Loan Payment
T401471,3,Chennai,2025-05-06,4010.73,FAILED,WITHDRAWAL,Adyar Branch,C7357,Travel
T401472,3,Chennai,2025-05-06,46293.06,FAILED,TRANSFER,Adyar Branch,C1738,Loan Payment
T401473,3,Chennai,2025-05-06,72577.41,SUCCESS,WITHDRAWAL,Adyar Branch,C6285,Loan Payment
T401474,3,Chennai,2025-05-06,45821.92,SUCCESS,WITHDRAWAL,Adyar Branch,C5227,Shopping
T401475,3,Chennai,2025-05-06,82235.21,SUCCESS,WITHDRAWAL,Adyar Branch,C7218,Loan Payment
T401476,3,Chennai,2025-05-06,96438.42,FAILED,WITHDRAWAL,Adyar Branch,C7514,Travel
T401477,3,Chennai,2025-05-06,69835.51,SUCCESS,TRANSFER,Adyar Branch,C1072,Others
T401478,3,Chennai,2025-05-06,37135.84,FAILED,TRANSFER,Adyar Branch,C8105,Education Fees
T401479,3,Chennai,2025-05-06,44248.13,FAILED,WITHDRAWAL,Adyar Branch,C5549,Travel
T401480,3,Chennai,2025-05-05,66404.57,SUCCESS,DEPOSIT,Adyar Branch,C6364,Shopping
T401481,3,Chennai,2025-05-05,77831.46,SUCCESS,DEPOSIT,Adyar Branch,C6561,Others
T401482,3,Chennai,2025-05-05,79706.84,SUCCESS,WITHDRAWAL,Adyar Branch,C5981,Bill Payment
T401483,3,Chennai,2025-05-05,57668.5,SUCCESS,WITHDRAWAL,Adyar Branch,C6476,Others
T401484,3,Chennai,2025-05-05,40921.81,FAILED,WITHDRAWAL,Adyar Branch,C5781,Others
T401485,3,Chennai,2025-05-05,18401.12,FAILED,DEPOSIT,Adyar Branch,C7381,Travel
T401486,3,Chennai,2025-05-05,29002.49,FAILED,DEPOSIT,Adyar Branch,C8795,Medical Expenses
T401487,3,Chennai,2025-05-05,25048.92,FAILED,DEPOSIT,Adyar Branch,C3222,Loan Payment
T401488,3,Chennai,2025-05-05,27480.41,SUCCESS,TRANSFER,Adyar Branch,C6508,Others
T401489,3,Chennai,2025-05-05,62648.51,SUCCESS,DEPOSIT,Adyar Branch,C6233,Medical Expenses
T401490,3,Chennai,2025-05-05,81249.93,SUCCESS,DEPOSIT,Adyar Branch,C3546,Medical Expenses
T401491,3,Chennai,2025-05-05,21522.16,SUCCESS,WITHDRAWAL,Adyar Branch,C4650,Travel
T401492,3,Chennai,2025-05-05,90250.24,SUCCESS,TRANSFER,Adyar Branch,C8353,Others
T401493,3,Chennai,2025-05-05,17183.19,FAILED,DEPOSIT,Adyar Branch,C9012,Medical Expenses
T401494,3,Chennai,2025-05-05,67639.94,SUCCESS,WITHDRAWAL,Adyar Branch,C6025,Shopping
T401495,3,Chennai,2025-05-05,75798.66,FAILED,DEPOSIT,Adyar Branch,C8580,Others
T401496,3,Chennai,2025-05-05,55944.3,SUCCESS,DEPOSIT,Adyar Branch,C6981,Medical Expenses
T401497,3,Chennai,2025-05-05,83594.46,SUCCESS,WITHDRAWAL,Adyar Branch,C2528,Travel
T401498,3,Chennai,2025-05-05,23365.99,FAILED,TRANSFER,Adyar Branch,C9947,Education Fees
T401499,3,Chennai,2025-05-05,78926.37,SUCCESS,TRANSFER,Adyar Branch,C4984,Travel
T401500,3,Chennai,2025-05-05,47158.23,FAILED,DEPOSIT,Adyar Branch,C5304,Education Fees
T401501,3,Chennai,2025-05-05,17735.62,SUCCESS,TRANSFER,Adyar Branch,C4930,Bill Payment
T401502,3,Chennai,2025-05-05,80015.24,FAILED,DEPOSIT,Adyar Branch,C3311,Travel
T401503,3,Chennai,2025-05-05,56496.03,SUCCESS,DEPOSIT,Adyar Branch,C5486,Others
T401504,3,Chennai,2025-05-05,28594.61,FAILED,WITHDRAWAL,Adyar Branch,C7858,Loan Payment
T401505,3,Chennai,2025-05-05,56299.79,SUCCESS,WITHDRAWAL,Adyar Branch,C7855,Education Fees
T401506,3,Chennai,2025-05-05,54192.34,SUCCESS,TRANSFER,Adyar Branch,C3624,Others
T401507,3,Chennai,2025-05-05,47661.81,SUCCESS,WITHDRAWAL,Adyar Branch,C3436,Loan Payment
T401508,3,Chennai,2025-05-05,89348.01,FAILED,DEPOSIT,Adyar Branch,C6862,Travel
T401509,3,Chennai,2025-05-05,66233.76,SUCCESS,WITHDRAWAL,Adyar Branch,C1225,Travel
T401510,3,Chennai,2025-05-05,97747.0,SUCCESS,DEPOSIT,Adyar Branch,C4115,Others
T401511,3,Chennai,2025-05-05,73336.41,FAILED,TRANSFER,Adyar Branch,C4597,Medical Expenses
T401512,3,Chennai,2025-05-05,94344.55,FAILED,WITHDRAWAL,Adyar Branch,C7764,Medical Expenses
T401513,3,Chennai,2025-05-05,80018.76,SUCCESS,WITHDRAWAL,Adyar Branch,C1937,Bill Payment
T401514,3,Chennai,2025-05-05,32522.75,FAILED,TRANSFER,Adyar Branch,C9402,Shopping
T401515,3,Chennai,2025-05-05,93910.57,FAILED,WITHDRAWAL,Adyar Branch,C2679,Education Fees
T401516,3,Chennai,2025-05-05,79117.13,FAILED,DEPOSIT,Adyar Branch,C9770,Travel
T401517,3,Chennai,2025-05-05,135.12,SUCCESS,TRANSFER,Adyar Branch,C3196,Education Fees
T401518,3,Chennai,2025-05-05,32253.19,FAILED,WITHDRAWAL,Adyar Branch,C5440,Education Fees
T401519,3,Chennai,2025-05-05,8761.42,FAILED,WITHDRAWAL,Adyar Branch,C2559,Bill Payment
T401520,3,Chennai,2025-05-05,45401.24,FAILED,DEPOSIT,Adyar Branch,C5001,Bill Payment
T401521,3,Chennai,2025-05-05,37802.99,FAILED,DEPOSIT,Adyar Branch,C8866,Education Fees
T401522,3,Chennai,2025-05-05,56237.26,FAILED,TRANSFER,Adyar Branch,C4785,Loan Payment
T401523,3,Chennai,2025-05-05,99659.51,FAILED,TRANSFER,Adyar Branch,C3940,Others
T401524,3,Chennai,2025-05-05,62511.85,FAILED,TRANSFER,Adyar Branch,C2022,Medical Expenses
T401525,3,Chennai,2025-05-05,61942.98,FAILED,TRANSFER,Adyar Branch,C6556,Loan Payment
T401526,3,Chennai,2025-05-05,15176.15,SUCCESS,DEPOSIT,Adyar Branch,C6981,Medical Expenses
T401527,3,Chennai,2025-05-05,16717.13,SUCCESS,WITHDRAWAL,Adyar Branch,C5220,Shopping
T401528,3,Chennai,2025-05-05,42148.41,FAILED,TRANSFER,Adyar Branch,C1842,Education Fees
T401529,3,Chennai,2025-05-05,35110.02,FAILED,WITHDRAWAL,Adyar Branch,C4172,Bill Payment
T401530,3,Chennai,2025-05-05,62583.1,SUCCESS,TRANSFER,Adyar Branch,C1832,Travel
T401531,3,Chennai,2025-05-05,25462.11,SUCCESS,TRANSFER,Adyar Branch,C4924,Bill Payment
T401532,3,Chennai,2025-05-05,34069.96,SUCCESS,DEPOSIT,Adyar Branch,C9003,Shopping
T401533,3,Chennai,2025-05-05,33394.98,FAILED,TRANSFER,Adyar Branch,C9802,Medical Expenses
T401534,3,Chennai,2025-05-05,77226.45,FAILED,TRANSFER,Adyar Branch,C7927,Medical Expenses
T401535,3,Chennai,2025-05-05,18291.75,SUCCESS,DEPOSIT,Adyar Branch,C7268,Others
T401536,3,Chennai,2025-05-05,70443.21,SUCCESS,WITHDRAWAL,Adyar Branch,C7599,Education Fees
T401537,3,Chennai,2025-05-05,77743.91,SUCCESS,DEPOSIT,Adyar Branch,C5948,Bill Payment
T401538,3,Chennai,2025-05-05,13707.19,SUCCESS,TRANSFER,Adyar Branch,C1153,Loan Payment
T401539,3,Chennai,2025-05-05,83581.58,SUCCESS,WITHDRAWAL,Adyar Branch,C9960,Loan Payment
T401540,3,Chennai,2025-05-05,83578.85,FAILED,TRANSFER,Adyar Branch,C6153,Medical Expenses
T401541,3,Chennai,2025-05-05,45240.96,FAILED,WITHDRAWAL,Adyar Branch,C2498,Shopping
T401542,3,Chennai,2025-05-05,47491.48,FAILED,DEPOSIT,Adyar Branch,C7726,Shopping
T401543,3,Chennai,2025-05-05,72286.21,SUCCESS,WITHDRAWAL,Adyar Branch,C4296,Education Fees
T401544,3,Chennai,2025-05-05,53240.48,SUCCESS,DEPOSIT,Adyar Branch,C1688,Bill Payment
T401545,3,Chennai,2025-05-05,85922.41,FAILED,DEPOSIT,Adyar Branch,C9664,Shopping
T401546,3,Chennai,2025-05-05,63714.41,FAILED,TRANSFER,Adyar Branch,C2829,Shopping
T401547,3,Chennai,2025-05-05,15387.53,FAILED,DEPOSIT,Adyar Branch,C2434,Others
T401548,3,Chennai,2025-05-05,68749.56,SUCCESS,WITHDRAWAL,Adyar Branch,C3080,Education Fees
T401549,3,Chennai,2025-05-05,26403.12,SUCCESS,TRANSFER,Adyar Branch,C3896,Travel
T401550,3,Chennai,2025-05-04,39643.24,SUCCESS,WITHDRAWAL,Adyar Branch,C7404,Loan Payment
T401551,3,Chennai,2025-05-04,19467.76,FAILED,TRANSFER,Adyar Branch,C1141,Travel
T401552,3,Chennai,2025-05-04,16443.16,FAILED,WITHDRAWAL,Adyar Branch,C6180,Travel
T401553,3,Chennai,2025-05-04,93302.31,SUCCESS,WITHDRAWAL,Adyar Branch,C7444,Bill Payment
T401554,3,Chennai,2025-05-04,25023.08,FAILED,WITHDRAWAL,Adyar Branch,C1258,Bill Payment
T401555,3,Chennai,2025-05-04,38106.47,FAILED,TRANSFER,Adyar Branch,C4155,Travel
T401556,3,Chennai,2025-05-04,82876.65,FAILED,WITHDRAWAL,Adyar Branch,C7293,Others
T401557,3,Chennai,2025-05-04,60095.62,SUCCESS,WITHDRAWAL,Adyar Branch,C8858,Travel
T401558,3,Chennai,2025-05-04,7285.29,SUCCESS,WITHDRAWAL,Adyar Branch,C4963,Education Fees
T401559,3,Chennai,2025-05-04,77213.96,SUCCESS,WITHDRAWAL,Adyar Branch,C1262,Medical Expenses
T401560,3,Chennai,2025-05-04,5918.29,SUCCESS,TRANSFER,Adyar Branch,C4057,Loan Payment
T401561,3,Chennai,2025-05-04,44044.04,FAILED,DEPOSIT,Adyar Branch,C1380,Medical Expenses
T401562,3,Chennai,2025-05-04,51027.72,SUCCESS,WITHDRAWAL,Adyar Branch,C9311,Travel
T401563,3,Chennai,2025-05-04,72836.09,FAILED,TRANSFER,Adyar Branch,C3616,Bill Payment
T401564,3,Chennai,2025-05-04,95595.04,SUCCESS,WITHDRAWAL,Adyar Branch,C7032,Shopping
T401565,3,Chennai,2025-05-04,61041.35,SUCCESS,DEPOSIT,Adyar Branch,C4738,Shopping
T401566,3,Chennai,2025-05-04,11966.92,FAILED,TRANSFER,Adyar Branch,C1150,Others
T401567,3,Chennai,2025-05-04,77679.46,FAILED,TRANSFER,Adyar Branch,C9749,Bill Payment
T401568,3,Chennai,2025-05-04,98183.86,SUCCESS,DEPOSIT,Adyar Branch,C1140,Education Fees
T401569,3,Chennai,2025-05-04,3552.73,FAILED,TRANSFER,Adyar Branch,C5704,Shopping
T401570,3,Chennai,2025-05-04,18678.06,SUCCESS,WITHDRAWAL,Adyar Branch,C6711,Shopping
T401571,3,Chennai,2025-05-04,42567.65,SUCCESS,WITHDRAWAL,Adyar Branch,C9887,Loan Payment
T401572,3,Chennai,2025-05-04,28263.45,SUCCESS,DEPOSIT,Adyar Branch,C1239,Education Fees
T401573,3,Chennai,2025-05-04,47350.12,FAILED,DEPOSIT,Adyar Branch,C4393,Education Fees
T401574,3,Chennai,2025-05-04,172.28,SUCCESS,DEPOSIT,Adyar Branch,C3101,Medical Expenses
T401575,3,Chennai,2025-05-04,73366.3,FAILED,WITHDRAWAL,Adyar Branch,C6600,Shopping
T401576,3,Chennai,2025-05-04,15414.83,FAILED,DEPOSIT,Adyar Branch,C5816,Education Fees
T401577,3,Chennai,2025-05-04,55191.27,FAILED,TRANSFER,Adyar Branch,C6120,Medical Expenses
T401578,3,Chennai,2025-05-04,51333.7,FAILED,DEPOSIT,Adyar Branch,C8905,Medical Expenses
T401579,3,Chennai,2025-05-04,14909.49,SUCCESS,WITHDRAWAL,Adyar Branch,C1078,Medical Expenses
T401580,3,Chennai,2025-05-04,93641.24,FAILED,DEPOSIT,Adyar Branch,C5657,Education Fees
T401581,3,Chennai,2025-05-04,15653.92,FAILED,DEPOSIT,Adyar Branch,C9857,Medical Expenses
T401582,3,Chennai,2025-05-04,53109.28,FAILED,WITHDRAWAL,Adyar Branch,C6443,Loan Payment
T401583,3,Chennai,2025-05-04,45589.14,SUCCESS,DEPOSIT,Adyar Branch,C6911,Shopping
T401584,3,Chennai,2025-05-04,87917.29,FAILED,DEPOSIT,Adyar Branch,C5587,Medical Expenses
T401585,3,Chennai,2025-05-04,94340.31,FAILED,TRANSFER,Adyar Branch,C3385,Shopping
T401586,3,Chennai,2025-05-04,32008.95,FAILED,TRANSFER,Adyar Branch,C1901,Education Fees
T401587,3,Chennai,2025-05-04,37588.03,SUCCESS,WITHDRAWAL,Adyar Branch,C3507,Education Fees
T401588,3,Chennai,2025-05-04,59685.71,FAILED,DEPOSIT,Adyar Branch,C7580,Bill Payment
T401589,3,Chennai,2025-05-04,61833.47,FAILED,TRANSFER,Adyar Branch,C7197,Others
T401590,3,Chennai,2025-05-04,53689.15,FAILED,WITHDRAWAL,Adyar Branch,C7968,Loan Payment
T401591,3,Chennai,2025-05-04,87471.52,SUCCESS,WITHDRAWAL,Adyar Branch,C7217,Medical Expenses
T401592,3,Chennai,2025-05-04,18678.23,SUCCESS,DEPOSIT,Adyar Branch,C3130,Travel
T401593,3,Chennai,2025-05-04,46281.51,SUCCESS,WITHDRAWAL,Adyar Branch,C4026,Bill Payment
T401594,3,Chennai,2025-05-04,12619.68,SUCCESS,WITHDRAWAL,Adyar Branch,C9383,Medical Expenses
T401595,3,Chennai,2025-05-04,38725.01,FAILED,WITHDRAWAL,Adyar Branch,C6077,Bill Payment
T401596,3,Chennai,2025-05-04,78544.33,SUCCESS,TRANSFER,Adyar Branch,C1155,Others
T401597,3,Chennai,2025-05-04,55162.08,SUCCESS,TRANSFER,Adyar Branch,C5706,Shopping
T401598,3,Chennai,2025-05-04,5964.6,FAILED,TRANSFER,Adyar Branch,C9123,Loan Payment
T401599,3,Chennai,2025-05-04,29884.17,SUCCESS,DEPOSIT,Adyar Branch,C2228,Education Fees
T401600,3,Chennai,2025-05-04,916.25,FAILED,DEPOSIT,Adyar Branch,C6417,Others
T401601,3,Chennai,2025-05-04,10404.24,FAILED,DEPOSIT,Adyar Branch,C8952,Others
T401602,3,Chennai,2025-05-04,10550.83,SUCCESS,DEPOSIT,Adyar Branch,C9287,Bill Payment
T401603,3,Chennai,2025-05-04,31355.2,FAILED,DEPOSIT,Adyar Branch,C9348,Travel
T401604,3,Chennai,2025-05-04,94042.9,FAILED,TRANSFER,Adyar Branch,C9209,Education Fees
T401605,3,Chennai,2025-05-04,6657.96,FAILED,WITHDRAWAL,Adyar Branch,C3729,Loan Payment
T401606,3,Chennai,2025-05-04,49678.9,SUCCESS,DEPOSIT,Adyar Branch,C1737,Loan Payment
T401607,3,Chennai,2025-05-04,27485.34,SUCCESS,DEPOSIT,Adyar Branch,C5564,Travel
T401608,3,Chennai,2025-05-04,32261.0,SUCCESS,WITHDRAWAL,Adyar Branch,C1018,Medical Expenses
T401609,3,Chennai,2025-05-04,39817.53,SUCCESS,DEPOSIT,Adyar Branch,C6406,Education Fees
T401610,3,Chennai,2025-05-04,8730.36,SUCCESS,TRANSFER,Adyar Branch,C6486,Others
T401611,3,Chennai,2025-05-04,78816.96,SUCCESS,TRANSFER,Adyar Branch,C7990,Shopping
T401612,3,Chennai,2025-05-04,17477.46,SUCCESS,TRANSFER,Adyar Branch,C3280,Medical Expenses
T401613,3,Chennai,2025-05-04,47447.34,SUCCESS,TRANSFER,Adyar Branch,C5782,Others
T401614,3,Chennai,2025-05-04,62002.72,FAILED,WITHDRAWAL,Adyar Branch,C5485,Medical Expenses
T401615,3,Chennai,2025-05-04,97159.06,SUCCESS,WITHDRAWAL,Adyar Branch,C3923,Loan Payment
T401616,3,Chennai,2025-05-04,58158.17,SUCCESS,WITHDRAWAL,Adyar Branch,C9447,Others
T401617,3,Chennai,2025-05-04,99706.82,FAILED,TRANSFER,Adyar Branch,C2459,Education Fees
T401618,3,Chennai,2025-05-04,32288.44,SUCCESS,WITHDRAWAL,Adyar Branch,C7582,Travel
T401619,3,Chennai,2025-05-04,83872.2,FAILED,DEPOSIT,Adyar Branch,C1060,Shopping
T401620,3,Chennai,2025-05-04,278.73,SUCCESS,WITHDRAWAL,Adyar Branch,C8588,Education Fees
T401621,3,Chennai,2025-05-04,66345.96,FAILED,DEPOSIT,Adyar Branch,C3484,Others
T401622,3,Chennai,2025-05-04,80494.48,SUCCESS,TRANSFER,Adyar Branch,C7182,Loan Payment
T401623,3,Chennai,2025-05-04,29510.6,SUCCESS,WITHDRAWAL,Adyar Branch,C3139,Bill Payment
T401624,3,Chennai,2025-05-04,4819.67,FAILED,DEPOSIT,Adyar Branch,C8891,Others
T401625,3,Chennai,2025-05-04,65881.33,FAILED,TRANSFER,Adyar Branch,C6103,Education Fees
T401626,3,Chennai,2025-05-04,93539.89,SUCCESS,WITHDRAWAL,Adyar Branch,C4460,Education Fees
T401627,3,Chennai,2025-05-04,43311.75,SUCCESS,TRANSFER,Adyar Branch,C6250,Education Fees
T401628,3,Chennai,2025-05-04,49489.1,FAILED,DEPOSIT,Adyar Branch,C3426,Others
T401629,3,Chennai,2025-05-03,47094.02,SUCCESS,DEPOSIT,Adyar Branch,C1643,Travel
T401630,3,Chennai,2025-05-03,69273.95,SUCCESS,DEPOSIT,Adyar Branch,C8179,Others
T401631,3,Chennai,2025-05-03,21317.08,FAILED,TRANSFER,Adyar Branch,C3609,Shopping
T401632,3,Chennai,2025-05-03,21058.83,FAILED,WITHDRAWAL,Adyar Branch,C5432,Education Fees
T401633,3,Chennai,2025-05-03,595.37,FAILED,WITHDRAWAL,Adyar Branch,C3252,Medical Expenses
T401634,3,Chennai,2025-05-03,50354.96,SUCCESS,DEPOSIT,Adyar Branch,C7551,Education Fees
T401635,3,Chennai,2025-05-03,34484.68,SUCCESS,DEPOSIT,Adyar Branch,C5677,Medical Expenses
T401636,3,Chennai,2025-05-03,21229.43,FAILED,DEPOSIT,Adyar Branch,C8771,Travel
T401637,3,Chennai,2025-05-03,25411.87,FAILED,DEPOSIT,Adyar Branch,C9178,Travel
T401638,3,Chennai,2025-05-03,440.79,FAILED,TRANSFER,Adyar Branch,C3023,Shopping
T401639,3,Chennai,2025-05-03,98684.91,FAILED,WITHDRAWAL,Adyar Branch,C5647,Bill Payment
T401640,3,Chennai,2025-05-03,49527.63,SUCCESS,WITHDRAWAL,Adyar Branch,C5686,Shopping
T401641,3,Chennai,2025-05-03,78917.39,SUCCESS,DEPOSIT,Adyar Branch,C6247,Medical Expenses
T401642,3,Chennai,2025-05-03,84466.61,FAILED,TRANSFER,Adyar Branch,C9610,Shopping
T401643,3,Chennai,2025-05-03,46360.85,SUCCESS,TRANSFER,Adyar Branch,C1559,Medical Expenses
T401644,3,Chennai,2025-05-03,37427.61,SUCCESS,WITHDRAWAL,Adyar Branch,C1390,Bill Payment
T401645,3,Chennai,2025-05-03,13058.72,SUCCESS,DEPOSIT,Adyar Branch,C2627,Others
T401646,3,Chennai,2025-05-03,57356.56,FAILED,DEPOSIT,Adyar Branch,C5664,Others
T401647,3,Chennai,2025-05-03,36357.03,SUCCESS,DEPOSIT,Adyar Branch,C9921,Education Fees
T401648,3,Chennai,2025-05-03,56556.86,FAILED,WITHDRAWAL,Adyar Branch,C2055,Travel
T401649,3,Chennai,2025-05-03,13486.93,SUCCESS,WITHDRAWAL,Adyar Branch,C5315,Others
T401650,3,Chennai,2025-05-03,93100.81,SUCCESS,DEPOSIT,Adyar Branch,C4245,Education Fees
T401651,3,Chennai,2025-05-03,33042.3,FAILED,WITHDRAWAL,Adyar Branch,C9057,Medical Expenses
T401652,3,Chennai,2025-05-03,94275.4,FAILED,WITHDRAWAL,Adyar Branch,C6979,Medical Expenses
T401653,3,Chennai,2025-05-03,2600.88,SUCCESS,DEPOSIT,Adyar Branch,C6489,Bill Payment
T401654,3,Chennai,2025-05-03,73468.5,SUCCESS,WITHDRAWAL,Adyar Branch,C1929,Travel
T401655,3,Chennai,2025-05-03,31287.04,SUCCESS,DEPOSIT,Adyar Branch,C3191,Bill Payment
T401656,3,Chennai,2025-05-03,80258.09,FAILED,TRANSFER,Adyar Branch,C2276,Others
T401657,3,Chennai,2025-05-03,11047.5,FAILED,DEPOSIT,Adyar Branch,C1188,Travel
T401658,3,Chennai,2025-05-03,53163.88,FAILED,TRANSFER,Adyar Branch,C7135,Bill Payment
T401659,3,Chennai,2025-05-03,21673.35,FAILED,TRANSFER,Adyar Branch,C3237,Education Fees
T401660,3,Chennai,2025-05-03,83150.77,FAILED,WITHDRAWAL,Adyar Branch,C7312,Travel
T401661,3,Chennai,2025-05-03,30946.74,FAILED,TRANSFER,Adyar Branch,C1947,Bill Payment
T401662,3,Chennai,2025-05-03,87382.71,FAILED,TRANSFER,Adyar Branch,C6169,Travel
T401663,3,Chennai,2025-05-03,20655.83,SUCCESS,DEPOSIT,Adyar Branch,C7382,Travel
T401664,3,Chennai,2025-05-03,3103.69,SUCCESS,TRANSFER,Adyar Branch,C4147,Travel
T401665,3,Chennai,2025-05-03,47248.54,SUCCESS,TRANSFER,Adyar Branch,C2224,Shopping
T401666,3,Chennai,2025-05-03,16192.67,FAILED,DEPOSIT,Adyar Branch,C3772,Loan Payment
T401667,3,Chennai,2025-05-03,50862.59,SUCCESS,DEPOSIT,Adyar Branch,C3590,Others
T401668,3,Chennai,2025-05-03,59970.37,FAILED,DEPOSIT,Adyar Branch,C9947,Travel
T401669,3,Chennai,2025-05-03,14670.6,FAILED,DEPOSIT,Adyar Branch,C9826,Others
T401670,3,Chennai,2025-05-03,29447.79,SUCCESS,DEPOSIT,Adyar Branch,C3429,Loan Payment
T401671,3,Chennai,2025-05-03,7939.45,FAILED,WITHDRAWAL,Adyar Branch,C6517,Shopping
T401672,3,Chennai,2025-05-03,4562.58,SUCCESS,WITHDRAWAL,Adyar Branch,C3257,Bill Payment
T401673,3,Chennai,2025-05-03,6728.97,SUCCESS,DEPOSIT,Adyar Branch,C9454,Bill Payment
T401674,3,Chennai,2025-05-03,83448.06,SUCCESS,TRANSFER,Adyar Branch,C8706,Medical Expenses
T401675,3,Chennai,2025-05-03,95927.22,SUCCESS,DEPOSIT,Adyar Branch,C9363,Loan Payment
T401676,3,Chennai,2025-05-03,68579.38,SUCCESS,WITHDRAWAL,Adyar Branch,C9781,Shopping
T401677,3,Chennai,2025-05-03,64459.42,SUCCESS,TRANSFER,Adyar Branch,C3328,Loan Payment
T401678,3,Chennai,2025-05-03,20439.53,FAILED,TRANSFER,Adyar Branch,C8968,Others
T401679,3,Chennai,2025-05-03,83758.16,SUCCESS,TRANSFER,Adyar Branch,C5162,Education Fees
T401680,3,Chennai,2025-05-03,15654.11,SUCCESS,DEPOSIT,Adyar Branch,C8970,Shopping
T401681,3,Chennai,2025-05-03,66988.11,SUCCESS,TRANSFER,Adyar Branch,C5925,Medical Expenses
T401682,3,Chennai,2025-05-03,58251.99,SUCCESS,WITHDRAWAL,Adyar Branch,C7931,Bill Payment
T401683,3,Chennai,2025-05-03,38196.94,FAILED,TRANSFER,Adyar Branch,C6738,Bill Payment
T401684,3,Chennai,2025-05-03,31726.53,SUCCESS,DEPOSIT,Adyar Branch,C4250,Medical Expenses
T401685,3,Chennai,2025-05-03,15852.55,SUCCESS,TRANSFER,Adyar Branch,C7254,Bill Payment
T401686,3,Chennai,2025-05-03,65834.61,SUCCESS,WITHDRAWAL,Adyar Branch,C1161,Medical Expenses
T401687,3,Chennai,2025-05-03,10252.07,SUCCESS,WITHDRAWAL,Adyar Branch,C1729,Bill Payment
T401688,3,Chennai,2025-05-03,91361.61,SUCCESS,TRANSFER,Adyar Branch,C3030,Others
T401689,3,Chennai,2025-05-03,22791.49,FAILED,DEPOSIT,Adyar Branch,C4208,Bill Payment
T401690,3,Chennai,2025-05-03,63387.84,FAILED,WITHDRAWAL,Adyar Branch,C4028,Travel
T401691,3,Chennai,2025-05-03,41617.42,SUCCESS,DEPOSIT,Adyar Branch,C1492,Bill Payment
T401692,3,Chennai,2025-05-03,83439.61,SUCCESS,DEPOSIT,Adyar Branch,C3820,Others
T401693,3,Chennai,2025-05-03,50648.17,FAILED,DEPOSIT,Adyar Branch,C2566,Shopping
T401694,3,Chennai,2025-05-03,92961.38,FAILED,TRANSFER,Adyar Branch,C1558,Medical Expenses
T401695,3,Chennai,2025-05-03,90379.17,FAILED,DEPOSIT,Adyar Branch,C4688,Bill Payment
T401696,3,Chennai,2025-05-03,94396.01,FAILED,WITHDRAWAL,Adyar Branch,C9187,Travel
T401697,3,Chennai,2025-05-03,27436.89,SUCCESS,TRANSFER,Adyar Branch,C1531,Others
T401698,3,Chennai,2025-05-03,97858.83,SUCCESS,TRANSFER,Adyar Branch,C6378,Loan Payment
T401699,3,Chennai,2025-05-03,37105.22,SUCCESS,DEPOSIT,Adyar Branch,C4937,Medical Expenses
T401700,3,Chennai,2025-05-03,23512.79,FAILED,TRANSFER,Adyar Branch,C6554,Bill Payment
T401701,3,Chennai,2025-05-03,70155.93,FAILED,TRANSFER,Adyar Branch,C4201,Bill Payment
T401702,3,Chennai,2025-05-03,81409.04,FAILED,DEPOSIT,Adyar Branch,C5529,Education Fees
T401703,3,Chennai,2025-05-03,58187.91,SUCCESS,TRANSFER,Adyar Branch,C2982,Medical Expenses
T401704,3,Chennai,2025-05-03,60668.52,SUCCESS,WITHDRAWAL,Adyar Branch,C5977,Others
T401705,3,Chennai,2025-05-03,16111.32,SUCCESS,DEPOSIT,Adyar Branch,C9232,Shopping
T401706,3,Chennai,2025-05-03,87927.55,FAILED,DEPOSIT,Adyar Branch,C3970,Travel
T401707,3,Chennai,2025-05-03,84308.3,SUCCESS,TRANSFER,Adyar Branch,C5970,Travel
T401708,3,Chennai,2025-05-03,90580.73,FAILED,TRANSFER,Adyar Branch,C4341,Others
T401709,3,Chennai,2025-05-03,19225.89,FAILED,TRANSFER,Adyar Branch,C1365,Medical Expenses
T401710,3,Chennai,2025-05-03,83960.61,FAILED,DEPOSIT,Adyar Branch,C2224,Medical Expenses
T401711,3,Chennai,2025-05-03,1046.71,FAILED,DEPOSIT,Adyar Branch,C9790,Education Fees
T401712,3,Chennai,2025-05-03,71189.23,SUCCESS,DEPOSIT,Adyar Branch,C4907,Bill Payment
T401713,3,Chennai,2025-05-03,64939.69,FAILED,WITHDRAWAL,Adyar Branch,C6287,Others
T401714,3,Chennai,2025-05-03,40048.24,SUCCESS,WITHDRAWAL,Adyar Branch,C1509,Travel
T401715,3,Chennai,2025-05-03,92040.72,SUCCESS,DEPOSIT,Adyar Branch,C3625,Others
T401716,3,Chennai,2025-05-03,44970.95,FAILED,WITHDRAWAL,Adyar Branch,C1384,Loan Payment
T401717,3,Chennai,2025-05-03,31278.08,SUCCESS,TRANSFER,Adyar Branch,C2712,Others
T401718,3,Chennai,2025-05-03,29982.59,FAILED,WITHDRAWAL,Adyar Branch,C2150,Medical Expenses
T401719,3,Chennai,2025-05-03,66527.06,SUCCESS,TRANSFER,Adyar Branch,C1731,Medical Expenses
T401720,3,Chennai,2025-05-03,77573.77,FAILED,DEPOSIT,Adyar Branch,C1444,Loan Payment
