TRANSACTION_ID,BRANCH_ID,CITY,DATE,AMOUNT,STATUS,TRANSACTION_TYPE,BRANCH_NAME,CUSTOMER_ID,PURPOSE
T400600,2,Chennai,2025-05-09,20699.41,FAILED,WITHDRAWAL,Anna Nagar Branch,C4120,Loan Payment
T400601,2,Chennai,2025-05-09,74159.56,SUCCESS,DEPOSIT,Anna Nagar Branch,C1764,Bill Payment
T400602,2,Chennai,2025-05-09,41911.68,FAILED,WITHDRAWAL,Anna Nagar Branch,C7421,Shopping
T400603,2,Chennai,2025-05-09,87015.4,FAILED,DEPOSIT,Anna Nagar Branch,C8025,Education Fees
T400604,2,Chennai,2025-05-09,55319.1,FAILED,DEPOSIT,Anna Nagar Branch,C1066,Travel
T400605,2,Chennai,2025-05-09,35857.43,FAILED,WITHDRAWAL,Anna Nagar Branch,C6173,Shopping
T400606,2,Chennai,2025-05-09,57795.06,FAILED,TRANSFER,Anna Nagar Branch,C4282,Education Fees
T400607,2,Chennai,2025-05-09,51603.72,SUCCESS,WITHDRAWAL,Anna Nagar Branch,C7745,Loan Payment
T400608,2,Chennai,2025-05-09,88985.74,FAILED,DEPOSIT,Anna Nagar Branch,C1185,Medical Expenses
T400609,2,Chennai,2025-05-09,38551.18,FAILED,WITHDRAWAL,Anna Nagar Branch,C7491,Others
T400610,2,Chennai,2025-05-09,18648.71,FAILED,TRANSFER,Anna Nagar Branch,C1058,Shopping
T400611,2,Chennai,2025-05-09,81633.78,SUCCESS,DEPOSIT,Anna Nagar Branch,C2783,Others
T400612,2,Chennai,2025-05-09,34708.33,SUCCESS,WITHDRAWAL,Anna Nagar Branch,C2362,Shopping
T400613,2,Chennai,2025-05-09,76362.83,FAILED,WITHDRAWAL,Anna Nagar Branch,C8681,Others
T400614,2,Chennai,2025-05-09,21270.8,FAILED,WITHDRAWAL,Anna Nagar Branch,C6709,Others
T400615,2,Chennai,2025-05-09,91238.6,FAILED,TRANSFER,Anna Nagar Branch,C8468,Medical Expenses
T400616,2,Chennai,2025-05-09,98766.18,FAILED,TRANSFER,Anna Nagar Branch,C4605,Medical Expenses
T400617,2,Chennai,2025-05-09,46485.42,FAILED,DEPOSIT,Anna Nagar Branch,C7299,Others
T400618,2,Chennai,2025-05-09,71134.07,SUCCESS,TRANSFER,Anna Nagar Branch,C2824,Loan Payment
T400619,2,Chennai,2025-05-09,77897.13,SUCCESS,TRANSFER,Anna Nagar Branch,C5355,Bill Payment
T400620,2,Chennai,2025-05-09,26394.02,FAILED,WITHDRAWAL,Anna Nagar Branch,C1574,Bill Payment
T400621,2,Chennai,2025-05-09,24338.73,FAILED,DEPOSIT,Anna Nagar Branch,C7732,Education Fees
T400622,2,Chennai,2025-05-09,16256.23,FAILED,TRANSFER,Anna Nagar Branch,C2657,Others
T400623,2,Chennai,2025-05-09,60851.2,SUCCESS,DEPOSIT,Anna Nagar Branch,C9502,Loan Payment
T400624,2,Chennai,2025-05-09,27348.55,SUCCESS,TRANSFER,Anna Nagar Branch,C8861,Travel
T400625,2,Chennai,2025-05-09,38608.79,FAILED,WITHDRAWAL,Anna Nagar Branch,C9523,Medical Expenses
T400626,2,Chennai,2025-05-09,14331.41,FAILED,DEPOSIT,Anna Nagar Branch,C9551,Shopping
T400627,2,Chennai,2025-05-09,18310.2,SUCCESS,TRANSFER,Anna Nagar Branch,C1150,Medical Expenses
T400628,2,Chennai,2025-05-09,54096.2,SUCCESS,DEPOSIT,Anna Nagar Branch,C5822,Loan Payment
T400629,2,Chennai,2025-05-09,52269.99,FAILED,WITHDRAWAL,Anna Nagar Branch,C2131,Shopping
T400630,2,Chennai,2025-05-09,16751.33,FAILED,TRANSFER,Anna Nagar Branch,C1461,Travel
T400631,2,Chennai,2025-05-09,64347.06,FAILED,WITHDRAWAL,Anna Nagar Branch,C1828,Travel
T400632,2,Chennai,2025-05-09,6787.9,FAILED,DEPOSIT,Anna Nagar Branch,C3652,Shopping
T400633,2,Chennai,2025-05-09,52519.66,FAILED,WITHDRAWAL,Anna Nagar Branch,C7213,Shopping
T400634,2,Chennai,2025-05-09,36820.19,FAILED,DEPOSIT,Anna Nagar Branch,C1520,Medical Expenses
T400635,2,Chennai,2025-05-09,82491.53,SUCCESS,WITHDRAWAL,Anna Nagar Branch,C8209,Shopping
T400636,2,Chennai,2025-05-09,11859.54,SUCCESS,WITHDRAWAL,Anna Nagar Branch,C4136,Bill Payment
T400637,2,Chennai,2025-05-09,2269.78,FAILED,WITHDRAWAL,Anna Nagar Branch,C9312,Medical Expenses
T400638,2,Chennai,2025-05-09,23285.35,SUCCESS,DEPOSIT,Anna Nagar Branch,C2599,Others
T400639,2,Chennai,2025-05-09,25439.12,FAILED,TRANSFER,Anna Nagar Branch,C6995,Bill Payment
T400640,2,Chennai,2025-05-09,48361.04,FAILED,WITHDRAWAL,Anna Nagar Branch,C3159,Others
T400641,2,Chennai,2025-05-09,474.21,FAILED,TRANSFER,Anna Nagar Branch,C1059,Travel
T400642,2,Chennai,2025-05-09,61230.05,FAILED,WITHDRAWAL,Anna Nagar Branch,C5224,Education Fees
T400643,2,Chennai,2025-05-09,92726.15,SUCCESS,TRANSFER,Anna Nagar Branch,C2193,Shopping
T400644,2,Chennai,2025-05-09,60595.52,SUCCESS,WITHDRAWAL,Anna Nagar Branch,C4016,Shopping
T400645,2,Chennai,2025-05-09,38819.12,SUCCESS,DEPOSIT,Anna Nagar Branch,C1324,Loan Payment
T400646,2,Chennai,2025-05-09,7544.52,SUCCESS,TRANSFER,Anna Nagar Branch,C2230,Travel
T400647,2,Chennai,2025-05-09,29401.44,FAILED,WITHDRAWAL,Anna Nagar Branch,C4083,Others
T400648,2,Chennai,2025-05-09,855.5,FAILED,DEPOSIT,Anna Nagar Branch,C8384,Travel
T400649,2,Chennai,2025-05-09,82994.76,FAILED,WITHDRAWAL,Anna Nagar Branch,C3151,Shopping
T400650,2,Chennai,2025-05-09,62899.72,SUCCESS,TRANSFER,Anna Nagar Branch,C5495,Others
T400651,2,Chennai,2025-05-09,66106.81,SUCCESS,WITHDRAWAL,Anna Nagar Branch,C8966,Others
T400652,2,Chennai,2025-05-09,59741.95,FAILED,WITHDRAWAL,Anna Nagar Branch,C5614,Education Fees
T400653,2,Chennai,2025-05-09,17891.13,FAILED,DEPOSIT,Anna Nagar Branch,C9501,Loan Payment
T400654,2,Chennai,2025-05-09,78283.44,FAILED,TRANSFER,Anna Nagar Branch,C6154,Medical Expenses
T400655,2,Chennai,2025-05-09,83548.15,FAILED,TRANSFER,Anna Nagar Branch,C4794,Shopping
T400656,2,Chennai,2025-05-09,65150.45,FAILED,TRANSFER,Anna Nagar Branch,C8518,Education Fees
T400657,2,Chennai,2025-05-09,60655.79,SUCCESS,WITHDRAWAL,Anna Nagar Branch,C3305,Others
T400658,2,Chennai,2025-05-09,6948.34,SUCCESS,DEPOSIT,Anna Nagar Branch,C6220,Bill Payment
T400659,2,Chennai,2025-05-09,9817.61,SUCCESS,WITHDRAWAL,Anna Nagar Branch,C6164,Bill Payment
T400660,2,Chennai,2025-05-09,33306.63,FAILED,WITHDRAWAL,Anna Nagar Branch,C5355,Education Fees
T400661,2,Chennai,2025-05-09,82044.24,SUCCESS,TRANSFER,Anna Nagar Branch,C6812,Loan Payment
T400662,2,Chennai,2025-05-09,47930.97,FAILED,DEPOSIT,Anna Nagar Branch,C9056,Bill Payment
T400663,2,Chennai,2025-05-09,36714.42,FAILED,TRANSFER,Anna Nagar Branch,C2134,Travel
T400664,2,Chennai,2025-05-09,87751.64,SUCCESS,WITHDRAWAL,Anna Nagar Branch,C7758,Bill Payment
T400665,2,Chennai,2025-05-09,8747.99,SUCCESS,WITHDRAWAL,Anna Nagar Branch,C4431,Education Fees
T400666,2,Chennai,2025-05-09,15733.92,FAILED,WITHDRAWAL,Anna Nagar Branch,C6760,Medical Expenses
T400667,2,Chennai,2025-05-09,81020.09,FAILED,DEPOSIT,Anna Nagar Branch,C7198,Shopping
T400668,2,Chennai,2025-05-09,178.01,FAILED,DEPOSIT,Anna Nagar Branch,C9151,Medical Expenses
T400669,2,Chennai,2025-05-09,4186.18,SUCCESS,DEPOSIT,Anna Nagar Branch,C9887,Education Fees
T400670,2,Chennai,2025-05-09,95370.18,FAILED,TRANSFER,Anna Nagar Branch,C5984,Others
T400671,2,Chennai,2025-05-09,13091.8,SUCCESS,TRANSFER,Anna Nagar Branch,C9298,Others
T400672,2,Chennai,2025-05-09,9811.36,FAILED,TRANSFER,Anna Nagar Branch,C4927,Education Fees
T400673,2,Chennai,2025-05-09,89594.82,SUCCESS,DEPOSIT,Anna Nagar Branch,C3959,Bill Payment
T400674,2,Chennai,2025-05-09,16713.42,FAILED,DEPOSIT,Anna Nagar Branch,C5725,Shopping
T400675,2,Chennai,2025-05-09,78677.54,FAILED,TRANSFER,Anna Nagar Branch,C7244,Travel
T400676,2,Chennai,2025-05-09,43479.43,FAILED,WITHDRAWAL,Anna Nagar Branch,C4435,Shopping
T400677,2,Chennai,2025-05-08,1846.69,FAILED,DEPOSIT,Anna Nagar Branch,C3466,Travel
T400678,2,Chennai,2025-05-08,88992.67,FAILED,TRANSFER,Anna Nagar Branch,C7587,Shopping
T400679,2,Chennai,2025-05-08,34065.77,FAILED,TRANSFER,Anna Nagar Branch,C9592,Medical Expenses
T400680,2,Chennai,2025-05-08,35129.66,SUCCESS,DEPOSIT,Anna Nagar Branch,C2335,Loan Payment
T400681,2,Chennai,2025-05-08,45807.63,FAILED,TRANSFER,Anna Nagar Branch,C1551,Travel
T400682,2,Chennai,2025-05-08,42117.33,SUCCESS,DEPOSIT,Anna Nagar Branch,C4062,Bill Payment
T400683,2,Chennai,2025-05-08,39139.59,SUCCESS,TRANSFER,Anna Nagar Branch,C5206,Bill Payment
T400684,2,Chennai,2025-05-08,2573.32,FAILED,WITHDRAWAL,Anna Nagar Branch,C3450,Shopping
T400685,2,Chennai,2025-05-08,17944.81,FAILED,TRANSFER,Anna Nagar Branch,C6574,Shopping
T400686,2,Chennai,2025-05-08,36222.28,SUCCESS,TRANSFER,Anna Nagar Branch,C3393,Shopping
T400687,2,Chennai,2025-05-08,59187.03,FAILED,WITHDRAWAL,Anna Nagar Branch,C5816,Others
T400688,2,Chennai,2025-05-08,68600.24,FAILED,DEPOSIT,Anna Nagar Branch,C1767,Medical Expenses
T400689,2,Chennai,2025-05-08,41371.14,SUCCESS,TRANSFER,Anna Nagar Branch,C2745,Shopping
T400690,2,Chennai,2025-05-08,38013.28,SUCCESS,WITHDRAWAL,Anna Nagar Branch,C6495,Travel
T400691,2,Chennai,2025-05-08,19026.32,FAILED,DEPOSIT,Anna Nagar Branch,C9052,Medical Expenses
T400692,2,Chennai,2025-05-08,38567.54,FAILED,WITHDRAWAL,Anna Nagar Branch,C8464,Travel
T400693,2,Chennai,2025-05-08,9217.58,FAILED,WITHDRAWAL,Anna Nagar Branch,C2588,Loan Payment
T400694,2,Chennai,2025-05-08,5714.99,FAILED,TRANSFER,Anna Nagar Branch,C2849,Shopping
T400695,2,Chennai,2025-05-08,38924.53,FAILED,TRANSFER,Anna Nagar Branch,C2082,Bill Payment
T400696,2,Chennai,2025-05-08,6727.79,SUCCESS,DEPOSIT,Anna Nagar Branch,C8225,Shopping
T400697,2,Chennai,2025-05-08,80993.23,FAILED,DEPOSIT,Anna Nagar Branch,C8943,Loan Payment
T400698,2,Chennai,2025-05-08,46413.53,FAILED,TRANSFER,Anna Nagar Branch,C2518,Bill Payment
T400699,2,Chennai,2025-05-08,93471.63,SUCCESS,DEPOSIT,Anna Nagar Branch,C3782,Shopping
T400700,2,Chennai,2025-05-08,5132.17,FAILED,TRANSFER,Anna Nagar Branch,C1781,Education Fees
T400701,2,Chennai,2025-05-08,45115.86,SUCCESS,TRANSFER,Anna Nagar Branch,C7185,Loan Payment
T400702,2,Chennai,2025-05-08,15000.95,SUCCESS,DEPOSIT,Anna Nagar Branch,C3262,Travel
T400703,2,Chennai,2025-05-08,37066.55,FAILED,DEPOSIT,Anna Nagar Branch,C3759,Medical Expenses
T400704,2,Chennai,2025-05-08,10858.43,SUCCESS,WITHDRAWAL,Anna Nagar Branch,C6742,Loan Payment
T400705,2,Chennai,2025-05-08,90864.54,FAILED,DEPOSIT,Anna Nagar Branch,C1510,Travel
T400706,2,Chennai,2025-05-08,24780.65,SUCCESS,DEPOSIT,Anna Nagar Branch,C6982,Bill Payment
T400707,2,Chennai,2025-05-08,56250.34,FAILED,TRANSFER,Anna Nagar Branch,C8823,Education Fees
T400708,2,Chennai,2025-05-08,59844.65,FAILED,WITHDRAWAL,Anna Nagar Branch,C3030,Medical Expenses
T400709,2,Chennai,2025-05-08,95617.51,SUCCESS,TRANSFER,Anna Nagar Branch,C2512,Shopping
T400710,2,Chennai,2025-05-08,33094.89,SUCCESS,TRANSFER,Anna Nagar Branch,C9068,Loan Payment
T400711,2,Chennai,2025-05-08,7381.97,FAILED,TRANSFER,Anna Nagar Branch,C8067,Travel
T400712,2,Chennai,2025-05-08,90252.02,SUCCESS,DEPOSIT,Anna Nagar Branch,C5436,Loan Payment
T400713,2,Chennai,2025-05-08,40995.42,FAILED,DEPOSIT,Anna Nagar Branch,C2336,Shopping
T400714,2,Chennai,2025-05-08,51007.5,SUCCESS,DEPOSIT,Anna Nagar Branch,C4453,Medical Expenses
T400715,2,Chennai,2025-05-08,16420.75,SUCCESS,TRANSFER,Anna Nagar Branch,C3656,Shopping
T400716,2,Chennai,2025-05-08,42535.46,FAILED,WITHDRAWAL,Anna Nagar Branch,C7853,Bill Payment
T400717,2,Chennai,2025-05-08,20773.65,SUCCESS,WITHDRAWAL,Anna Nagar Branch,C1401,Medical Expenses
T400718,2,Chennai,2025-05-08,44449.58,SUCCESS,DEPOSIT,Anna Nagar Branch,C8662,Travel
T400719,2,Chennai,2025-05-08,61540.03,SUCCESS,DEPOSIT,Anna Nagar Branch,C7775,Travel
T400720,2,Chennai,2025-05-08,836.97,FAILED,TRANSFER,Anna Nagar Branch,C8664,Bill Payment
T400721,2,Chennai,2025-05-08,56895.25,SUCCESS,WITHDRAWAL,Anna Nagar Branch,C2176,Bill Payment
T400722,2,Chennai,2025-05-08,53264.87,SUCCESS,TRANSFER,Anna Nagar Branch,C2363,Others
T400723,2,Chennai,2025-05-08,78103.42,FAILED,WITHDRAWAL,Anna Nagar Branch,C3836,Shopping
T400724,2,Chennai,2025-05-08,48487.99,SUCCESS,DEPOSIT,Anna Nagar Branch,C4111,Medical Expenses
T400725,2,Chennai,2025-05-08,53318.23,SUCCESS,WITHDRAWAL,Anna Nagar Branch,C7275,Bill Payment
T400726,2,Chennai,2025-05-08,98899.16,SUCCESS,WITHDRAWAL,Anna Nagar Branch,C5534,Shopping
T400727,2,Chennai,2025-05-08,5449.2,SUCCESS,DEPOSIT,Anna Nagar Branch,C4773,Travel
T400728,2,Chennai,2025-05-08,23558.16,FAILED,DEPOSIT,Anna Nagar Branch,C7680,Travel
T400729,2,Chennai,2025-05-08,7991.65,SUCCESS,TRANSFER,Anna Nagar Branch,C4564,Education Fees
T400730,2,Chennai,2025-05-08,77564.38,SUCCESS,TRANSFER,Anna Nagar Branch,C7539,Loan Payment
T400731,2,Chennai,2025-05-08,41143.31,FAILED,TRANSFER,Anna Nagar Branch,C2075,Loan Payment
T400732,2,Chennai,2025-05-08,13574.16,SUCCESS,TRANSFER,Anna Nagar Branch,C9532,Shopping
T400733,2,Chennai,2025-05-08,33418.03,SUCCESS,TRANSFER,Anna Nagar Branch,C9658,Travel
T400734,2,Chennai,2025-05-08,40110.31,FAILED,DEPOSIT,Anna Nagar Branch,C4130,Shopping
T400735,2,Chennai,2025-05-08,69977.09,FAILED,TRANSFER,Anna Nagar Branch,C7189,Bill Payment
T400736,2,Chennai,2025-05-08,95734.26,SUCCESS,TRANSFER,Anna Nagar Branch,C4160,Others
T400737,2,Chennai,2025-05-08,58288.87,FAILED,TRANSFER,Anna Nagar Branch,C9615,Bill Payment
T400738,2,Chennai,2025-05-08,22316.76,FAILED,WITHDRAWAL,Anna Nagar Branch,C7877,Bill Payment
T400739,2,Chennai,2025-05-08,80313.43,FAILED,WITHDRAWAL,Anna Nagar Branch,C6015,Others
T400740,2,Chennai,2025-05-08,74050.32,FAILED,WITHDRAWAL,Anna Nagar Branch,C4352,Shopping
T400741,2,Chennai,2025-05-08,75735.11,FAILED,WITHDRAWAL,Anna Nagar Branch,C4060,Education Fees
T400742,2,Chennai,2025-05-08,11930.51,FAILED,TRANSFER,Anna Nagar Branch,C7992,Medical Expenses
T400743,2,Chennai,2025-05-08,81728.25,FAILED,WITHDRAWAL,Anna Nagar Branch,C1554,Loan Payment
T400744,2,Chennai,2025-05-08,4080.73,SUCCESS,TRANSFER,Anna Nagar Branch,C8699,Travel
T400745,2,Chennai,2025-05-08,9917.47,SUCCESS,TRANSFER,Anna Nagar Branch,C1150,Education Fees
T400746,2,Chennai,2025-05-08,6750.13,SUCCESS,DEPOSIT,Anna Nagar Branch,C2017,Medical Expenses
T400747,2,Chennai,2025-05-08,28371.13,FAILED,DEPOSIT,Anna Nagar Branch,C9083,Loan Payment
T400748,2,Chennai,2025-05-08,78424.96,FAILED,TRANSFER,Anna Nagar Branch,C4531,Education Fees
T400749,2,Chennai,2025-05-08,47883.09,SUCCESS,DEPOSIT,Anna Nagar Branch,C8645,Shopping
T400750,2,Chennai,2025-05-08,34498.79,FAILED,WITHDRAWAL,Anna Nagar Branch,C2147,Education Fees
T400751,2,Chennai,2025-05-08,80094.23,SUCCESS,TRANSFER,Anna Nagar Branch,C7728,Medical Expenses
T400752,2,Chennai,2025-05-08,27809.06,SUCCESS,WITHDRAWAL,Anna Nagar Branch,C6163,Medical Expenses
T400753,2,Chennai,2025-05-08,7509.32,FAILED,WITHDRAWAL,Anna Nagar Branch,C4715,Travel
T400754,2,Chennai,2025-05-08,17093.61,SUCCESS,WITHDRAWAL,Anna Nagar Branch,C5234,Medical Expenses
T400755,2,Chennai,2025-05-08,36809.41,SUCCESS,TRANSFER,Anna Nagar Branch,C3601,Loan Payment
T400756,2,Chennai,2025-05-08,84353.63,SUCCESS,TRANSFER,Anna Nagar Branch,C3145,Shopping
T400757,2,Chennai,2025-05-08,71153.45,FAILED,DEPOSIT,Anna Nagar Branch,C3041,Travel
T400758,2,Chennai,2025-05-08,7587.1,FAILED,DEPOSIT,Anna Nagar Branch,C9182,Travel
T400759,2,Chennai,2025-05-08,36293.19,SUCCESS,DEPOSIT,Anna Nagar Branch,C1407,Medical Expenses
T400760,2,Chennai,2025-05-08,18391.74,SUCCESS,WITHDRAWAL,Anna Nagar Branch,C6342,Loan Payment
T400761,2,Chennai,2025-05-07,23683.17,SUCCESS,DEPOSIT,Anna Nagar Branch,C2609,Shopping
T400762,2,Chennai,2025-05-07,9260.19,FAILED,DEPOSIT,Anna Nagar Branch,C8799,Education Fees
T400763,2,Chennai,2025-05-07,20640.39,FAILED,WITHDRAWAL,Anna Nagar Branch,C4350,Others
T400764,2,Chennai,2025-05-07,71554.27,SUCCESS,WITHDRAWAL,Anna Nagar Branch,C5281,Others
T400765,2,Chennai,2025-05-07,40886.96,FAILED,WITHDRAWAL,Anna Nagar Branch,C6921,Medical Expenses
T400766,2,Chennai,2025-05-07,96065.78,FAILED,WITHDRAWAL,Anna Nagar Branch,C3893,Bill Payment
T400767,2,Chennai,2025-05-07,71176.81,FAILED,DEPOSIT,Anna Nagar Branch,C1735,Others
T400768,2,Chennai,2025-05-07,27069.02,SUCCESS,TRANSFER,Anna Nagar Branch,C5159,Education Fees
T400769,2,Chennai,2025-05-07,4865.24,SUCCESS,TRANSFER,Anna Nagar Branch,C6042,Others
T400770,2,Chennai,2025-05-07,38350.61,FAILED,TRANSFER,Anna Nagar Branch,C2881,Education Fees
T400771,2,Chennai,2025-05-07,48778.79,SUCCESS,WITHDRAWAL,Anna Nagar Branch,C8602,Medical Expenses
T400772,2,Chennai,2025-05-07,25618.71,FAILED,WITHDRAWAL,Anna Nagar Branch,C2872,Medical Expenses
T400773,2,Chennai,2025-05-07,78508.32,FAILED,WITHDRAWAL,Anna Nagar Branch,C3168,Travel
T400774,2,Chennai,2025-05-07,70091.34,FAILED,WITHDRAWAL,Anna Nagar Branch,C4102,Education Fees
T400775,2,Chennai,2025-05-07,18263.41,FAILED,TRANSFER,Anna Nagar Branch,C2074,Shopping
T400776,2,Chennai,2025-05-07,15923.53,SUCCESS,DEPOSIT,Anna Nagar Branch,C7549,Others
T400777,2,Chennai,2025-05-07,98194.14,FAILED,WITHDRAWAL,Anna Nagar Branch,C9990,Shopping
T400778,2,Chennai,2025-05-07,73975.03,SUCCESS,DEPOSIT,Anna Nagar Branch,C9913,Education Fees
T400779,2,Chennai,2025-05-07,96038.27,FAILED,DEPOSIT,Anna Nagar Branch,C5988,Others
T400780,2,Chennai,2025-05-07,48822.76,SUCCESS,DEPOSIT,Anna Nagar Branch,C6145,Bill Payment
T400781,2,Chennai,2025-05-07,47632.98,SUCCESS,WITHDRAWAL,Anna Nagar Branch,C6676,Medical Expenses
T400782,2,Chennai,2025-05-07,51112.08,FAILED,TRANSFER,Anna Nagar Branch,C4099,Education Fees
T400783,2,Chennai,2025-05-07,17460.25,SUCCESS,TRANSFER,Anna Nagar Branch,C4953,Bill Payment
T400784,2,Chennai,2025-05-07,35859.1,SUCCESS,WITHDRAWAL,Anna Nagar Branch,C6056,Others
T400785,2,Chennai,2025-05-07,38904.44,SUCCESS,TRANSFER,Anna Nagar Branch,C5781,Travel
T400786,2,Chennai,2025-05-07,1236.84,SUCCESS,DEPOSIT,Anna Nagar Branch,C7481,Education Fees
T400787,2,Chennai,2025-05-07,35341.56,SUCCESS,DEPOSIT,Anna Nagar Branch,C9191,Education Fees
T400788,2,Chennai,2025-05-07,352.66,SUCCESS,TRANSFER,Anna Nagar Branch,C9998,Loan Payment
T400789,2,Chennai,2025-05-07,10648.6,FAILED,TRANSFER,Anna Nagar Branch,C7333,Bill Payment
T400790,2,Chennai,2025-05-07,83340.52,FAILED,WITHDRAWAL,Anna Nagar Branch,C7708,Bill Payment
T400791,2,Chennai,2025-05-07,85686.08,FAILED,DEPOSIT,Anna Nagar Branch,C5502,Medical Expenses
T400792,2,Chennai,2025-05-07,71483.03,FAILED,TRANSFER,Anna Nagar Branch,C3222,Medical Expenses
T400793,2,Chennai,2025-05-07,99915.29,SUCCESS,TRANSFER,Anna Nagar Branch,C2239,Bill Payment
T400794,2,Chennai,2025-05-07,89258.28,SUCCESS,WITHDRAWAL,Anna Nagar Branch,C8426,Education Fees
T400795,2,Chennai,2025-05-07,95646.82,SUCCESS,WITHDRAWAL,Anna Nagar Branch,C5013,Others
T400796,2,Chennai,2025-05-07,84181.74,SUCCESS,DEPOSIT,Anna Nagar Branch,C1721,Others
T400797,2,Chennai,2025-05-07,67853.01,SUCCESS,WITHDRAWAL,Anna Nagar Branch,C8762,Education Fees
T400798,2,Chennai,2025-05-07,33533.28,FAILED,WITHDRAWAL,Anna Nagar Branch,C1211,Loan Payment
T400799,2,Chennai,2025-05-07,48717.18,FAILED,TRANSFER,Anna Nagar Branch,C7760,Loan Payment
T400800,2,Chennai,2025-05-07,61761.47,FAILED,TRANSFER,Anna Nagar Branch,C5124,Bill Payment
T400801,2,Chennai,2025-05-07,86420.48,SUCCESS,DEPOSIT,Anna Nagar Branch,C8057,Others
T400802,2,Chennai,2025-05-07,24059.5,SUCCESS,WITHDRAWAL,Anna Nagar Branch,C2111,Others
T400803,2,Chennai,2025-05-07,80602.51,SUCCESS,DEPOSIT,Anna Nagar Branch,C9703,Shopping
T400804,2,Chennai,2025-05-07,50907.25,FAILED,WITHDRAWAL,Anna Nagar Branch,C5375,Bill Payment
T400805,2,Chennai,2025-05-07,53858.58,FAILED,TRANSFER,Anna Nagar Branch,C6756,Travel
T400806,2,Chennai,2025-05-07,92830.73,SUCCESS,WITHDRAWAL,Anna Nagar Branch,C8085,Medical Expenses
T400807,2,Chennai,2025-05-07,65392.86,SUCCESS,TRANSFER,Anna Nagar Branch,C3347,Shopping
T400808,2,Chennai,2025-05-07,19523.94,SUCCESS,DEPOSIT,Anna Nagar Branch,C9839,Loan Payment
T400809,2,Chennai,2025-05-07,65579.12,FAILED,TRANSFER,Anna Nagar Branch,C6971,Others
T400810,2,Chennai,2025-05-07,98076.13,SUCCESS,TRANSFER,Anna Nagar Branch,C9151,Medical Expenses
T400811,2,Chennai,2025-05-07,81459.26,FAILED,WITHDRAWAL,Anna Nagar Branch,C8677,Others
T400812,2,Chennai,2025-05-07,82262.93,SUCCESS,TRANSFER,Anna Nagar Branch,C6931,Medical Expenses
T400813,2,Chennai,2025-05-07,53590.41,FAILED,DEPOSIT,Anna Nagar Branch,C1418,Loan Payment
T400814,2,Chennai,2025-05-07,97373.47,SUCCESS,DEPOSIT,Anna Nagar Branch,C1224,Bill Payment
T400815,2,Chennai,2025-05-07,66856.17,FAILED,WITHDRAWAL,Anna Nagar Branch,C1186,Education Fees
T400816,2,Chennai,2025-05-07,81994.92,FAILED,WITHDRAWAL,Anna Nagar Branch,C9667,Shopping
T400817,2,Chennai,2025-05-07,16127.01,FAILED,WITHDRAWAL,Anna Nagar Branch,C6533,Shopping
T400818,2,Chennai,2025-05-07,5199.5,SUCCESS,DEPOSIT,Anna Nagar Branch,C9973,Shopping
T400819,2,Chennai,2025-05-07,24986.45,FAILED,DEPOSIT,Anna Nagar Branch,C1860,Bill Payment
T400820,2,Chennai,2025-05-07,1906.86,FAILED,DEPOSIT,Anna Nagar Branch,C6883,Others
T400821,2,Chennai,2025-05-06,90676.13,SUCCESS,WITHDRAWAL,Anna Nagar Branch,C3841,Shopping
T400822,2,Chennai,2025-05-06,98465.38,SUCCESS,TRANSFER,Anna Nagar Branch,C7185,Loan Payment
T400823,2,Chennai,2025-05-06,37841.89,SUCCESS,DEPOSIT,Anna Nagar Branch,C2604,Medical Expenses
T400824,2,Chennai,2025-05-06,363.76,FAILED,DEPOSIT,Anna Nagar Branch,C8502,Shopping
T400825,2,Chennai,2025-05-06,31721.33,SUCCESS,WITHDRAWAL,Anna Nagar Branch,C8284,Loan Payment
T400826,2,Chennai,2025-05-06,70864.96,SUCCESS,TRANSFER,Anna Nagar Branch,C8223,Bill Payment
T400827,2,Chennai,2025-05-06,835.81,SUCCESS,TRANSFER,Anna Nagar Branch,C2653,Education Fees
T400828,2,Chennai,2025-05-06,95520.38,FAILED,TRANSFER,Anna Nagar Branch,C1860,Travel
T400829,2,Chennai,2025-05-06,8187.23,SUCCESS,DEPOSIT,Anna Nagar Branch,C8302,Bill Payment
T400830,2,Chennai,2025-05-06,67094.82,SUCCESS,TRANSFER,Anna Nagar Branch,C4482,Loan Payment
T400831,2,Chennai,2025-05-06,1052.19,SUCCESS,DEPOSIT,Anna Nagar Branch,C4095,Bill Payment
T400832,2,Chennai,2025-05-06,7063.27,FAILED,WITHDRAWAL,Anna Nagar Branch,C6610,Travel
T400833,2,Chennai,2025-05-06,48297.48,SUCCESS,DEPOSIT,Anna Nagar Branch,C9157,Others
T400834,2,Chennai,2025-05-06,65904.73,FAILED,DEPOSIT,Anna Nagar Branch,C6330,Loan Payment
T400835,2,Chennai,2025-05-06,34606.16,SUCCESS,TRANSFER,Anna Nagar Branch,C9007,Education Fees
T400836,2,Chennai,2025-05-06,39412.64,SUCCESS,WITHDRAWAL,Anna Nagar Branch,C6169,Others
T400837,2,Chennai,2025-05-06,2502.64,FAILED,WITHDRAWAL,Anna Nagar Branch,C3782,Others
T400838,2,Chennai,2025-05-06,17854.47,SUCCESS,DEPOSIT,Anna Nagar Branch,C5678,Medical Expenses
T400839,2,Chennai,2025-05-06,38645.76,SUCCESS,DEPOSIT,Anna Nagar Branch,C1542,Medical Expenses
T400840,2,Chennai,2025-05-06,93647.82,FAILED,DEPOSIT,Anna Nagar Branch,C8957,Loan Payment
T400841,2,Chennai,2025-05-06,15655.71,SUCCESS,WITHDRAWAL,Anna Nagar Branch,C8514,Loan Payment
T400842,2,Chennai,2025-05-06,39345.62,SUCCESS,DEPOSIT,Anna Nagar Branch,C6762,Shopping
T400843,2,Chennai,2025-05-06,80767.48,FAILED,WITHDRAWAL,Anna Nagar Branch,C1080,Shopping
T400844,2,Chennai,2025-05-06,51679.45,FAILED,TRANSFER,Anna Nagar Branch,C8372,Bill Payment
T400845,2,Chennai,2025-05-06,90362.6,FAILED,TRANSFER,Anna Nagar Branch,C9138,Education Fees
T400846,2,Chennai,2025-05-06,3032.7,FAILED,WITHDRAWAL,Anna Nagar Branch,C7608,Bill Payment
T400847,2,Chennai,2025-05-06,18962.24,SUCCESS,TRANSFER,Anna Nagar Branch,C5373,Bill Payment
T400848,2,Chennai,2025-05-06,14865.69,SUCCESS,TRANSFER,Anna Nagar Branch,C6753,Bill Payment
T400849,2,Chennai,2025-05-06,92179.7,FAILED,TRANSFER,Anna Nagar Branch,C7598,Bill Payment
T400850,2,Chennai,2025-05-06,3795.93,SUCCESS,WITHDRAWAL,Anna Nagar Branch,C7840,Others
T400851,2,Chennai,2025-05-06,81269.41,SUCCESS,WITHDRAWAL,Anna Nagar Branch,C4565,Medical Expenses
T400852,2,Chennai,2025-05-06,77399.85,SUCCESS,TRANSFER,Anna Nagar Branch,C1744,Loan Payment
T400853,2,Chennai,2025-05-06,30208.3,FAILED,TRANSFER,Anna Nagar Branch,C5110,Education Fees
T400854,2,Chennai,2025-05-06,58629.35,FAILED,TRANSFER,Anna Nagar Branch,C4140,Education Fees
T400855,2,Chennai,2025-05-06,84000.89,SUCCESS,WITHDRAWAL,Anna Nagar Branch,C3127,Education Fees
T400856,2,Chennai,2025-05-06,59412.08,FAILED,WITHDRAWAL,Anna Nagar Branch,C6247,Others
T400857,2,Chennai,2025-05-06,56636.25,FAILED,DEPOSIT,Anna Nagar Branch,C3667,Loan Payment
T400858,2,Chennai,2025-05-06,78667.24,FAILED,WITHDRAWAL,Anna Nagar Branch,C5423,Others
T400859,2,Chennai,2025-05-06,13992.69,FAILED,TRANSFER,Anna Nagar Branch,C1051,Bill Payment
T400860,2,Chennai,2025-05-06,38441.39,SUCCESS,WITHDRAWAL,Anna Nagar Branch,C2627,Shopping
T400861,2,Chennai,2025-05-06,29894.95,SUCCESS,DEPOSIT,Anna Nagar Branch,C7804,Loan Payment
T400862,2,Chennai,2025-05-06,9507.26,SUCCESS,TRANSFER,Anna Nagar Branch,C5567,Others
T400863,2,Chennai,2025-05-06,60297.35,FAILED,TRANSFER,Anna Nagar Branch,C7743,Shopping
T400864,2,Chennai,2025-05-06,89239.94,SUCCESS,TRANSFER,Anna Nagar Branch,C5424,Loan Payment
T400865,2,Chennai,2025-05-06,85328.89,FAILED,TRANSFER,Anna Nagar Branch,C4879,Education Fees
T400866,2,Chennai,2025-05-06,82805.13,FAILED,DEPOSIT,Anna Nagar Branch,C5062,Travel
T400867,2,Chennai,2025-05-06,21644.23,SUCCESS,WITHDRAWAL,Anna Nagar Branch,C2779,Bill Payment
T400868,2,Chennai,2025-05-06,21756.87,SUCCESS,DEPOSIT,Anna Nagar Branch,C6786,Loan Payment
T400869,2,Chennai,2025-05-06,61548.05,SUCCESS,TRANSFER,Anna Nagar Branch,C9670,Loan Payment
T400870,2,Chennai,2025-05-06,16540.04,FAILED,TRANSFER,Anna Nagar Branch,C3942,Others
T400871,2,Chennai,2025-05-06,57713.43,SUCCESS,DEPOSIT,Anna Nagar Branch,C7447,Others
T400872,2,Chennai,2025-05-06,86626.53,FAILED,TRANSFER,Anna Nagar Branch,C2157,Others
T400873,2,Chennai,2025-05-06,84866.72,FAILED,DEPOSIT,Anna Nagar Branch,C1052,Shopping
T400874,2,Chennai,2025-05-06,69379.23,FAILED,WITHDRAWAL,Anna Nagar Branch,C6911,Shopping
T400875,2,Chennai,2025-05-05,13635.73,FAILED,TRANSFER,Anna Nagar Branch,C5689,Others
T400876,2,Chennai,2025-05-05,55031.92,FAILED,DEPOSIT,Anna Nagar Branch,C1793,Medical Expenses
T400877,2,Chennai,2025-05-05,95911.09,FAILED,TRANSFER,Anna Nagar Branch,C4521,Bill Payment
T400878,2,Chennai,2025-05-05,3251.07,FAILED,DEPOSIT,Anna Nagar Branch,C3730,Loan Payment
T400879,2,Chennai,2025-05-05,6724.18,SUCCESS,WITHDRAWAL,Anna Nagar Branch,C4688,Medical Expenses
T400880,2,Chennai,2025-05-05,53080.46,FAILED,DEPOSIT,Anna Nagar Branch,C5938,Travel
T400881,2,Chennai,2025-05-05,33583.86,FAILED,TRANSFER,Anna Nagar Branch,C2524,Education Fees
T400882,2,Chennai,2025-05-05,10918.02,FAILED,DEPOSIT,Anna Nagar Branch,C6585,Others
T400883,2,Chennai,2025-05-05,35559.71,FAILED,DEPOSIT,Anna Nagar Branch,C3470,Others
T400884,2,Chennai,2025-05-05,89286.42,SUCCESS,DEPOSIT,Anna Nagar Branch,C3641,Bill Payment
T400885,2,Chennai,2025-05-05,49934.02,SUCCESS,TRANSFER,Anna Nagar Branch,C4885,Shopping
T400886,2,Chennai,2025-05-05,70008.59,FAILED,DEPOSIT,Anna Nagar Branch,C5399,Medical Expenses
T400887,2,Chennai,2025-05-05,99842.62,SUCCESS,TRANSFER,Anna Nagar Branch,C2070,Education Fees
T400888,2,Chennai,2025-05-05,21846.84,SUCCESS,DEPOSIT,Anna Nagar Branch,C6229,Medical Expenses
T400889,2,Chennai,2025-05-05,48135.85,FAILED,WITHDRAWAL,Anna Nagar Branch,C4721,Others
T400890,2,Chennai,2025-05-05,96441.99,SUCCESS,WITHDRAWAL,Anna Nagar Branch,C3862,Medical Expenses
T400891,2,Chennai,2025-05-05,99664.01,FAILED,WITHDRAWAL,Anna Nagar Branch,C1216,Others
T400892,2,Chennai,2025-05-05,48288.36,SUCCESS,TRANSFER,Anna Nagar Branch,C3099,Bill Payment
T400893,2,Chennai,2025-05-05,11165.46,SUCCESS,TRANSFER,Anna Nagar Branch,C6668,Others
T400894,2,Chennai,2025-05-05,71202.79,FAILED,TRANSFER,Anna Nagar Branch,C6507,Shopping
T400895,2,Chennai,2025-05-05,1464.94,SUCCESS,DEPOSIT,Anna Nagar Branch,C9075,Others
T400896,2,Chennai,2025-05-05,88105.72,FAILED,TRANSFER,Anna Nagar Branch,C4804,Others
T400897,2,Chennai,2025-05-05,61533.13,FAILED,DEPOSIT,Anna Nagar Branch,C5139,Shopping
T400898,2,Chennai,2025-05-05,73408.58,SUCCESS,WITHDRAWAL,Anna Nagar Branch,C8651,Bill Payment
T400899,2,Chennai,2025-05-05,37959.95,FAILED,DEPOSIT,Anna Nagar Branch,C2908,Others
T400900,2,Chennai,2025-05-05,21200.26,FAILED,WITHDRAWAL,Anna Nagar Branch,C4364,Travel
T400901,2,Chennai,2025-05-05,38980.89,FAILED,WITHDRAWAL,Anna Nagar Branch,C2379,Education Fees
T400902,2,Chennai,2025-05-05,62891.66,FAILED,DEPOSIT,Anna Nagar Branch,C4600,Education Fees
T400903,2,Chennai,2025-05-05,32311.93,FAILED,DEPOSIT,Anna Nagar Branch,C5743,Shopping
T400904,2,Chennai,2025-05-05,91840.83,SUCCESS,WITHDRAWAL,Anna Nagar Branch,C6422,Loan Payment
T400905,2,Chennai,2025-05-05,54907.63,FAILED,DEPOSIT,Anna Nagar Branch,C2518,Shopping
T400906,2,Chennai,2025-05-05,19882.57,FAILED,WITHDRAWAL,Anna Nagar Branch,C7949,Education Fees
T400907,2,Chennai,2025-05-05,95845.92,FAILED,DEPOSIT,Anna Nagar Branch,C9659,Medical Expenses
T400908,2,Chennai,2025-05-05,34626.33,SUCCESS,TRANSFER,Anna Nagar Branch,C8340,Bill Payment
T400909,2,Chennai,2025-05-05,50766.9,SUCCESS,WITHDRAWAL,Anna Nagar Branch,C9194,Medical Expenses
T400910,2,Chennai,2025-05-05,1370.87,FAILED,TRANSFER,Anna Nagar Branch,C6656,Medical Expenses
T400911,2,Chennai,2025-05-05,42748.14,SUCCESS,TRANSFER,Anna Nagar Branch,C3122,Education Fees
T400912,2,Chennai,2025-05-05,88772.06,FAILED,TRANSFER,Anna Nagar Branch,C7503,Medical Expenses
T400913,2,Chennai,2025-05-05,3902.77,FAILED,WITHDRAWAL,Anna Nagar Branch,C5130,Travel
T400914,2,Chennai,2025-05-05,8457.92,FAILED,WITHDRAWAL,Anna Nagar Branch,C1573,Loan Payment
T400915,2,Chennai,2025-05-05,88410.08,SUCCESS,TRANSFER,Anna Nagar Branch,C3443,Others
T400916,2,Chennai,2025-05-05,73172.29,SUCCESS,DEPOSIT,Anna Nagar Branch,C6091,Education Fees
T400917,2,Chennai,2025-05-05,96864.62,SUCCESS,WITHDRAWAL,Anna Nagar Branch,C8479,Medical Expenses
T400918,2,Chennai,2025-05-05,43272.81,SUCCESS,DEPOSIT,Anna Nagar Branch,C2606,Others
T400919,2,Chennai,2025-05-05,41574.09,SUCCESS,WITHDRAWAL,Anna Nagar Branch,C8700,Travel
T400920,2,Chennai,2025-05-05,92729.53,SUCCESS,TRANSFER,Anna Nagar Branch,C5562,Loan Payment
T400921,2,Chennai,2025-05-05,58802.24,SUCCESS,TRANSFER,Anna Nagar Branch,C8413,Bill Payment
T400922,2,Chennai,2025-05-05,55979.38,FAILED,TRANSFER,Anna Nagar Branch,C9632,Travel
T400923,2,Chennai,2025-05-05,94716.49,SUCCESS,WITHDRAWAL,Anna Nagar Branch,C3647,Others
T400924,2,Chennai,2025-05-05,36684.56,FAILED,TRANSFER,Anna Nagar Branch,C6343,Shopping
T400925,2,Chennai,2025-05-05,37212.33,FAILED,TRANSFER,Anna Nagar Branch,C6966,Others
T400926,2,Chennai,2025-05-05,55710.16,SUCCESS,DEPOSIT,Anna Nagar Branch,C1963,Education Fees
T400927,2,Chennai,2025-05-05,16573.08,SUCCESS,WITHDRAWAL,Anna Nagar Branch,C6239,Bill Payment
T400928,2,Chennai,2025-05-05,66931.3,SUCCESS,DEPOSIT,Anna Nagar Branch,C5674,Shopping
T400929,2,Chennai,2025-05-05,96366.94,SUCCESS,DEPOSIT,Anna Nagar Branch,C1377,Travel
T400930,2,Chennai,2025-05-05,89053.52,SUCCESS,DEPOSIT,Anna Nagar Branch,C7234,Others
T400931,2,Chennai,2025-05-05,1895.1,SUCCESS,DEPOSIT,Anna Nagar Branch,C9920,Education Fees
T400932,2,Chennai,2025-05-05,60212.25,FAILED,TRANSFER,Anna Nagar Branch,C8269,Travel
T400933,2,Chennai,2025-05-05,91130.92,SUCCESS,DEPOSIT,Anna Nagar Branch,C7448,Loan Payment
T400934,2,Chennai,2025-05-05,5403.49,FAILED,TRANSFER,Anna Nagar Branch,C5732,Shopping
T400935,2,Chennai,2025-05-05,96900.84,FAILED,DEPOSIT,Anna Nagar Branch,C5313,Others
T400936,2,Chennai,2025-05-05,4743.62,FAILED,DEPOSIT,Anna Nagar Branch,C5753,Medical Expenses
T400937,2,Chennai,2025-05-05,94986.05,SUCCESS,DEPOSIT,Anna Nagar Branch,C9042,Bill Payment
T400938,2,Chennai,2025-05-05,64973.18,FAILED,TRANSFER,Anna Nagar Branch,C1929,Others
T400939,2,Chennai,2025-05-05,68654.75,SUCCESS,TRANSFER,Anna Nagar Branch,C9032,Loan Payment
T400940,2,Chennai,2025-05-05,5077.88,SUCCESS,WITHDRAWAL,Anna Nagar Branch,C2874,Travel
T400941,2,Chennai,2025-05-05,85141.65,FAILED,TRANSFER,Anna Nagar Branch,C3389,Loan Payment
T400942,2,Chennai,2025-05-05,43495.99,SUCCESS,WITHDRAWAL,Anna Nagar Branch,C7625,Loan Payment
T400943,2,Chennai,2025-05-05,577.02,FAILED,WITHDRAWAL,Anna Nagar Branch,C5246,Medical Expenses
T400944,2,Chennai,2025-05-05,46264.54,SUCCESS,DEPOSIT,Anna Nagar Branch,C2839,Others
T400945,2,Chennai,2025-05-05,15906.04,SUCCESS,DEPOSIT,Anna Nagar Branch,C9950,Others
T400946,2,Chennai,2025-05-05,36668.74,SUCCESS,DEPOSIT,Anna Nagar Branch,C3818,Medical Expenses
T400947,2,Chennai,2025-05-05,19631.23,SUCCESS,WITHDRAWAL,Anna Nagar Branch,C8576,Others
T400948,2,Chennai,2025-05-05,72317.27,SUCCESS,DEPOSIT,Anna Nagar Branch,C2081,Shopping
T400949,2,Chennai,2025-05-05,66235.0,FAILED,WITHDRAWAL,Anna Nagar Branch,C4647,Bill Payment
T400950,2,Chennai,2025-05-05,38634.95,SUCCESS,WITHDRAWAL,Anna Nagar Branch,C5823,Bill Payment
T400951,2,Chennai,2025-05-05,57563.49,SUCCESS,TRANSFER,Anna Nagar Branch,C4803,Education Fees
T400952,2,Chennai,2025-05-05,87037.09,SUCCESS,DEPOSIT,Anna Nagar Branch,C9599,Others
T400953,2,Chennai,2025-05-05,31201.73,SUCCESS,TRANSFER,Anna Nagar Branch,C2075,Medical Expenses
T400954,2,Chennai,2025-05-05,65021.5,FAILED,TRANSFER,Anna Nagar Branch,C8047,Bill Payment
T400955,2,Chennai,2025-05-05,2658.1,SUCCESS,DEPOSIT,Anna Nagar Branch,C5558,Medical Expenses
T400956,2,Chennai,2025-05-05,18613.03,SUCCESS,DEPOSIT,Anna Nagar Branch,C5983,Education Fees
T400957,2,Chennai,2025-05-05,16824.61,FAILED,DEPOSIT,Anna Nagar Branch,C5775,Bill Payment
T400958,2,Chennai,2025-05-05,40191.04,FAILED,WITHDRAWAL,Anna Nagar Branch,C3265,Travel
T400959,2,Chennai,2025-05-05,26947.56,SUCCESS,DEPOSIT,Anna Nagar Branch,C6137,Travel
T400960,2,Chennai,2025-05-04,12072.2,FAILED,TRANSFER,Anna Nagar Branch,C7376,Travel
T400961,2,Chennai,2025-05-04,94977.45,FAILED,TRANSFER,Anna Nagar Branch,C8121,Others
T400962,2,Chennai,2025-05-04,20481.38,SUCCESS,TRANSFER,Anna Nagar Branch,C8166,Travel
T400963,2,Chennai,2025-05-04,2771.87,FAILED,TRANSFER,Anna Nagar Branch,C9130,Travel
T400964,2,Chennai,2025-05-04,54114.57,FAILED,TRANSFER,Anna Nagar Branch,C6041,Bill Payment
T400965,2,Chennai,2025-05-04,16794.57,SUCCESS,WITHDRAWAL,Anna Nagar Branch,C3990,Loan Payment
T400966,2,Chennai,2025-05-04,8621.73,SUCCESS,DEPOSIT,Anna Nagar Branch,C2117,Others
T400967,2,Chennai,2025-05-04,67897.09,SUCCESS,DEPOSIT,Anna Nagar Branch,C7789,Education Fees
T400968,2,Chennai,2025-05-04,57201.13,SUCCESS,DEPOSIT,Anna Nagar Branch,C6133,Medical Expenses
T400969,2,Chennai,2025-05-04,63926.81,SUCCESS,WITHDRAWAL,Anna Nagar Branch,C3031,Education Fees
T400970,2,Chennai,2025-05-04,12983.74,SUCCESS,WITHDRAWAL,Anna Nagar Branch,C3611,Loan Payment
T400971,2,Chennai,2025-05-04,81493.47,SUCCESS,DEPOSIT,Anna Nagar Branch,C7960,Others
T400972,2,Chennai,2025-05-04,68913.02,FAILED,DEPOSIT,Anna Nagar Branch,C9824,Bill Payment
T400973,2,Chennai,2025-05-04,25942.49,FAILED,TRANSFER,Anna Nagar Branch,C3988,Bill Payment
T400974,2,Chennai,2025-05-04,94975.98,FAILED,TRANSFER,Anna Nagar Branch,C8324,Travel
T400975,2,Chennai,2025-05-04,85524.88,SUCCESS,TRANSFER,Anna Nagar Branch,C2958,Travel
T400976,2,Chennai,2025-05-04,40263.06,FAILED,TRANSFER,Anna Nagar Branch,C6583,Others
T400977,2,Chennai,2025-05-04,87384.08,FAILED,DEPOSIT,Anna Nagar Branch,C7251,Loan Payment
T400978,2,Chennai,2025-05-04,64632.28,FAILED,TRANSFER,Anna Nagar Branch,C1991,Travel
T400979,2,Chennai,2025-05-04,35052.59,SUCCESS,DEPOSIT,Anna Nagar Branch,C3206,Medical Expenses
T400980,2,Chennai,2025-05-04,5017.37,SUCCESS,DEPOSIT,Anna Nagar Branch,C7836,Shopping
T400981,2,Chennai,2025-05-04,59508.33,FAILED,TRANSFER,Anna Nagar Branch,C2440,Loan Payment
T400982,2,Chennai,2025-05-04,56971.37,FAILED,DEPOSIT,Anna Nagar Branch,C9226,Travel
T400983,2,Chennai,2025-05-04,51457.42,SUCCESS,WITHDRAWAL,Anna Nagar Branch,C9000,Loan Payment
T400984,2,Chennai,2025-05-04,65674.64,FAILED,WITHDRAWAL,Anna Nagar Branch,C2640,Others
T400985,2,Chennai,2025-05-04,1319.39,FAILED,TRANSFER,Anna Nagar Branch,C2278,Others
T400986,2,Chennai,2025-05-04,75923.63,FAILED,DEPOSIT,Anna Nagar Branch,C2186,Loan Payment
T400987,2,Chennai,2025-05-04,42652.67,SUCCESS,DEPOSIT,Anna Nagar Branch,C5214,Loan Payment
T400988,2,Chennai,2025-05-04,874.49,SUCCESS,TRANSFER,Anna Nagar Branch,C1653,Education Fees
T400989,2,Chennai,2025-05-04,70211.42,SUCCESS,WITHDRAWAL,Anna Nagar Branch,C6529,Loan Payment
T400990,2,Chennai,2025-05-04,24208.98,FAILED,TRANSFER,Anna Nagar Branch,C5675,Loan Payment
T400991,2,Chennai,2025-05-04,27664.36,FAILED,TRANSFER,Anna Nagar Branch,C2353,Bill Payment
T400992,2,Chennai,2025-05-04,61841.01,SUCCESS,DEPOSIT,Anna Nagar Branch,C2505,Education Fees
T400993,2,Chennai,2025-05-04,9053.77,SUCCESS,WITHDRAWAL,Anna Nagar Branch,C7197,Travel
T400994,2,Chennai,2025-05-04,35115.83,SUCCESS,TRANSFER,Anna Nagar Branch,C3564,Loan Payment
T400995,2,Chennai,2025-05-04,98705.57,FAILED,DEPOSIT,Anna Nagar Branch,C9362,Loan Payment
T400996,2,Chennai,2025-05-04,65865.2,SUCCESS,TRANSFER,Anna Nagar Branch,C2387,Travel
T400997,2,Chennai,2025-05-04,30761.3,FAILED,DEPOSIT,Anna Nagar Branch,C6518,Others
T400998,2,Chennai,2025-05-04,68411.32,FAILED,TRANSFER,Anna Nagar Branch,C9020,Loan Payment
T400999,2,Chennai,2025-05-04,9904.55,SUCCESS,TRANSFER,Anna Nagar Branch,C4527,Medical Expenses
T401000,2,Chennai,2025-05-04,56853.67,SUCCESS,DEPOSIT,Anna Nagar Branch,C3536,Travel
T401001,2,Chennai,2025-05-04,99441.9,FAILED,WITHDRAWAL,Anna Nagar Branch,C2432,Others
T401002,2,Chennai,2025-05-04,9430.49,FAILED,WITHDRAWAL,Anna Nagar Branch,C6407,Shopping
T401003,2,Chennai,2025-05-04,97045.7,FAILED,WITHDRAWAL,Anna Nagar Branch,C1784,Education Fees
T401004,2,Chennai,2025-05-04,57908.19,SUCCESS,WITHDRAWAL,Anna Nagar Branch,C3484,Others
T401005,2,Chennai,2025-05-04,64451.34,SUCCESS,WITHDRAWAL,Anna Nagar Branch,C5387,Bill Payment
T401006,2,Chennai,2025-05-04,96662.95,FAILED,TRANSFER,Anna Nagar Branch,C7217,Shopping
T401007,2,Chennai,2025-05-04,74242.74,FAILED,DEPOSIT,Anna Nagar Branch,C4026,Education Fees
T401008,2,Chennai,2025-05-04,87889.76,FAILED,TRANSFER,Anna Nagar Branch,C7080,Travel
T401009,2,Chennai,2025-05-04,82894.17,SUCCESS,DEPOSIT,Anna Nagar Branch,C9662,Others
T401010,2,Chennai,2025-05-04,58235.11,SUCCESS,WITHDRAWAL,Anna Nagar Branch,C2639,Medical Expenses
T401011,2,Chennai,2025-05-04,71809.53,SUCCESS,WITHDRAWAL,Anna Nagar Branch,C9290,Bill Payment
T401012,2,Chennai,2025-05-04,70230.33,FAILED,TRANSFER,Anna Nagar Branch,C7576,Shopping
T401013,2,Chennai,2025-05-04,62014.38,FAILED,TRANSFER,Anna Nagar Branch,C3607,Education Fees
T401014,2,Chennai,2025-05-04,25252.61,FAILED,DEPOSIT,Anna Nagar Branch,C1944,Loan Payment
T401015,2,Chennai,2025-05-04,29007.62,SUCCESS,WITHDRAWAL,Anna Nagar Branch,C4681,Education Fees
T401016,2,Chennai,2025-05-04,21811.15,FAILED,WITHDRAWAL,Anna Nagar Branch,C1587,Loan Payment
T401017,2,Chennai,2025-05-04,771.73,SUCCESS,TRANSFER,Anna Nagar Branch,C9463,Medical Expenses
T401018,2,Chennai,2025-05-04,19420.39,FAILED,TRANSFER,Anna Nagar Branch,C6917,Medical Expenses
T401019,2,Chennai,2025-05-04,2681.54,SUCCESS,DEPOSIT,Anna Nagar Branch,C1499,Medical Expenses
T401020,2,Chennai,2025-05-04,2048.45,SUCCESS,DEPOSIT,Anna Nagar Branch,C4284,Shopping
T401021,2,Chennai,2025-05-04,24986.22,SUCCESS,TRANSFER,Anna Nagar Branch,C2795,Medical Expenses
T401022,2,Chennai,2025-05-04,81292.36,SUCCESS,TRANSFER,Anna Nagar Branch,C9342,Shopping
T401023,2,Chennai,2025-05-04,78074.84,FAILED,WITHDRAWAL,Anna Nagar Branch,C4726,Travel
T401024,2,Chennai,2025-05-04,75056.43,SUCCESS,TRANSFER,Anna Nagar Branch,C5903,Loan Payment
T401025,2,Chennai,2025-05-04,80482.8,FAILED,DEPOSIT,Anna Nagar Branch,C8250,Education Fees
T401026,2,Chennai,2025-05-04,8487.84,SUCCESS,TRANSFER,Anna Nagar Branch,C6772,Education Fees
T401027,2,Chennai,2025-05-04,67915.39,FAILED,WITHDRAWAL,Anna Nagar Branch,C7141,Medical Expenses
T401028,2,Chennai,2025-05-04,41900.37,SUCCESS,DEPOSIT,Anna Nagar Branch,C9061,Education Fees
T401029,2,Chennai,2025-05-04,51963.42,FAILED,TRANSFER,Anna Nagar Branch,C9923,Medical Expenses
T401030,2,Chennai,2025-05-04,75515.74,SUCCESS,WITHDRAWAL,Anna Nagar Branch,C8610,Others
T401031,2,Chennai,2025-05-04,74038.57,SUCCESS,TRANSFER,Anna Nagar Branch,C5092,Loan Payment
T401032,2,Chennai,2025-05-04,42838.01,FAILED,DEPOSIT,Anna Nagar Branch,C7099,Loan Payment
T401033,2,Chennai,2025-05-04,61723.63,FAILED,DEPOSIT,Anna Nagar Branch,C4913,Loan Payment
T401034,2,Chennai,2025-05-04,45919.61,FAILED,WITHDRAWAL,Anna Nagar Branch,C7417,Education Fees
T401035,2,Chennai,2025-05-04,52243.28,SUCCESS,WITHDRAWAL,Anna Nagar Branch,C8973,Medical Expenses
T401036,2,Chennai,2025-05-04,58792.99,FAILED,WITHDRAWAL,Anna Nagar Branch,C8955,Medical Expenses
T401037,2,Chennai,2025-05-04,74582.42,FAILED,TRANSFER,Anna Nagar Branch,C3901,Bill Payment
T401038,2,Chennai,2025-05-04,34259.31,SUCCESS,WITHDRAWAL,Anna Nagar Branch,C1872,Medical Expenses
T401039,2,Chennai,2025-05-04,37906.24,SUCCESS,WITHDRAWAL,Anna Nagar Branch,C1218,Others
T401040,2,Chennai,2025-05-04,31758.57,FAILED,TRANSFER,Anna Nagar Branch,C3249,Travel
T401041,2,Chennai,2025-05-04,3764.1,SUCCESS,WITHDRAWAL,Anna Nagar Branch,C7194,Travel
T401042,2,Chennai,2025-05-04,75407.12,SUCCESS,DEPOSIT,Anna Nagar Branch,C3096,Travel
T401043,2,Chennai,2025-05-04,96523.13,FAILED,DEPOSIT,Anna Nagar Branch,C5854,Shopping
T401044,2,Chennai,2025-05-04,87039.27,SUCCESS,DEPOSIT,Anna Nagar Branch,C4849,Shopping
T401045,2,Chennai,2025-05-04,69182.63,SUCCESS,TRANSFER,Anna Nagar Branch,C1432,Education Fees
T401046,2,Chennai,2025-05-04,86342.63,FAILED,WITHDRAWAL,Anna Nagar Branch,C8879,Education Fees
T401047,2,Chennai,2025-05-04,68875.73,SUCCESS,TRANSFER,Anna Nagar Branch,C5525,Others
T401048,2,Chennai,2025-05-03,70564.1,SUCCESS,DEPOSIT,Anna Nagar Branch,C8664,Shopping
T401049,2,Chennai,2025-05-03,34412.64,SUCCESS,WITHDRAWAL,Anna Nagar Branch,C8645,Others
T401050,2,Chennai,2025-05-03,75625.24,SUCCESS,WITHDRAWAL,Anna Nagar Branch,C2302,Education Fees
T401051,2,Chennai,2025-05-03,3349.66,SUCCESS,DEPOSIT,Anna Nagar Branch,C1852,Others
T401052,2,Chennai,2025-05-03,40540.89,FAILED,TRANSFER,Anna Nagar Branch,C6351,Education Fees
T401053,2,Chennai,2025-05-03,58880.4,FAILED,TRANSFER,Anna Nagar Branch,C1248,Bill Payment
T401054,2,Chennai,2025-05-03,76083.46,SUCCESS,DEPOSIT,Anna Nagar Branch,C8123,Shopping
T401055,2,Chennai,2025-05-03,11959.63,FAILED,WITHDRAWAL,Anna Nagar Branch,C7700,Bill Payment
T401056,2,Chennai,2025-05-03,71578.14,SUCCESS,DEPOSIT,Anna Nagar Branch,C4211,Bill Payment
T401057,2,Chennai,2025-05-03,37477.48,FAILED,WITHDRAWAL,Anna Nagar Branch,C9560,Loan Payment
T401058,2,Chennai,2025-05-03,17460.17,SUCCESS,WITHDRAWAL,Anna Nagar Branch,C6686,Education Fees
T401059,2,Chennai,2025-05-03,55060.61,FAILED,WITHDRAWAL,Anna Nagar Branch,C8773,Loan Payment
T401060,2,Chennai,2025-05-03,28676.64,SUCCESS,DEPOSIT,Anna Nagar Branch,C3322,Shopping
T401061,2,Chennai,2025-05-03,60429.62,SUCCESS,TRANSFER,Anna Nagar Branch,C5213,Shopping
T401062,2,Chennai,2025-05-03,14671.28,FAILED,DEPOSIT,Anna Nagar Branch,C7004,Medical Expenses
T401063,2,Chennai,2025-05-03,90443.94,SUCCESS,WITHDRAWAL,Anna Nagar Branch,C8456,Loan Payment
T401064,2,Chennai,2025-05-03,9227.69,FAILED,WITHDRAWAL,Anna Nagar Branch,C4996,Bill Payment
T401065,2,Chennai,2025-05-03,77369.21,SUCCESS,WITHDRAWAL,Anna Nagar Branch,C9996,Loan Payment
T401066,2,Chennai,2025-05-03,24326.31,SUCCESS,WITHDRAWAL,Anna Nagar Branch,C5532,Loan Payment
T401067,2,Chennai,2025-05-03,36277.43,SUCCESS,DEPOSIT,Anna Nagar Branch,C8847,Travel
T401068,2,Chennai,2025-05-03,66407.94,FAILED,DEPOSIT,Anna Nagar Branch,C8772,Travel
T401069,2,Chennai,2025-05-03,7593.61,SUCCESS,WITHDRAWAL,Anna Nagar Branch,C4096,Travel
T401070,2,Chennai,2025-05-03,46482.91,FAILED,TRANSFER,Anna Nagar Branch,C7105,Bill Payment
T401071,2,Chennai,2025-05-03,74959.24,FAILED,TRANSFER,Anna Nagar Branch,C9081,Loan Payment
T401072,2,Chennai,2025-05-03,42815.46,FAILED,WITHDRAWAL,Anna Nagar Branch,C2153,Others
T401073,2,Chennai,2025-05-03,32705.97,SUCCESS,DEPOSIT,Anna Nagar Branch,C1209,Travel
T401074,2,Chennai,2025-05-03,79206.24,FAILED,WITHDRAWAL,Anna Nagar Branch,C7193,Education Fees
T401075,2,Chennai,2025-05-03,50216.68,SUCCESS,TRANSFER,Anna Nagar Branch,C7239,Loan Payment
T401076,2,Chennai,2025-05-03,17542.6,FAILED,DEPOSIT,Anna Nagar Branch,C2779,Education Fees
T401077,2,Chennai,2025-05-03,38505.1,SUCCESS,TRANSFER,Anna Nagar Branch,C2191,Loan Payment
T401078,2,Chennai,2025-05-03,37118.52,FAILED,DEPOSIT,Anna Nagar Branch,C9472,Travel
T401079,2,Chennai,2025-05-03,23007.53,SUCCESS,DEPOSIT,Anna Nagar Branch,C2416,Travel
T401080,2,Chennai,2025-05-03,76343.62,FAILED,WITHDRAWAL,Anna Nagar Branch,C8733,Travel
T401081,2,Chennai,2025-05-03,62532.3,FAILED,WITHDRAWAL,Anna Nagar Branch,C3701,Others
T401082,2,Chennai,2025-05-03,40200.63,FAILED,WITHDRAWAL,Anna Nagar Branch,C2716,Education Fees
T401083,2,Chennai,2025-05-03,44494.67,SUCCESS,WITHDRAWAL,Anna Nagar Branch,C2254,Bill Payment
T401084,2,Chennai,2025-05-03,77307.17,SUCCESS,DEPOSIT,Anna Nagar Branch,C1668,Loan Payment
T401085,2,Chennai,2025-05-03,8214.55,SUCCESS,WITHDRAWAL,Anna Nagar Branch,C1360,Shopping
T401086,2,Chennai,2025-05-03,63092.97,SUCCESS,WITHDRAWAL,Anna Nagar Branch,C4568,Education Fees
T401087,2,Chennai,2025-05-03,86228.62,FAILED,TRANSFER,Anna Nagar Branch,C7039,Others
T401088,2,Chennai,2025-05-03,39287.1,FAILED,TRANSFER,Anna Nagar Branch,C9683,Shopping
T401089,2,Chennai,2025-05-03,66301.76,SUCCESS,DEPOSIT,Anna Nagar Branch,C1814,Medical Expenses
T401090,2,Chennai,2025-05-03,15033.72,SUCCESS,DEPOSIT,Anna Nagar Branch,C7769,Bill Payment
T401091,2,Chennai,2025-05-03,57672.41,SUCCESS,WITHDRAWAL,Anna Nagar Branch,C4018,Education Fees
T401092,2,Chennai,2025-05-03,25074.16,FAILED,TRANSFER,Anna Nagar Branch,C3651,Education Fees
T401093,2,Chennai,2025-05-03,52776.47,FAILED,WITHDRAWAL,Anna Nagar Branch,C9245,Shopping
T401094,2,Chennai,2025-05-03,88819.25,SUCCESS,DEPOSIT,Anna Nagar Branch,C2588,Shopping
T401095,2,Chennai,2025-05-03,41724.82,FAILED,WITHDRAWAL,Anna Nagar Branch,C3734,Bill Payment
T401096,2,Chennai,2025-05-03,47058.38,SUCCESS,TRANSFER,Anna Nagar Branch,C3824,Medical Expenses
T401097,2,Chennai,2025-05-03,5237.15,SUCCESS,TRANSFER,Anna Nagar Branch,C2600,Loan Payment
T401098,2,Chennai,2025-05-03,10077.75,SUCCESS,WITHDRAWAL,Anna Nagar Branch,C9020,Shopping
T401099,2,Chennai,2025-05-03,10474.71,FAILED,TRANSFER,Anna Nagar Branch,C7030,Travel
T401100,2,Chennai,2025-05-03,23084.54,SUCCESS,WITHDRAWAL,Anna Nagar Branch,C9265,Travel
T401101,2,Chennai,2025-05-03,90250.38,FAILED,WITHDRAWAL,Anna Nagar Branch,C9247,Bill Payment
T401102,2,Chennai,2025-05-03,96866.41,SUCCESS,WITHDRAWAL,Anna Nagar Branch,C2121,Bill Payment
T401103,2,Chennai,2025-05-03,46578.45,SUCCESS,WITHDRAWAL,Anna Nagar Branch,C1297,Education Fees
T401104,2,Chennai,2025-05-03,7979.3,FAILED,WITHDRAWAL,Anna Nagar Branch,C7883,Shopping
T401105,2,Chennai,2025-05-03,25090.92,SUCCESS,WITHDRAWAL,Anna Nagar Branch,C8739,Shopping
T401106,2,Chennai,2025-05-03,28006.77,SUCCESS,TRANSFER,Anna Nagar Branch,C9160,Others
T401107,2,Chennai,2025-05-03,86587.04,FAILED,WITHDRAWAL,Anna Nagar Branch,C2328,Loan Payment
T401108,2,Chennai,2025-05-03,43687.91,FAILED,TRANSFER,Anna Nagar Branch,C9230,Travel
T401109,2,Chennai,2025-05-03,52758.35,SUCCESS,DEPOSIT,Anna Nagar Branch,C1800,Shopping
T401110,2,Chennai,2025-05-03,27694.19,FAILED,DEPOSIT,Anna Nagar Branch,C8257,Loan Payment
T401111,2,Chennai,2025-05-03,83845.38,FAILED,DEPOSIT,Anna Nagar Branch,C7503,Travel
T401112,2,Chennai,2025-05-03,50608.84,FAILED,WITHDRAWAL,Anna Nagar Branch,C7864,Bill Payment
T401113,2,Chennai,2025-05-03,10585.44,FAILED,DEPOSIT,Anna Nagar Branch,C5381,Medical Expenses
T401114,2,Chennai,2025-05-03,56495.6,SUCCESS,TRANSFER,Anna Nagar Branch,C5975,Bill Payment
T401115,2,Chennai,2025-05-03,26414.63,SUCCESS,DEPOSIT,Anna Nagar Branch,C8054,Others
T401116,2,Chennai,2025-05-03,18270.1,FAILED,DEPOSIT,Anna Nagar Branch,C8508,Bill Payment
T401117,2,Chennai,2025-05-03,28827.31,SUCCESS,TRANSFER,Anna Nagar Branch,C7981,Shopping
T401118,2,Chennai,2025-05-03,24139.6,FAILED,DEPOSIT,Anna Nagar Branch,C5919,Loan Payment
T401119,2,Chennai,2025-05-03,11819.08,FAILED,WITHDRAWAL,Anna Nagar Branch,C2174,Shopping
T401120,2,Chennai,2025-05-03,71146.77,SUCCESS,TRANSFER,Anna Nagar Branch,C5201,Others
T401121,2,Chennai,2025-05-03,22523.93,SUCCESS,WITHDRAWAL,Anna Nagar Branch,C4826,Medical Expenses
T401122,2,Chennai,2025-05-03,61788.31,SUCCESS,DEPOSIT,Anna Nagar Branch,C6346,Shopping
T401123,2,Chennai,2025-05-03,20166.78,FAILED,WITHDRAWAL,Anna Nagar Branch,C9742,Bill Payment
T401124,2,Chennai,2025-05-03,39942.03,FAILED,TRANSFER,Anna Nagar Branch,C8530,Education Fees
T401125,2,Chennai,2025-05-03,94633.32,SUCCESS,WITHDRAWAL,Anna Nagar Branch,C8201,Loan Payment
T401126,2,Chennai,2025-05-03,72876.61,FAILED,TRANSFER,Anna Nagar Branch,C6042,Bill Payment
T401127,2,Chennai,2025-05-03,98227.01,SUCCESS,WITHDRAWAL,Anna Nagar Branch,C6205,Others
T401128,2,Chennai,2025-05-03,81541.23,FAILED,DEPOSIT,Anna Nagar Branch,C8061,Travel
T401129,2,Chennai,2025-05-03,95005.43,FAILED,WITHDRAWAL,Anna Nagar Branch,C8049,Bill Payment
