TRANSACTION_ID,BRANCH_ID,CITY,DATE,AMOUNT,STATUS,TRANSACTION_TYPE,BRANCH_NAME,CUSTOMER_ID,PURPOSE
T402198,5,Chennai,2025-05-09,12986.62,FAILED,WITHDRAWAL,Tambaram Branch,C5048,Education Fees
T402199,5,Chennai,2025-05-09,61314.98,SUCCESS,TRANSFER,Tambaram Branch,C4242,Bill Payment
T402200,5,Chennai,2025-05-09,73646.08,FAILED,WITHDRAWAL,Tambaram Branch,C6839,Bill Payment
T402201,5,Chennai,2025-05-09,35617.76,SUCCESS,TRANSFER,Tambaram Branch,C4280,Shopping
T402202,5,Chennai,2025-05-09,25720.28,FAILED,WITHDRAWAL,Tambaram Branch,C6270,Education Fees
T402203,5,Chennai,2025-05-09,22017.04,SUCCESS,TRANSFER,Tambaram Branch,C9919,Others
T402204,5,Chennai,2025-05-09,69940.47,SUCCESS,WITHDRAWAL,Tambaram Branch,C1057,Travel
T402205,5,Chennai,2025-05-09,56515.44,SUCCESS,TRANSFER,Tambaram Branch,C8081,Bill Payment
T402206,5,Chennai,2025-05-09,47717.98,SUCCESS,WITHDRAWAL,Tambaram Branch,C3678,Travel
T402207,5,Chennai,2025-05-09,62304.13,SUCCESS,TRANSFER,Tambaram Branch,C3553,Bill Payment
T402208,5,Chennai,2025-05-09,92618.95,SUCCESS,WITHDRAWAL,Tambaram Branch,C9091,Others
T402209,5,Chennai,2025-05-09,70132.59,FAILED,TRANSFER,Tambaram Branch,C9265,Loan Payment
T402210,5,Chennai,2025-05-09,7770.17,SUCCESS,DEPOSIT,Tambaram Branch,C6598,Bill Payment
T402211,5,Chennai,2025-05-09,42250.3,FAILED,TRANSFER,Tambaram Branch,C9196,Shopping
T402212,5,Chennai,2025-05-09,79531.79,FAILED,TRANSFER,Tambaram Branch,C8477,Travel
T402213,5,Chennai,2025-05-09,64977.95,SUCCESS,WITHDRAWAL,Tambaram Branch,C2396,Medical Expenses
T402214,5,Chennai,2025-05-09,39521.93,FAILED,DEPOSIT,Tambaram Branch,C8123,Education Fees
T402215,5,Chennai,2025-05-09,22559.03,FAILED,TRANSFER,Tambaram Branch,C2272,Education Fees
T402216,5,Chennai,2025-05-09,87011.67,SUCCESS,TRANSFER,Tambaram Branch,C9947,Others
T402217,5,Chennai,2025-05-09,81786.37,FAILED,DEPOSIT,Tambaram Branch,C2186,Education Fees
T402218,5,Chennai,2025-05-09,77213.3,SUCCESS,TRANSFER,Tambaram Branch,C1060,Bill Payment
T402219,5,Chennai,2025-05-09,26529.01,SUCCESS,WITHDRAWAL,Tambaram Branch,C5945,Shopping
T402220,5,Chennai,2025-05-09,68859.13,FAILED,DEPOSIT,Tambaram Branch,C2356,Shopping
T402221,5,Chennai,2025-05-09,98418.71,FAILED,DEPOSIT,Tambaram Branch,C1503,Travel
T402222,5,Chennai,2025-05-09,14444.34,SUCCESS,WITHDRAWAL,Tambaram Branch,C1262,Bill Payment
T402223,5,Chennai,2025-05-09,49821.35,FAILED,WITHDRAWAL,Tambaram Branch,C8670,Shopping
T402224,5,Chennai,2025-05-09,90627.64,FAILED,DEPOSIT,Tambaram Branch,C2544,Loan Payment
T402225,5,Chennai,2025-05-09,70838.27,FAILED,WITHDRAWAL,Tambaram Branch,C5652,Shopping
T402226,5,Chennai,2025-05-09,90620.52,FAILED,TRANSFER,Tambaram Branch,C8822,Loan Payment
T402227,5,Chennai,2025-05-09,92471.22,SUCCESS,DEPOSIT,Tambaram Branch,C3170,Others
T402228,5,Chennai,2025-05-09,7046.81,FAILED,TRANSFER,Tambaram Branch,C2803,Travel
T402229,5,Chennai,2025-05-09,76728.24,FAILED,TRANSFER,Tambaram Branch,C5899,Travel
T402230,5,Chennai,2025-05-09,92583.31,SUCCESS,TRANSFER,Tambaram Branch,C5157,Bill Payment
T402231,5,Chennai,2025-05-09,62791.99,FAILED,DEPOSIT,Tambaram Branch,C9728,Shopping
T402232,5,Chennai,2025-05-09,76392.24,FAILED,WITHDRAWAL,Tambaram Branch,C2638,Shopping
T402233,5,Chennai,2025-05-09,12956.32,FAILED,DEPOSIT,Tambaram Branch,C7231,Travel
T402234,5,Chennai,2025-05-09,52359.66,SUCCESS,TRANSFER,Tambaram Branch,C3013,Shopping
T402235,5,Chennai,2025-05-09,90284.55,SUCCESS,DEPOSIT,Tambaram Branch,C6606,Education Fees
T402236,5,Chennai,2025-05-09,51481.16,FAILED,TRANSFER,Tambaram Branch,C9081,Others
T402237,5,Chennai,2025-05-09,20781.69,SUCCESS,WITHDRAWAL,Tambaram Branch,C1620,Others
T402238,5,Chennai,2025-05-09,42827.42,SUCCESS,TRANSFER,Tambaram Branch,C1473,Medical Expenses
T402239,5,Chennai,2025-05-09,20273.53,FAILED,TRANSFER,Tambaram Branch,C6908,Bill Payment
T402240,5,Chennai,2025-05-09,40038.92,SUCCESS,WITHDRAWAL,Tambaram Branch,C3609,Travel
T402241,5,Chennai,2025-05-09,20354.38,FAILED,DEPOSIT,Tambaram Branch,C5256,Others
T402242,5,Chennai,2025-05-09,26683.35,SUCCESS,TRANSFER,Tambaram Branch,C8795,Bill Payment
T402243,5,Chennai,2025-05-09,1864.57,FAILED,DEPOSIT,Tambaram Branch,C9365,Shopping
T402244,5,Chennai,2025-05-09,45064.52,FAILED,TRANSFER,Tambaram Branch,C1370,Travel
T402245,5,Chennai,2025-05-09,50647.08,SUCCESS,DEPOSIT,Tambaram Branch,C5805,Shopping
T402246,5,Chennai,2025-05-09,97162.5,FAILED,DEPOSIT,Tambaram Branch,C1318,Education Fees
T402247,5,Chennai,2025-05-09,52470.26,SUCCESS,WITHDRAWAL,Tambaram Branch,C8590,Others
T402248,5,Chennai,2025-05-09,82334.79,FAILED,DEPOSIT,Tambaram Branch,C2661,Loan Payment
T402249,5,Chennai,2025-05-09,23738.36,SUCCESS,WITHDRAWAL,Tambaram Branch,C7074,Loan Payment
T402250,5,Chennai,2025-05-09,91143.05,FAILED,DEPOSIT,Tambaram Branch,C1087,Education Fees
T402251,5,Chennai,2025-05-09,73895.18,FAILED,WITHDRAWAL,Tambaram Branch,C1749,Travel
T402252,5,Chennai,2025-05-09,48665.54,FAILED,DEPOSIT,Tambaram Branch,C6297,Medical Expenses
T402253,5,Chennai,2025-05-09,98964.33,SUCCESS,DEPOSIT,Tambaram Branch,C8631,Shopping
T402254,5,Chennai,2025-05-09,98663.56,FAILED,DEPOSIT,Tambaram Branch,C9497,Travel
T402255,5,Chennai,2025-05-09,49801.32,FAILED,WITHDRAWAL,Tambaram Branch,C8289,Education Fees
T402256,5,Chennai,2025-05-09,22805.43,SUCCESS,TRANSFER,Tambaram Branch,C7400,Loan Payment
T402257,5,Chennai,2025-05-09,30671.21,SUCCESS,DEPOSIT,Tambaram Branch,C4683,Others
T402258,5,Chennai,2025-05-09,5601.79,SUCCESS,WITHDRAWAL,Tambaram Branch,C8635,Bill Payment
T402259,5,Chennai,2025-05-09,2463.33,FAILED,TRANSFER,Tambaram Branch,C3312,Loan Payment
T402260,5,Chennai,2025-05-09,7464.02,FAILED,DEPOSIT,Tambaram Branch,C4562,Education Fees
T402261,5,Chennai,2025-05-09,9345.05,FAILED,DEPOSIT,Tambaram Branch,C6936,Travel
T402262,5,Chennai,2025-05-09,31603.21,SUCCESS,DEPOSIT,Tambaram Branch,C5375,Travel
T402263,5,Chennai,2025-05-09,92198.31,FAILED,WITHDRAWAL,Tambaram Branch,C5895,Loan Payment
T402264,5,Chennai,2025-05-09,41139.8,FAILED,DEPOSIT,Tambaram Branch,C5986,Education Fees
T402265,5,Chennai,2025-05-09,35561.58,SUCCESS,DEPOSIT,Tambaram Branch,C1443,Others
T402266,5,Chennai,2025-05-09,31966.55,SUCCESS,DEPOSIT,Tambaram Branch,C2453,Travel
T402267,5,Chennai,2025-05-09,49671.59,SUCCESS,TRANSFER,Tambaram Branch,C1008,Medical Expenses
T402268,5,Chennai,2025-05-09,80126.62,SUCCESS,DEPOSIT,Tambaram Branch,C2619,Medical Expenses
T402269,5,Chennai,2025-05-09,48648.58,FAILED,WITHDRAWAL,Tambaram Branch,C9709,Others
T402270,5,Chennai,2025-05-08,21101.88,FAILED,TRANSFER,Tambaram Branch,C4011,Others
T402271,5,Chennai,2025-05-08,97968.98,SUCCESS,TRANSFER,Tambaram Branch,C3288,Education Fees
T402272,5,Chennai,2025-05-08,20453.66,SUCCESS,DEPOSIT,Tambaram Branch,C5764,Medical Expenses
T402273,5,Chennai,2025-05-08,79470.25,FAILED,WITHDRAWAL,Tambaram Branch,C9547,Bill Payment
T402274,5,Chennai,2025-05-08,8927.23,SUCCESS,WITHDRAWAL,Tambaram Branch,C8122,Education Fees
T402275,5,Chennai,2025-05-08,62974.3,SUCCESS,DEPOSIT,Tambaram Branch,C6350,Loan Payment
T402276,5,Chennai,2025-05-08,49910.91,FAILED,DEPOSIT,Tambaram Branch,C3843,Shopping
T402277,5,Chennai,2025-05-08,36013.55,SUCCESS,WITHDRAWAL,Tambaram Branch,C7841,Others
T402278,5,Chennai,2025-05-08,17596.49,FAILED,DEPOSIT,Tambaram Branch,C9002,Loan Payment
T402279,5,Chennai,2025-05-08,83729.96,FAILED,WITHDRAWAL,Tambaram Branch,C2770,Others
T402280,5,Chennai,2025-05-08,67768.3,SUCCESS,TRANSFER,Tambaram Branch,C4010,Travel
T402281,5,Chennai,2025-05-08,77355.6,FAILED,WITHDRAWAL,Tambaram Branch,C6191,Loan Payment
T402282,5,Chennai,2025-05-08,70327.16,FAILED,TRANSFER,Tambaram Branch,C1524,Loan Payment
T402283,5,Chennai,2025-05-08,18931.78,FAILED,TRANSFER,Tambaram Branch,C4822,Travel
T402284,5,Chennai,2025-05-08,90191.72,FAILED,WITHDRAWAL,Tambaram Branch,C6141,Travel
T402285,5,Chennai,2025-05-08,68317.22,SUCCESS,TRANSFER,Tambaram Branch,C4141,Medical Expenses
T402286,5,Chennai,2025-05-08,18211.4,SUCCESS,WITHDRAWAL,Tambaram Branch,C1203,Travel
T402287,5,Chennai,2025-05-08,13003.1,SUCCESS,WITHDRAWAL,Tambaram Branch,C8346,Others
T402288,5,Chennai,2025-05-08,9785.71,FAILED,DEPOSIT,Tambaram Branch,C7473,Medical Expenses
T402289,5,Chennai,2025-05-08,73829.9,SUCCESS,DEPOSIT,Tambaram Branch,C8634,Travel
T402290,5,Chennai,2025-05-08,72492.45,SUCCESS,TRANSFER,Tambaram Branch,C3446,Travel
T402291,5,Chennai,2025-05-08,85641.4,SUCCESS,WITHDRAWAL,Tambaram Branch,C2905,Travel
T402292,5,Chennai,2025-05-08,45588.29,SUCCESS,TRANSFER,Tambaram Branch,C8804,Medical Expenses
T402293,5,Chennai,2025-05-08,2841.77,SUCCESS,WITHDRAWAL,Tambaram Branch,C5076,Loan Payment
T402294,5,Chennai,2025-05-08,7395.49,SUCCESS,WITHDRAWAL,Tambaram Branch,C5674,Medical Expenses
T402295,5,Chennai,2025-05-08,90063.26,SUCCESS,TRANSFER,Tambaram Branch,C2399,Travel
T402296,5,Chennai,2025-05-08,23440.25,FAILED,WITHDRAWAL,Tambaram Branch,C7073,Bill Payment
T402297,5,Chennai,2025-05-08,20798.64,SUCCESS,TRANSFER,Tambaram Branch,C2411,Medical Expenses
T402298,5,Chennai,2025-05-08,36820.71,FAILED,WITHDRAWAL,Tambaram Branch,C9378,Bill Payment
T402299,5,Chennai,2025-05-08,32444.35,SUCCESS,DEPOSIT,Tambaram Branch,C7566,Shopping
T402300,5,Chennai,2025-05-08,98908.03,SUCCESS,DEPOSIT,Tambaram Branch,C3139,Shopping
T402301,5,Chennai,2025-05-08,37065.91,FAILED,TRANSFER,Tambaram Branch,C8747,Others
T402302,5,Chennai,2025-05-08,62443.01,SUCCESS,WITHDRAWAL,Tambaram Branch,C4417,Bill Payment
T402303,5,Chennai,2025-05-08,26912.24,SUCCESS,TRANSFER,Tambaram Branch,C1131,Shopping
T402304,5,Chennai,2025-05-08,21897.44,FAILED,DEPOSIT,Tambaram Branch,C6636,Loan Payment
T402305,5,Chennai,2025-05-08,1854.64,FAILED,DEPOSIT,Tambaram Branch,C6349,Education Fees
T402306,5,Chennai,2025-05-08,87502.4,SUCCESS,TRANSFER,Tambaram Branch,C3934,Education Fees
T402307,5,Chennai,2025-05-08,48818.6,SUCCESS,TRANSFER,Tambaram Branch,C4879,Bill Payment
T402308,5,Chennai,2025-05-08,12919.63,SUCCESS,DEPOSIT,Tambaram Branch,C1683,Shopping
T402309,5,Chennai,2025-05-08,77503.07,FAILED,WITHDRAWAL,Tambaram Branch,C1445,Education Fees
T402310,5,Chennai,2025-05-08,26723.41,SUCCESS,DEPOSIT,Tambaram Branch,C6390,Others
T402311,5,Chennai,2025-05-08,81901.18,SUCCESS,TRANSFER,Tambaram Branch,C4168,Medical Expenses
T402312,5,Chennai,2025-05-08,72560.84,FAILED,WITHDRAWAL,Tambaram Branch,C1707,Education Fees
T402313,5,Chennai,2025-05-08,24883.69,FAILED,TRANSFER,Tambaram Branch,C3146,Education Fees
T402314,5,Chennai,2025-05-08,5376.04,FAILED,TRANSFER,Tambaram Branch,C4317,Education Fees
T402315,5,Chennai,2025-05-08,23621.63,SUCCESS,DEPOSIT,Tambaram Branch,C2187,Medical Expenses
T402316,5,Chennai,2025-05-08,73320.04,FAILED,WITHDRAWAL,Tambaram Branch,C4251,Education Fees
T402317,5,Chennai,2025-05-08,3876.4,FAILED,DEPOSIT,Tambaram Branch,C3793,Others
T402318,5,Chennai,2025-05-08,26948.96,FAILED,DEPOSIT,Tambaram Branch,C6561,Bill Payment
T402319,5,Chennai,2025-05-08,38676.98,SUCCESS,TRANSFER,Tambaram Branch,C3977,Loan Payment
T402320,5,Chennai,2025-05-08,95583.73,SUCCESS,DEPOSIT,Tambaram Branch,C9661,Bill Payment
T402321,5,Chennai,2025-05-08,17307.35,FAILED,DEPOSIT,Tambaram Branch,C6867,Loan Payment
T402322,5,Chennai,2025-05-08,9962.99,FAILED,DEPOSIT,Tambaram Branch,C2454,Education Fees
T402323,5,Chennai,2025-05-08,23817.71,SUCCESS,WITHDRAWAL,Tambaram Branch,C9239,Bill Payment
T402324,5,Chennai,2025-05-08,81509.53,FAILED,WITHDRAWAL,Tambaram Branch,C6468,Medical Expenses
T402325,5,Chennai,2025-05-08,33836.13,FAILED,TRANSFER,Tambaram Branch,C5423,Shopping
T402326,5,Chennai,2025-05-08,51170.3,SUCCESS,WITHDRAWAL,Tambaram Branch,C3372,Bill Payment
T402327,5,Chennai,2025-05-08,55921.1,SUCCESS,DEPOSIT,Tambaram Branch,C8716,Education Fees
T402328,5,Chennai,2025-05-08,86319.94,FAILED,TRANSFER,Tambaram Branch,C8378,Bill Payment
T402329,5,Chennai,2025-05-08,32699.3,SUCCESS,TRANSFER,Tambaram Branch,C1190,Others
T402330,5,Chennai,2025-05-08,92781.18,SUCCESS,DEPOSIT,Tambaram Branch,C2906,Bill Payment
T402331,5,Chennai,2025-05-08,63041.62,FAILED,WITHDRAWAL,Tambaram Branch,C5328,Bill Payment
T402332,5,Chennai,2025-05-08,58719.91,SUCCESS,DEPOSIT,Tambaram Branch,C7636,Loan Payment
T402333,5,Chennai,2025-05-08,7303.09,FAILED,WITHDRAWAL,Tambaram Branch,C9624,Others
T402334,5,Chennai,2025-05-08,12424.89,SUCCESS,TRANSFER,Tambaram Branch,C8781,Shopping
T402335,5,Chennai,2025-05-08,79192.17,SUCCESS,TRANSFER,Tambaram Branch,C6107,Education Fees
T402336,5,Chennai,2025-05-08,54321.89,SUCCESS,DEPOSIT,Tambaram Branch,C8024,Medical Expenses
T402337,5,Chennai,2025-05-08,86866.31,FAILED,DEPOSIT,Tambaram Branch,C7135,Shopping
T402338,5,Chennai,2025-05-08,56083.96,SUCCESS,TRANSFER,Tambaram Branch,C9086,Medical Expenses
T402339,5,Chennai,2025-05-08,71337.11,FAILED,WITHDRAWAL,Tambaram Branch,C9741,Others
T402340,5,Chennai,2025-05-08,69567.01,FAILED,DEPOSIT,Tambaram Branch,C1169,Medical Expenses
T402341,5,Chennai,2025-05-08,82843.88,SUCCESS,WITHDRAWAL,Tambaram Branch,C7485,Others
T402342,5,Chennai,2025-05-08,25387.52,FAILED,WITHDRAWAL,Tambaram Branch,C7662,Others
T402343,5,Chennai,2025-05-08,99599.01,SUCCESS,DEPOSIT,Tambaram Branch,C3366,Shopping
T402344,5,Chennai,2025-05-08,7949.56,FAILED,WITHDRAWAL,Tambaram Branch,C4049,Others
T402345,5,Chennai,2025-05-08,99188.33,FAILED,WITHDRAWAL,Tambaram Branch,C9836,Loan Payment
T402346,5,Chennai,2025-05-08,23145.44,SUCCESS,TRANSFER,Tambaram Branch,C7667,Shopping
T402347,5,Chennai,2025-05-08,68341.64,SUCCESS,TRANSFER,Tambaram Branch,C7838,Loan Payment
T402348,5,Chennai,2025-05-08,99118.91,SUCCESS,WITHDRAWAL,Tambaram Branch,C5736,Bill Payment
T402349,5,Chennai,2025-05-08,77175.13,FAILED,TRANSFER,Tambaram Branch,C4469,Loan Payment
T402350,5,Chennai,2025-05-08,71868.97,SUCCESS,WITHDRAWAL,Tambaram Branch,C8662,Education Fees
T402351,5,Chennai,2025-05-08,54401.66,SUCCESS,DEPOSIT,Tambaram Branch,C3596,Medical Expenses
T402352,5,Chennai,2025-05-08,52537.4,SUCCESS,DEPOSIT,Tambaram Branch,C1074,Education Fees
T402353,5,Chennai,2025-05-08,82403.61,FAILED,WITHDRAWAL,Tambaram Branch,C6902,Medical Expenses
T402354,5,Chennai,2025-05-08,13631.88,SUCCESS,DEPOSIT,Tambaram Branch,C7948,Loan Payment
T402355,5,Chennai,2025-05-08,22209.19,FAILED,WITHDRAWAL,Tambaram Branch,C1589,Medical Expenses
T402356,5,Chennai,2025-05-08,36769.78,SUCCESS,DEPOSIT,Tambaram Branch,C6986,Bill Payment
T402357,5,Chennai,2025-05-08,88796.85,FAILED,TRANSFER,Tambaram Branch,C8908,Education Fees
T402358,5,Chennai,2025-05-08,50646.16,SUCCESS,TRANSFER,Tambaram Branch,C4781,Education Fees
T402359,5,Chennai,2025-05-08,8649.46,FAILED,WITHDRAWAL,Tambaram Branch,C9066,Bill Payment
T402360,5,Chennai,2025-05-08,7657.17,FAILED,TRANSFER,Tambaram Branch,C9790,Loan Payment
T402361,5,Chennai,2025-05-08,29818.84,FAILED,WITHDRAWAL,Tambaram Branch,C1299,Shopping
T402362,5,Chennai,2025-05-08,26408.29,FAILED,DEPOSIT,Tambaram Branch,C7511,Shopping
T402363,5,Chennai,2025-05-08,71486.71,FAILED,DEPOSIT,Tambaram Branch,C4894,Medical Expenses
T402364,5,Chennai,2025-05-08,56851.02,FAILED,DEPOSIT,Tambaram Branch,C2510,Shopping
T402365,5,Chennai,2025-05-08,29420.01,SUCCESS,WITHDRAWAL,Tambaram Branch,C3777,Medical Expenses
T402366,5,Chennai,2025-05-08,70393.01,FAILED,TRANSFER,Tambaram Branch,C6695,Medical Expenses
T402367,5,Chennai,2025-05-07,51196.68,FAILED,WITHDRAWAL,Tambaram Branch,C8470,Others
T402368,5,Chennai,2025-05-07,9427.95,FAILED,TRANSFER,Tambaram Branch,C9543,Travel
T402369,5,Chennai,2025-05-07,89068.72,SUCCESS,DEPOSIT,Tambaram Branch,C8817,Shopping
T402370,5,Chennai,2025-05-07,7179.53,FAILED,TRANSFER,Tambaram Branch,C4142,Education Fees
T402371,5,Chennai,2025-05-07,57471.86,FAILED,DEPOSIT,Tambaram Branch,C5643,Bill Payment
T402372,5,Chennai,2025-05-07,29814.17,FAILED,DEPOSIT,Tambaram Branch,C4676,Loan Payment
T402373,5,Chennai,2025-05-07,59601.07,FAILED,TRANSFER,Tambaram Branch,C1846,Travel
T402374,5,Chennai,2025-05-07,26715.61,FAILED,TRANSFER,Tambaram Branch,C8896,Education Fees
T402375,5,Chennai,2025-05-07,55064.55,FAILED,DEPOSIT,Tambaram Branch,C2615,Loan Payment
T402376,5,Chennai,2025-05-07,84576.54,FAILED,TRANSFER,Tambaram Branch,C1698,Bill Payment
T402377,5,Chennai,2025-05-07,36558.73,FAILED,DEPOSIT,Tambaram Branch,C1256,Travel
T402378,5,Chennai,2025-05-07,13603.02,SUCCESS,WITHDRAWAL,Tambaram Branch,C4935,Shopping
T402379,5,Chennai,2025-05-07,80550.92,FAILED,WITHDRAWAL,Tambaram Branch,C6078,Education Fees
T402380,5,Chennai,2025-05-07,20713.78,SUCCESS,TRANSFER,Tambaram Branch,C2956,Others
T402381,5,Chennai,2025-05-07,61361.13,FAILED,TRANSFER,Tambaram Branch,C8046,Education Fees
T402382,5,Chennai,2025-05-07,84880.57,SUCCESS,TRANSFER,Tambaram Branch,C4234,Medical Expenses
T402383,5,Chennai,2025-05-07,15938.69,FAILED,DEPOSIT,Tambaram Branch,C8132,Others
T402384,5,Chennai,2025-05-07,84308.87,FAILED,DEPOSIT,Tambaram Branch,C7160,Bill Payment
T402385,5,Chennai,2025-05-07,95658.17,SUCCESS,DEPOSIT,Tambaram Branch,C6236,Others
T402386,5,Chennai,2025-05-07,73858.44,FAILED,WITHDRAWAL,Tambaram Branch,C1339,Medical Expenses
T402387,5,Chennai,2025-05-07,19488.92,SUCCESS,TRANSFER,Tambaram Branch,C6351,Shopping
T402388,5,Chennai,2025-05-07,41849.68,FAILED,WITHDRAWAL,Tambaram Branch,C5327,Travel
T402389,5,Chennai,2025-05-07,96429.92,FAILED,TRANSFER,Tambaram Branch,C5482,Education Fees
T402390,5,Chennai,2025-05-07,45447.86,SUCCESS,TRANSFER,Tambaram Branch,C2277,Medical Expenses
T402391,5,Chennai,2025-05-07,16948.39,FAILED,TRANSFER,Tambaram Branch,C2919,Loan Payment
T402392,5,Chennai,2025-05-07,41179.74,SUCCESS,DEPOSIT,Tambaram Branch,C5433,Others
T402393,5,Chennai,2025-05-07,62208.73,FAILED,DEPOSIT,Tambaram Branch,C5442,Loan Payment
T402394,5,Chennai,2025-05-07,95434.73,FAILED,TRANSFER,Tambaram Branch,C1100,Education Fees
T402395,5,Chennai,2025-05-07,43549.66,FAILED,WITHDRAWAL,Tambaram Branch,C8774,Loan Payment
T402396,5,Chennai,2025-05-07,37105.72,FAILED,WITHDRAWAL,Tambaram Branch,C2766,Medical Expenses
T402397,5,Chennai,2025-05-07,6729.57,SUCCESS,TRANSFER,Tambaram Branch,C8508,Bill Payment
T402398,5,Chennai,2025-05-07,12480.76,SUCCESS,DEPOSIT,Tambaram Branch,C4683,Loan Payment
T402399,5,Chennai,2025-05-07,9723.89,SUCCESS,WITHDRAWAL,Tambaram Branch,C2960,Shopping
T402400,5,Chennai,2025-05-07,79541.98,SUCCESS,TRANSFER,Tambaram Branch,C6558,Education Fees
T402401,5,Chennai,2025-05-07,38165.06,FAILED,WITHDRAWAL,Tambaram Branch,C2815,Loan Payment
T402402,5,Chennai,2025-05-07,65642.95,FAILED,WITHDRAWAL,Tambaram Branch,C6149,Travel
T402403,5,Chennai,2025-05-07,87007.19,SUCCESS,DEPOSIT,Tambaram Branch,C9798,Shopping
T402404,5,Chennai,2025-05-07,84127.04,SUCCESS,DEPOSIT,Tambaram Branch,C8087,Others
T402405,5,Chennai,2025-05-07,90133.45,SUCCESS,DEPOSIT,Tambaram Branch,C5897,Medical Expenses
T402406,5,Chennai,2025-05-07,90575.09,SUCCESS,TRANSFER,Tambaram Branch,C8165,Others
T402407,5,Chennai,2025-05-07,45283.69,SUCCESS,WITHDRAWAL,Tambaram Branch,C7430,Education Fees
T402408,5,Chennai,2025-05-07,88389.85,SUCCESS,WITHDRAWAL,Tambaram Branch,C7394,Education Fees
T402409,5,Chennai,2025-05-07,61530.45,SUCCESS,WITHDRAWAL,Tambaram Branch,C4840,Others
T402410,5,Chennai,2025-05-07,13092.79,SUCCESS,DEPOSIT,Tambaram Branch,C8820,Education Fees
T402411,5,Chennai,2025-05-07,25255.03,SUCCESS,DEPOSIT,Tambaram Branch,C3583,Shopping
T402412,5,Chennai,2025-05-07,1058.2,SUCCESS,TRANSFER,Tambaram Branch,C3178,Others
T402413,5,Chennai,2025-05-07,54734.05,FAILED,DEPOSIT,Tambaram Branch,C6151,Loan Payment
T402414,5,Chennai,2025-05-07,29205.3,FAILED,WITHDRAWAL,Tambaram Branch,C1234,Bill Payment
T402415,5,Chennai,2025-05-07,30102.9,FAILED,TRANSFER,Tambaram Branch,C6277,Bill Payment
T402416,5,Chennai,2025-05-07,36116.29,SUCCESS,TRANSFER,Tambaram Branch,C1336,Travel
T402417,5,Chennai,2025-05-07,69948.99,SUCCESS,TRANSFER,Tambaram Branch,C8956,Bill Payment
T402418,5,Chennai,2025-05-07,27731.16,FAILED,WITHDRAWAL,Tambaram Branch,C9802,Travel
T402419,5,Chennai,2025-05-07,74151.51,FAILED,DEPOSIT,Tambaram Branch,C4945,Loan Payment
T402420,5,Chennai,2025-05-07,76876.81,SUCCESS,WITHDRAWAL,Tambaram Branch,C5566,Bill Payment
T402421,5,Chennai,2025-05-07,93886.61,FAILED,TRANSFER,Tambaram Branch,C7560,Education Fees
T402422,5,Chennai,2025-05-07,53399.9,SUCCESS,WITHDRAWAL,Tambaram Branch,C1239,Education Fees
T402423,5,Chennai,2025-05-07,39911.26,SUCCESS,WITHDRAWAL,Tambaram Branch,C5411,Loan Payment
T402424,5,Chennai,2025-05-07,67498.24,SUCCESS,DEPOSIT,Tambaram Branch,C7425,Medical Expenses
T402425,5,Chennai,2025-05-07,24456.81,FAILED,DEPOSIT,Tambaram Branch,C4306,Loan Payment
T402426,5,Chennai,2025-05-07,69869.85,FAILED,WITHDRAWAL,Tambaram Branch,C9094,Education Fees
T402427,5,Chennai,2025-05-07,11679.09,FAILED,TRANSFER,Tambaram Branch,C2387,Shopping
T402428,5,Chennai,2025-05-07,16685.29,FAILED,WITHDRAWAL,Tambaram Branch,C9378,Education Fees
T402429,5,Chennai,2025-05-07,75903.06,FAILED,WITHDRAWAL,Tambaram Branch,C4383,Medical Expenses
T402430,5,Chennai,2025-05-07,61277.78,FAILED,TRANSFER,Tambaram Branch,C7999,Loan Payment
T402431,5,Chennai,2025-05-07,87829.9,SUCCESS,TRANSFER,Tambaram Branch,C7115,Others
T402432,5,Chennai,2025-05-07,1844.3,FAILED,WITHDRAWAL,Tambaram Branch,C6952,Bill Payment
T402433,5,Chennai,2025-05-07,59852.02,SUCCESS,TRANSFER,Tambaram Branch,C5986,Shopping
T402434,5,Chennai,2025-05-07,25693.97,FAILED,DEPOSIT,Tambaram Branch,C2236,Loan Payment
T402435,5,Chennai,2025-05-07,523.06,FAILED,WITHDRAWAL,Tambaram Branch,C7283,Loan Payment
T402436,5,Chennai,2025-05-07,45278.08,SUCCESS,WITHDRAWAL,Tambaram Branch,C2687,Loan Payment
T402437,5,Chennai,2025-05-07,42539.63,FAILED,WITHDRAWAL,Tambaram Branch,C2861,Education Fees
T402438,5,Chennai,2025-05-07,21426.37,SUCCESS,WITHDRAWAL,Tambaram Branch,C1830,Travel
T402439,5,Chennai,2025-05-07,11383.69,SUCCESS,WITHDRAWAL,Tambaram Branch,C7703,Bill Payment
T402440,5,Chennai,2025-05-07,79800.68,FAILED,TRANSFER,Tambaram Branch,C5029,Travel
T402441,5,Chennai,2025-05-07,51481.56,SUCCESS,TRANSFER,Tambaram Branch,C9380,Education Fees
T402442,5,Chennai,2025-05-07,58450.94,FAILED,DEPOSIT,Tambaram Branch,C2970,Others
T402443,5,Chennai,2025-05-07,45890.87,FAILED,DEPOSIT,Tambaram Branch,C3276,Travel
T402444,5,Chennai,2025-05-07,43635.97,SUCCESS,TRANSFER,Tambaram Branch,C8509,Loan Payment
T402445,5,Chennai,2025-05-07,65708.02,SUCCESS,TRANSFER,Tambaram Branch,C3958,Medical Expenses
T402446,5,Chennai,2025-05-07,80439.82,SUCCESS,TRANSFER,Tambaram Branch,C3247,Others
T402447,5,Chennai,2025-05-07,26035.93,SUCCESS,DEPOSIT,Tambaram Branch,C2502,Others
T402448,5,Chennai,2025-05-06,12004.91,SUCCESS,TRANSFER,Tambaram Branch,C6138,Travel
T402449,5,Chennai,2025-05-06,47593.53,FAILED,DEPOSIT,Tambaram Branch,C8180,Education Fees
T402450,5,Chennai,2025-05-06,61619.03,FAILED,DEPOSIT,Tambaram Branch,C4077,Loan Payment
T402451,5,Chennai,2025-05-06,9760.85,FAILED,TRANSFER,Tambaram Branch,C6803,Travel
T402452,5,Chennai,2025-05-06,63422.76,FAILED,DEPOSIT,Tambaram Branch,C3876,Loan Payment
T402453,5,Chennai,2025-05-06,67064.46,SUCCESS,DEPOSIT,Tambaram Branch,C4148,Shopping
T402454,5,Chennai,2025-05-06,12512.86,SUCCESS,TRANSFER,Tambaram Branch,C8640,Loan Payment
T402455,5,Chennai,2025-05-06,30407.89,SUCCESS,WITHDRAWAL,Tambaram Branch,C2707,Travel
T402456,5,Chennai,2025-05-06,29834.8,FAILED,WITHDRAWAL,Tambaram Branch,C7922,Medical Expenses
T402457,5,Chennai,2025-05-06,35917.94,FAILED,DEPOSIT,Tambaram Branch,C3979,Medical Expenses
T402458,5,Chennai,2025-05-06,10044.01,SUCCESS,WITHDRAWAL,Tambaram Branch,C8989,Travel
T402459,5,Chennai,2025-05-06,38309.22,SUCCESS,WITHDRAWAL,Tambaram Branch,C7082,Education Fees
T402460,5,Chennai,2025-05-06,48377.55,FAILED,TRANSFER,Tambaram Branch,C5521,Loan Payment
T402461,5,Chennai,2025-05-06,50151.46,SUCCESS,TRANSFER,Tambaram Branch,C5829,Shopping
T402462,5,Chennai,2025-05-06,7023.18,FAILED,DEPOSIT,Tambaram Branch,C8346,Medical Expenses
T402463,5,Chennai,2025-05-06,63563.86,FAILED,TRANSFER,Tambaram Branch,C8084,Others
T402464,5,Chennai,2025-05-06,74387.71,SUCCESS,DEPOSIT,Tambaram Branch,C1644,Education Fees
T402465,5,Chennai,2025-05-06,25521.22,SUCCESS,DEPOSIT,Tambaram Branch,C8715,Education Fees
T402466,5,Chennai,2025-05-06,33461.7,SUCCESS,DEPOSIT,Tambaram Branch,C3387,Loan Payment
T402467,5,Chennai,2025-05-06,37236.83,SUCCESS,DEPOSIT,Tambaram Branch,C7929,Education Fees
T402468,5,Chennai,2025-05-06,79174.44,FAILED,DEPOSIT,Tambaram Branch,C8001,Shopping
T402469,5,Chennai,2025-05-06,4798.53,SUCCESS,DEPOSIT,Tambaram Branch,C3997,Medical Expenses
T402470,5,Chennai,2025-05-06,43560.5,SUCCESS,TRANSFER,Tambaram Branch,C4633,Medical Expenses
T402471,5,Chennai,2025-05-06,65225.07,SUCCESS,DEPOSIT,Tambaram Branch,C4261,Education Fees
T402472,5,Chennai,2025-05-06,23288.24,FAILED,DEPOSIT,Tambaram Branch,C5039,Loan Payment
T402473,5,Chennai,2025-05-06,86368.43,FAILED,WITHDRAWAL,Tambaram Branch,C2829,Bill Payment
T402474,5,Chennai,2025-05-06,34737.89,SUCCESS,TRANSFER,Tambaram Branch,C8885,Bill Payment
T402475,5,Chennai,2025-05-06,15349.88,SUCCESS,WITHDRAWAL,Tambaram Branch,C1519,Travel
T402476,5,Chennai,2025-05-06,78431.3,SUCCESS,WITHDRAWAL,Tambaram Branch,C7067,Bill Payment
T402477,5,Chennai,2025-05-06,95384.28,SUCCESS,DEPOSIT,Tambaram Branch,C2259,Others
T402478,5,Chennai,2025-05-06,40315.78,FAILED,WITHDRAWAL,Tambaram Branch,C2880,Bill Payment
T402479,5,Chennai,2025-05-06,10924.43,FAILED,DEPOSIT,Tambaram Branch,C1348,Bill Payment
T402480,5,Chennai,2025-05-06,66037.9,SUCCESS,DEPOSIT,Tambaram Branch,C1047,Others
T402481,5,Chennai,2025-05-06,91130.71,FAILED,WITHDRAWAL,Tambaram Branch,C1310,Shopping
T402482,5,Chennai,2025-05-06,12262.4,SUCCESS,TRANSFER,Tambaram Branch,C3852,Education Fees
T402483,5,Chennai,2025-05-06,39529.38,FAILED,TRANSFER,Tambaram Branch,C7194,Medical Expenses
T402484,5,Chennai,2025-05-06,73060.83,FAILED,TRANSFER,Tambaram Branch,C4679,Loan Payment
T402485,5,Chennai,2025-05-06,60287.47,FAILED,TRANSFER,Tambaram Branch,C4066,Education Fees
T402486,5,Chennai,2025-05-06,72385.99,FAILED,WITHDRAWAL,Tambaram Branch,C7242,Others
T402487,5,Chennai,2025-05-06,3793.2,SUCCESS,WITHDRAWAL,Tambaram Branch,C3546,Others
T402488,5,Chennai,2025-05-06,95323.78,FAILED,WITHDRAWAL,Tambaram Branch,C6262,Bill Payment
T402489,5,Chennai,2025-05-06,18133.83,FAILED,DEPOSIT,Tambaram Branch,C1740,Education Fees
T402490,5,Chennai,2025-05-06,32330.47,SUCCESS,WITHDRAWAL,Tambaram Branch,C3631,Bill Payment
T402491,5,Chennai,2025-05-06,90180.68,SUCCESS,TRANSFER,Tambaram Branch,C1033,Bill Payment
T402492,5,Chennai,2025-05-06,33824.32,FAILED,WITHDRAWAL,Tambaram Branch,C7039,Shopping
T402493,5,Chennai,2025-05-06,48044.11,FAILED,DEPOSIT,Tambaram Branch,C6493,Medical Expenses
T402494,5,Chennai,2025-05-06,16007.86,SUCCESS,TRANSFER,Tambaram Branch,C6847,Loan Payment
T402495,5,Chennai,2025-05-06,27233.03,SUCCESS,WITHDRAWAL,Tambaram Branch,C1676,Bill Payment
T402496,5,Chennai,2025-05-06,43676.23,SUCCESS,DEPOSIT,Tambaram Branch,C4819,Shopping
T402497,5,Chennai,2025-05-06,59995.43,SUCCESS,WITHDRAWAL,Tambaram Branch,C6579,Medical Expenses
T402498,5,Chennai,2025-05-06,38248.53,FAILED,TRANSFER,Tambaram Branch,C9344,Shopping
T402499,5,Chennai,2025-05-06,57360.13,FAILED,WITHDRAWAL,Tambaram Branch,C7829,Education Fees
T402500,5,Chennai,2025-05-06,22825.96,SUCCESS,WITHDRAWAL,Tambaram Branch,C2615,Bill Payment
T402501,5,Chennai,2025-05-06,23072.18,FAILED,TRANSFER,Tambaram Branch,C9718,Others
T402502,5,Chennai,2025-05-06,25247.29,FAILED,TRANSFER,Tambaram Branch,C3932,Shopping
T402503,5,Chennai,2025-05-06,9577.72,SUCCESS,TRANSFER,Tambaram Branch,C9487,Others
T402504,5,Chennai,2025-05-06,46665.46,FAILED,WITHDRAWAL,Tambaram Branch,C4179,Shopping
T402505,5,Chennai,2025-05-06,90028.83,SUCCESS,WITHDRAWAL,Tambaram Branch,C3969,Shopping
T402506,5,Chennai,2025-05-06,98665.34,SUCCESS,WITHDRAWAL,Tambaram Branch,C6689,Travel
T402507,5,Chennai,2025-05-06,87516.09,FAILED,DEPOSIT,Tambaram Branch,C9057,Medical Expenses
T402508,5,Chennai,2025-05-06,76735.27,FAILED,TRANSFER,Tambaram Branch,C4815,Medical Expenses
T402509,5,Chennai,2025-05-06,93530.02,SUCCESS,DEPOSIT,Tambaram Branch,C4441,Others
T402510,5,Chennai,2025-05-06,30353.47,SUCCESS,DEPOSIT,Tambaram Branch,C7897,Education Fees
T402511,5,Chennai,2025-05-06,64723.63,SUCCESS,TRANSFER,Tambaram Branch,C1530,Education Fees
T402512,5,Chennai,2025-05-06,90587.51,FAILED,DEPOSIT,Tambaram Branch,C1437,Education Fees
T402513,5,Chennai,2025-05-06,98118.36,FAILED,TRANSFER,Tambaram Branch,C6141,Others
T402514,5,Chennai,2025-05-06,45281.45,SUCCESS,WITHDRAWAL,Tambaram Branch,C9994,Loan Payment
T402515,5,Chennai,2025-05-06,68273.69,SUCCESS,TRANSFER,Tambaram Branch,C7590,Loan Payment
T402516,5,Chennai,2025-05-06,72916.61,FAILED,WITHDRAWAL,Tambaram Branch,C7213,Loan Payment
T402517,5,Chennai,2025-05-06,56215.86,FAILED,TRANSFER,Tambaram Branch,C3374,Medical Expenses
T402518,5,Chennai,2025-05-06,66165.24,SUCCESS,DEPOSIT,Tambaram Branch,C8306,Shopping
T402519,5,Chennai,2025-05-06,23894.88,SUCCESS,WITHDRAWAL,Tambaram Branch,C9757,Others
T402520,5,Chennai,2025-05-06,91866.86,FAILED,WITHDRAWAL,Tambaram Branch,C4600,Others
T402521,5,Chennai,2025-05-06,32563.87,SUCCESS,TRANSFER,Tambaram Branch,C3593,Shopping
T402522,5,Chennai,2025-05-06,77811.6,SUCCESS,TRANSFER,Tambaram Branch,C1313,Medical Expenses
T402523,5,Chennai,2025-05-06,22518.2,FAILED,TRANSFER,Tambaram Branch,C3488,Bill Payment
T402524,5,Chennai,2025-05-06,27722.94,FAILED,WITHDRAWAL,Tambaram Branch,C9428,Medical Expenses
T402525,5,Chennai,2025-05-06,35723.51,FAILED,TRANSFER,Tambaram Branch,C5147,Education Fees
T402526,5,Chennai,2025-05-06,8509.83,SUCCESS,TRANSFER,Tambaram Branch,C9316,Travel
T402527,5,Chennai,2025-05-06,43288.09,FAILED,DEPOSIT,Tambaram Branch,C4382,Others
T402528,5,Chennai,2025-05-06,90650.26,SUCCESS,DEPOSIT,Tambaram Branch,C4213,Bill Payment
T402529,5,Chennai,2025-05-06,6175.71,FAILED,WITHDRAWAL,Tambaram Branch,C1922,Loan Payment
T402530,5,Chennai,2025-05-06,45235.83,SUCCESS,TRANSFER,Tambaram Branch,C5203,Others
T402531,5,Chennai,2025-05-06,47549.34,FAILED,WITHDRAWAL,Tambaram Branch,C6553,Others
T402532,5,Chennai,2025-05-06,81171.27,FAILED,TRANSFER,Tambaram Branch,C3889,Shopping
T402533,5,Chennai,2025-05-06,72002.34,SUCCESS,WITHDRAWAL,Tambaram Branch,C3522,Shopping
T402534,5,Chennai,2025-05-06,78116.43,FAILED,TRANSFER,Tambaram Branch,C4691,Shopping
T402535,5,Chennai,2025-05-06,68746.7,FAILED,TRANSFER,Tambaram Branch,C3470,Bill Payment
T402536,5,Chennai,2025-05-06,65490.81,SUCCESS,TRANSFER,Tambaram Branch,C2636,Medical Expenses
T402537,5,Chennai,2025-05-06,73335.5,SUCCESS,TRANSFER,Tambaram Branch,C1072,Travel
T402538,5,Chennai,2025-05-06,51466.1,FAILED,DEPOSIT,Tambaram Branch,C7986,Education Fees
T402539,5,Chennai,2025-05-06,50571.0,FAILED,WITHDRAWAL,Tambaram Branch,C3146,Education Fees
T402540,5,Chennai,2025-05-06,9409.61,FAILED,TRANSFER,Tambaram Branch,C6024,Education Fees
T402541,5,Chennai,2025-05-06,54067.14,SUCCESS,DEPOSIT,Tambaram Branch,C8956,Others
T402542,5,Chennai,2025-05-06,13661.46,SUCCESS,TRANSFER,Tambaram Branch,C1031,Education Fees
T402543,5,Chennai,2025-05-06,93384.53,FAILED,WITHDRAWAL,Tambaram Branch,C4815,Others
T402544,5,Chennai,2025-05-05,92147.3,FAILED,TRANSFER,Tambaram Branch,C2490,Shopping
T402545,5,Chennai,2025-05-05,58659.87,FAILED,TRANSFER,Tambaram Branch,C7035,Education Fees
T402546,5,Chennai,2025-05-05,38617.8,SUCCESS,TRANSFER,Tambaram Branch,C5155,Bill Payment
T402547,5,Chennai,2025-05-05,97605.46,FAILED,TRANSFER,Tambaram Branch,C5637,Loan Payment
T402548,5,Chennai,2025-05-05,39331.81,SUCCESS,TRANSFER,Tambaram Branch,C3378,Shopping
T402549,5,Chennai,2025-05-05,31337.45,FAILED,TRANSFER,Tambaram Branch,C5173,Travel
T402550,5,Chennai,2025-05-05,30443.65,SUCCESS,TRANSFER,Tambaram Branch,C7187,Travel
T402551,5,Chennai,2025-05-05,73704.06,FAILED,DEPOSIT,Tambaram Branch,C7189,Bill Payment
T402552,5,Chennai,2025-05-05,43870.39,SUCCESS,DEPOSIT,Tambaram Branch,C2930,Loan Payment
T402553,5,Chennai,2025-05-05,17509.68,FAILED,TRANSFER,Tambaram Branch,C1810,Loan Payment
T402554,5,Chennai,2025-05-05,53889.61,FAILED,WITHDRAWAL,Tambaram Branch,C9458,Medical Expenses
T402555,5,Chennai,2025-05-05,88130.6,FAILED,TRANSFER,Tambaram Branch,C6483,Education Fees
T402556,5,Chennai,2025-05-05,26306.71,FAILED,DEPOSIT,Tambaram Branch,C9336,Education Fees
T402557,5,Chennai,2025-05-05,65489.2,SUCCESS,DEPOSIT,Tambaram Branch,C9619,Education Fees
T402558,5,Chennai,2025-05-05,53083.5,FAILED,WITHDRAWAL,Tambaram Branch,C3134,Travel
T402559,5,Chennai,2025-05-05,31001.4,SUCCESS,WITHDRAWAL,Tambaram Branch,C4446,Travel
T402560,5,Chennai,2025-05-05,51554.94,SUCCESS,DEPOSIT,Tambaram Branch,C1469,Medical Expenses
T402561,5,Chennai,2025-05-05,93567.93,SUCCESS,DEPOSIT,Tambaram Branch,C8595,Education Fees
T402562,5,Chennai,2025-05-05,72929.64,SUCCESS,TRANSFER,Tambaram Branch,C6990,Loan Payment
T402563,5,Chennai,2025-05-05,77080.36,FAILED,WITHDRAWAL,Tambaram Branch,C2262,Others
T402564,5,Chennai,2025-05-05,40092.83,FAILED,WITHDRAWAL,Tambaram Branch,C8292,Shopping
T402565,5,Chennai,2025-05-05,15612.34,SUCCESS,DEPOSIT,Tambaram Branch,C5927,Loan Payment
T402566,5,Chennai,2025-05-05,65069.34,FAILED,TRANSFER,Tambaram Branch,C3105,Others
T402567,5,Chennai,2025-05-05,527.2,FAILED,WITHDRAWAL,Tambaram Branch,C6564,Loan Payment
T402568,5,Chennai,2025-05-05,40310.19,FAILED,DEPOSIT,Tambaram Branch,C8145,Others
T402569,5,Chennai,2025-05-05,59007.57,SUCCESS,WITHDRAWAL,Tambaram Branch,C4311,Travel
T402570,5,Chennai,2025-05-05,18261.52,FAILED,WITHDRAWAL,Tambaram Branch,C1683,Bill Payment
T402571,5,Chennai,2025-05-05,81792.34,FAILED,TRANSFER,Tambaram Branch,C2090,Medical Expenses
T402572,5,Chennai,2025-05-05,91456.32,SUCCESS,DEPOSIT,Tambaram Branch,C3381,Bill Payment
T402573,5,Chennai,2025-05-05,16222.34,FAILED,TRANSFER,Tambaram Branch,C7361,Shopping
T402574,5,Chennai,2025-05-05,50301.67,SUCCESS,DEPOSIT,Tambaram Branch,C3392,Education Fees
T402575,5,Chennai,2025-05-05,53729.7,SUCCESS,TRANSFER,Tambaram Branch,C6357,Bill Payment
T402576,5,Chennai,2025-05-05,13481.23,SUCCESS,DEPOSIT,Tambaram Branch,C3604,Others
T402577,5,Chennai,2025-05-05,97990.48,SUCCESS,DEPOSIT,Tambaram Branch,C2154,Others
T402578,5,Chennai,2025-05-05,15030.31,SUCCESS,WITHDRAWAL,Tambaram Branch,C4158,Others
T402579,5,Chennai,2025-05-05,77552.25,FAILED,TRANSFER,Tambaram Branch,C4981,Travel
T402580,5,Chennai,2025-05-05,68788.08,SUCCESS,WITHDRAWAL,Tambaram Branch,C8602,Medical Expenses
T402581,5,Chennai,2025-05-05,69566.94,FAILED,WITHDRAWAL,Tambaram Branch,C7806,Bill Payment
T402582,5,Chennai,2025-05-05,52049.85,SUCCESS,TRANSFER,Tambaram Branch,C6196,Others
T402583,5,Chennai,2025-05-05,49171.72,SUCCESS,WITHDRAWAL,Tambaram Branch,C2336,Loan Payment
T402584,5,Chennai,2025-05-05,86084.96,SUCCESS,WITHDRAWAL,Tambaram Branch,C4244,Travel
T402585,5,Chennai,2025-05-05,41335.59,SUCCESS,TRANSFER,Tambaram Branch,C7302,Loan Payment
T402586,5,Chennai,2025-05-05,28603.24,FAILED,TRANSFER,Tambaram Branch,C1567,Education Fees
T402587,5,Chennai,2025-05-05,98986.01,FAILED,TRANSFER,Tambaram Branch,C8640,Loan Payment
T402588,5,Chennai,2025-05-05,74463.18,SUCCESS,WITHDRAWAL,Tambaram Branch,C2841,Loan Payment
T402589,5,Chennai,2025-05-05,98464.95,FAILED,WITHDRAWAL,Tambaram Branch,C6579,Bill Payment
T402590,5,Chennai,2025-05-05,12754.61,FAILED,DEPOSIT,Tambaram Branch,C8447,Shopping
T402591,5,Chennai,2025-05-05,66293.44,SUCCESS,DEPOSIT,Tambaram Branch,C4549,Loan Payment
T402592,5,Chennai,2025-05-05,49100.87,FAILED,DEPOSIT,Tambaram Branch,C3291,Travel
T402593,5,Chennai,2025-05-05,27122.83,SUCCESS,TRANSFER,Tambaram Branch,C9502,Medical Expenses
T402594,5,Chennai,2025-05-05,55738.69,SUCCESS,TRANSFER,Tambaram Branch,C6213,Shopping
T402595,5,Chennai,2025-05-05,79004.39,SUCCESS,WITHDRAWAL,Tambaram Branch,C9531,Loan Payment
T402596,5,Chennai,2025-05-05,63521.42,FAILED,TRANSFER,Tambaram Branch,C6925,Education Fees
T402597,5,Chennai,2025-05-05,64836.62,SUCCESS,TRANSFER,Tambaram Branch,C7367,Travel
T402598,5,Chennai,2025-05-05,44282.8,FAILED,TRANSFER,Tambaram Branch,C6681,Others
T402599,5,Chennai,2025-05-05,73539.17,FAILED,TRANSFER,Tambaram Branch,C4447,Travel
T402600,5,Chennai,2025-05-05,51945.74,FAILED,TRANSFER,Tambaram Branch,C1547,Travel
T402601,5,Chennai,2025-05-05,15998.53,SUCCESS,WITHDRAWAL,Tambaram Branch,C7797,Education Fees
T402602,5,Chennai,2025-05-05,44453.09,FAILED,WITHDRAWAL,Tambaram Branch,C5254,Others
T402603,5,Chennai,2025-05-05,45209.51,FAILED,TRANSFER,Tambaram Branch,C7327,Travel
T402604,5,Chennai,2025-05-05,71550.44,FAILED,TRANSFER,Tambaram Branch,C7812,Education Fees
T402605,5,Chennai,2025-05-05,56014.71,SUCCESS,WITHDRAWAL,Tambaram Branch,C3362,Medical Expenses
T402606,5,Chennai,2025-05-05,3392.46,SUCCESS,DEPOSIT,Tambaram Branch,C1784,Travel
T402607,5,Chennai,2025-05-05,74145.09,FAILED,DEPOSIT,Tambaram Branch,C4250,Travel
T402608,5,Chennai,2025-05-05,56443.78,FAILED,DEPOSIT,Tambaram Branch,C4339,Others
T402609,5,Chennai,2025-05-05,25058.46,FAILED,TRANSFER,Tambaram Branch,C8707,Shopping
T402610,5,Chennai,2025-05-05,26872.44,SUCCESS,DEPOSIT,Tambaram Branch,C3159,Loan Payment
T402611,5,Chennai,2025-05-05,42111.86,FAILED,TRANSFER,Tambaram Branch,C4878,Shopping
T402612,5,Chennai,2025-05-05,34974.94,FAILED,TRANSFER,Tambaram Branch,C3327,Travel
T402613,5,Chennai,2025-05-05,29119.42,FAILED,DEPOSIT,Tambaram Branch,C8502,Others
T402614,5,Chennai,2025-05-05,10853.52,SUCCESS,WITHDRAWAL,Tambaram Branch,C8903,Medical Expenses
T402615,5,Chennai,2025-05-05,26279.3,SUCCESS,WITHDRAWAL,Tambaram Branch,C7795,Loan Payment
T402616,5,Chennai,2025-05-05,94311.77,FAILED,WITHDRAWAL,Tambaram Branch,C1038,Loan Payment
T402617,5,Chennai,2025-05-05,7640.13,FAILED,TRANSFER,Tambaram Branch,C5953,Bill Payment
T402618,5,Chennai,2025-05-05,2393.73,SUCCESS,DEPOSIT,Tambaram Branch,C3408,Loan Payment
T402619,5,Chennai,2025-05-05,49962.74,FAILED,TRANSFER,Tambaram Branch,C1472,Shopping
T402620,5,Chennai,2025-05-05,2544.45,FAILED,WITHDRAWAL,Tambaram Branch,C3200,Travel
T402621,5,Chennai,2025-05-05,18581.9,FAILED,TRANSFER,Tambaram Branch,C9884,Bill Payment
T402622,5,Chennai,2025-05-05,34656.31,SUCCESS,TRANSFER,Tambaram Branch,C4713,Loan Payment
T402623,5,Chennai,2025-05-04,38171.0,SUCCESS,WITHDRAWAL,Tambaram Branch,C7363,Education Fees
T402624,5,Chennai,2025-05-04,82575.63,SUCCESS,DEPOSIT,Tambaram Branch,C5604,Loan Payment
T402625,5,Chennai,2025-05-04,85398.12,SUCCESS,DEPOSIT,Tambaram Branch,C5111,Medical Expenses
T402626,5,Chennai,2025-05-04,30871.82,SUCCESS,TRANSFER,Tambaram Branch,C9929,Shopping
T402627,5,Chennai,2025-05-04,68089.53,SUCCESS,TRANSFER,Tambaram Branch,C4292,Travel
T402628,5,Chennai,2025-05-04,40506.87,FAILED,WITHDRAWAL,Tambaram Branch,C2524,Loan Payment
T402629,5,Chennai,2025-05-04,88295.65,FAILED,WITHDRAWAL,Tambaram Branch,C6090,Shopping
T402630,5,Chennai,2025-05-04,51689.49,FAILED,TRANSFER,Tambaram Branch,C1206,Travel
T402631,5,Chennai,2025-05-04,69811.53,SUCCESS,DEPOSIT,Tambaram Branch,C8970,Shopping
T402632,5,Chennai,2025-05-04,58209.08,FAILED,TRANSFER,Tambaram Branch,C1157,Shopping
T402633,5,Chennai,2025-05-04,93430.36,SUCCESS,TRANSFER,Tambaram Branch,C4920,Travel
T402634,5,Chennai,2025-05-04,95462.1,SUCCESS,WITHDRAWAL,Tambaram Branch,C7632,Education Fees
T402635,5,Chennai,2025-05-04,65391.82,SUCCESS,DEPOSIT,Tambaram Branch,C4546,Travel
T402636,5,Chennai,2025-05-04,96966.49,FAILED,TRANSFER,Tambaram Branch,C7991,Loan Payment
T402637,5,Chennai,2025-05-04,51425.65,SUCCESS,TRANSFER,Tambaram Branch,C5283,Education Fees
T402638,5,Chennai,2025-05-04,53436.12,FAILED,TRANSFER,Tambaram Branch,C6038,Medical Expenses
T402639,5,Chennai,2025-05-04,56108.59,FAILED,DEPOSIT,Tambaram Branch,C8644,Shopping
T402640,5,Chennai,2025-05-04,55491.78,FAILED,DEPOSIT,Tambaram Branch,C3246,Education Fees
T402641,5,Chennai,2025-05-04,83018.66,SUCCESS,TRANSFER,Tambaram Branch,C4045,Shopping
T402642,5,Chennai,2025-05-04,18609.05,SUCCESS,DEPOSIT,Tambaram Branch,C6626,Bill Payment
T402643,5,Chennai,2025-05-04,43966.81,FAILED,TRANSFER,Tambaram Branch,C8503,Bill Payment
T402644,5,Chennai,2025-05-04,48184.85,SUCCESS,DEPOSIT,Tambaram Branch,C8999,Education Fees
T402645,5,Chennai,2025-05-04,9856.2,SUCCESS,TRANSFER,Tambaram Branch,C1399,Education Fees
T402646,5,Chennai,2025-05-04,45209.15,FAILED,DEPOSIT,Tambaram Branch,C3863,Shopping
T402647,5,Chennai,2025-05-04,91472.84,FAILED,DEPOSIT,Tambaram Branch,C2234,Bill Payment
T402648,5,Chennai,2025-05-04,32151.35,SUCCESS,TRANSFER,Tambaram Branch,C5366,Others
T402649,5,Chennai,2025-05-04,22862.99,SUCCESS,WITHDRAWAL,Tambaram Branch,C8042,Medical Expenses
T402650,5,Chennai,2025-05-04,43314.83,FAILED,DEPOSIT,Tambaram Branch,C2146,Medical Expenses
T402651,5,Chennai,2025-05-04,50310.46,FAILED,DEPOSIT,Tambaram Branch,C6235,Education Fees
T402652,5,Chennai,2025-05-04,47668.56,FAILED,WITHDRAWAL,Tambaram Branch,C9682,Education Fees
T402653,5,Chennai,2025-05-04,67990.63,SUCCESS,DEPOSIT,Tambaram Branch,C5526,Others
T402654,5,Chennai,2025-05-04,66984.91,FAILED,TRANSFER,Tambaram Branch,C3376,Shopping
T402655,5,Chennai,2025-05-04,66037.73,FAILED,TRANSFER,Tambaram Branch,C7477,Medical Expenses
T402656,5,Chennai,2025-05-04,41527.29,SUCCESS,TRANSFER,Tambaram Branch,C7494,Medical Expenses
T402657,5,Chennai,2025-05-04,25611.03,SUCCESS,WITHDRAWAL,Tambaram Branch,C1594,Medical Expenses
T402658,5,Chennai,2025-05-04,9717.75,SUCCESS,WITHDRAWAL,Tambaram Branch,C9703,Others
T402659,5,Chennai,2025-05-04,71270.39,FAILED,TRANSFER,Tambaram Branch,C3754,Education Fees
T402660,5,Chennai,2025-05-04,32201.58,FAILED,WITHDRAWAL,Tambaram Branch,C9471,Medical Expenses
T402661,5,Chennai,2025-05-04,70614.8,SUCCESS,WITHDRAWAL,Tambaram Branch,C3610,Bill Payment
T402662,5,Chennai,2025-05-04,68931.53,SUCCESS,TRANSFER,Tambaram Branch,C9249,Bill Payment
T402663,5,Chennai,2025-05-04,12331.46,FAILED,TRANSFER,Tambaram Branch,C4783,Education Fees
T402664,5,Chennai,2025-05-04,79106.13,FAILED,DEPOSIT,Tambaram Branch,C3728,Loan Payment
T402665,5,Chennai,2025-05-04,78041.15,SUCCESS,DEPOSIT,Tambaram Branch,C8160,Bill Payment
T402666,5,Chennai,2025-05-04,41747.64,FAILED,TRANSFER,Tambaram Branch,C6900,Travel
T402667,5,Chennai,2025-05-04,97361.11,SUCCESS,DEPOSIT,Tambaram Branch,C4779,Loan Payment
T402668,5,Chennai,2025-05-04,58578.51,FAILED,DEPOSIT,Tambaram Branch,C1290,Education Fees
T402669,5,Chennai,2025-05-04,24170.66,SUCCESS,DEPOSIT,Tambaram Branch,C9563,Others
T402670,5,Chennai,2025-05-04,22456.94,SUCCESS,TRANSFER,Tambaram Branch,C4471,Bill Payment
T402671,5,Chennai,2025-05-04,18644.95,SUCCESS,TRANSFER,Tambaram Branch,C9842,Shopping
T402672,5,Chennai,2025-05-04,76650.03,FAILED,TRANSFER,Tambaram Branch,C8175,Education Fees
T402673,5,Chennai,2025-05-04,59138.55,FAILED,DEPOSIT,Tambaram Branch,C5524,Medical Expenses
T402674,5,Chennai,2025-05-04,62275.49,FAILED,TRANSFER,Tambaram Branch,C9565,Education Fees
T402675,5,Chennai,2025-05-04,89482.77,SUCCESS,TRANSFER,Tambaram Branch,C4508,Bill Payment
T402676,5,Chennai,2025-05-04,72250.76,SUCCESS,WITHDRAWAL,Tambaram Branch,C4193,Bill Payment
T402677,5,Chennai,2025-05-04,50251.3,FAILED,DEPOSIT,Tambaram Branch,C9539,Medical Expenses
T402678,5,Chennai,2025-05-04,71292.8,SUCCESS,DEPOSIT,Tambaram Branch,C5213,Others
T402679,5,Chennai,2025-05-04,38281.29,SUCCESS,DEPOSIT,Tambaram Branch,C1726,Medical Expenses
T402680,5,Chennai,2025-05-04,2455.69,FAILED,DEPOSIT,Tambaram Branch,C7874,Medical Expenses
T402681,5,Chennai,2025-05-04,87510.75,FAILED,WITHDRAWAL,Tambaram Branch,C7895,Education Fees
T402682,5,Chennai,2025-05-04,9779.67,SUCCESS,TRANSFER,Tambaram Branch,C8131,Bill Payment
T402683,5,Chennai,2025-05-04,10901.68,FAILED,TRANSFER,Tambaram Branch,C3455,Education Fees
T402684,5,Chennai,2025-05-04,74003.78,FAILED,WITHDRAWAL,Tambaram Branch,C4496,Education Fees
T402685,5,Chennai,2025-05-04,67458.44,SUCCESS,WITHDRAWAL,Tambaram Branch,C7105,Education Fees
T402686,5,Chennai,2025-05-04,12410.01,FAILED,DEPOSIT,Tambaram Branch,C6787,Loan Payment
T402687,5,Chennai,2025-05-04,23166.03,FAILED,DEPOSIT,Tambaram Branch,C8503,Others
T402688,5,Chennai,2025-05-04,76345.76,SUCCESS,DEPOSIT,Tambaram Branch,C2389,Loan Payment
T402689,5,Chennai,2025-05-04,92708.26,SUCCESS,DEPOSIT,Tambaram Branch,C8482,Bill Payment
T402690,5,Chennai,2025-05-04,68711.56,FAILED,DEPOSIT,Tambaram Branch,C9938,Medical Expenses
T402691,5,Chennai,2025-05-04,91614.06,SUCCESS,WITHDRAWAL,Tambaram Branch,C8782,Shopping
T402692,5,Chennai,2025-05-04,12196.67,FAILED,DEPOSIT,Tambaram Branch,C2396,Travel
T402693,5,Chennai,2025-05-04,32424.03,FAILED,DEPOSIT,Tambaram Branch,C1493,Others
T402694,5,Chennai,2025-05-04,74755.52,FAILED,WITHDRAWAL,Tambaram Branch,C3544,Loan Payment
T402695,5,Chennai,2025-05-04,14492.3,FAILED,WITHDRAWAL,Tambaram Branch,C6615,Travel
T402696,5,Chennai,2025-05-04,91965.34,FAILED,TRANSFER,Tambaram Branch,C9243,Education Fees
T402697,5,Chennai,2025-05-04,32168.3,FAILED,WITHDRAWAL,Tambaram Branch,C6207,Education Fees
T402698,5,Chennai,2025-05-04,2300.68,FAILED,WITHDRAWAL,Tambaram Branch,C4512,Medical Expenses
T402699,5,Chennai,2025-05-04,34203.39,SUCCESS,TRANSFER,Tambaram Branch,C5542,Bill Payment
T402700,5,Chennai,2025-05-04,75550.0,SUCCESS,DEPOSIT,Tambaram Branch,C8931,Travel
T402701,5,Chennai,2025-05-04,74253.51,SUCCESS,WITHDRAWAL,Tambaram Branch,C2781,Education Fees
T402702,5,Chennai,2025-05-04,54723.14,FAILED,TRANSFER,Tambaram Branch,C6659,Shopping
T402703,5,Chennai,2025-05-04,63492.48,SUCCESS,DEPOSIT,Tambaram Branch,C2915,Bill Payment
T402704,5,Chennai,2025-05-04,66737.01,SUCCESS,WITHDRAWAL,Tambaram Branch,C7109,Loan Payment
T402705,5,Chennai,2025-05-03,41713.16,SUCCESS,TRANSFER,Tambaram Branch,C5953,Medical Expenses
T402706,5,Chennai,2025-05-03,27888.06,FAILED,DEPOSIT,Tambaram Branch,C4239,Medical Expenses
T402707,5,Chennai,2025-05-03,99052.57,FAILED,WITHDRAWAL,Tambaram Branch,C4467,Education Fees
T402708,5,Chennai,2025-05-03,44247.4,SUCCESS,DEPOSIT,Tambaram Branch,C5549,Bill Payment
T402709,5,Chennai,2025-05-03,88585.68,FAILED,WITHDRAWAL,Tambaram Branch,C8257,Medical Expenses
T402710,5,Chennai,2025-05-03,99463.01,FAILED,TRANSFER,Tambaram Branch,C4491,Medical Expenses
T402711,5,Chennai,2025-05-03,71257.12,SUCCESS,WITHDRAWAL,Tambaram Branch,C3071,Medical Expenses
T402712,5,Chennai,2025-05-03,84910.43,SUCCESS,WITHDRAWAL,Tambaram Branch,C3661,Loan Payment
T402713,5,Chennai,2025-05-03,98083.34,SUCCESS,DEPOSIT,Tambaram Branch,C3259,Education Fees
T402714,5,Chennai,2025-05-03,10395.79,FAILED,DEPOSIT,Tambaram Branch,C7771,Shopping
T402715,5,Chennai,2025-05-03,91199.32,SUCCESS,WITHDRAWAL,Tambaram Branch,C8770,Loan Payment
T402716,5,Chennai,2025-05-03,57584.69,SUCCESS,TRANSFER,Tambaram Branch,C1931,Medical Expenses
T402717,5,Chennai,2025-05-03,84374.19,SUCCESS,TRANSFER,Tambaram Branch,C8421,Loan Payment
T402718,5,Chennai,2025-05-03,38333.28,SUCCESS,TRANSFER,Tambaram Branch,C5614,Medical Expenses
T402719,5,Chennai,2025-05-03,80481.4,FAILED,WITHDRAWAL,Tambaram Branch,C6220,Education Fees
T402720,5,Chennai,2025-05-03,76642.06,FAILED,TRANSFER,Tambaram Branch,C8327,Bill Payment
T402721,5,Chennai,2025-05-03,28434.91,FAILED,WITHDRAWAL,Tambaram Branch,C6143,Shopping
T402722,5,Chennai,2025-05-03,58444.85,SUCCESS,DEPOSIT,Tambaram Branch,C5862,Others
T402723,5,Chennai,2025-05-03,26116.16,FAILED,DEPOSIT,Tambaram Branch,C9381,Medical Expenses
T402724,5,Chennai,2025-05-03,61923.59,SUCCESS,DEPOSIT,Tambaram Branch,C9236,Bill Payment
T402725,5,Chennai,2025-05-03,6923.97,FAILED,TRANSFER,Tambaram Branch,C9348,Others
T402726,5,Chennai,2025-05-03,42221.53,SUCCESS,TRANSFER,Tambaram Branch,C3880,Education Fees
T402727,5,Chennai,2025-05-03,90054.17,FAILED,WITHDRAWAL,Tambaram Branch,C8467,Education Fees
T402728,5,Chennai,2025-05-03,47716.72,SUCCESS,DEPOSIT,Tambaram Branch,C1337,Medical Expenses
T402729,5,Chennai,2025-05-03,30796.34,FAILED,WITHDRAWAL,Tambaram Branch,C6301,Others
T402730,5,Chennai,2025-05-03,48019.94,FAILED,DEPOSIT,Tambaram Branch,C1782,Loan Payment
T402731,5,Chennai,2025-05-03,73674.97,FAILED,WITHDRAWAL,Tambaram Branch,C3884,Loan Payment
T402732,5,Chennai,2025-05-03,27577.61,SUCCESS,WITHDRAWAL,Tambaram Branch,C7032,Loan Payment
T402733,5,Chennai,2025-05-03,37830.76,SUCCESS,TRANSFER,Tambaram Branch,C2039,Bill Payment
T402734,5,Chennai,2025-05-03,7333.3,FAILED,DEPOSIT,Tambaram Branch,C7940,Others
T402735,5,Chennai,2025-05-03,5032.54,SUCCESS,DEPOSIT,Tambaram Branch,C2951,Loan Payment
T402736,5,Chennai,2025-05-03,27985.49,FAILED,DEPOSIT,Tambaram Branch,C5739,Others
T402737,5,Chennai,2025-05-03,25821.82,SUCCESS,WITHDRAWAL,Tambaram Branch,C6740,Shopping
T402738,5,Chennai,2025-05-03,9492.98,FAILED,WITHDRAWAL,Tambaram Branch,C9869,Loan Payment
T402739,5,Chennai,2025-05-03,36525.69,FAILED,DEPOSIT,Tambaram Branch,C5606,Loan Payment
T402740,5,Chennai,2025-05-03,62668.64,FAILED,WITHDRAWAL,Tambaram Branch,C3302,Loan Payment
T402741,5,Chennai,2025-05-03,6231.8,FAILED,WITHDRAWAL,Tambaram Branch,C5421,Medical Expenses
T402742,5,Chennai,2025-05-03,48957.54,SUCCESS,TRANSFER,Tambaram Branch,C5621,Loan Payment
T402743,5,Chennai,2025-05-03,49769.65,FAILED,DEPOSIT,Tambaram Branch,C8959,Loan Payment
T402744,5,Chennai,2025-05-03,41410.19,FAILED,DEPOSIT,Tambaram Branch,C2824,Others
T402745,5,Chennai,2025-05-03,1946.13,FAILED,WITHDRAWAL,Tambaram Branch,C3545,Loan Payment
T402746,5,Chennai,2025-05-03,46644.82,FAILED,WITHDRAWAL,Tambaram Branch,C1239,Loan Payment
T402747,5,Chennai,2025-05-03,76314.55,FAILED,WITHDRAWAL,Tambaram Branch,C7292,Medical Expenses
T402748,5,Chennai,2025-05-03,61450.35,FAILED,WITHDRAWAL,Tambaram Branch,C4252,Medical Expenses
T402749,5,Chennai,2025-05-03,45449.12,SUCCESS,TRANSFER,Tambaram Branch,C7530,Education Fees
T402750,5,Chennai,2025-05-03,59245.72,FAILED,WITHDRAWAL,Tambaram Branch,C6333,Shopping
T402751,5,Chennai,2025-05-03,54723.59,SUCCESS,WITHDRAWAL,Tambaram Branch,C9293,Travel
T402752,5,Chennai,2025-05-03,73432.55,SUCCESS,DEPOSIT,Tambaram Branch,C1566,Others
T402753,5,Chennai,2025-05-03,9650.97,SUCCESS,TRANSFER,Tambaram Branch,C3150,Bill Payment
T402754,5,Chennai,2025-05-03,89968.2,SUCCESS,WITHDRAWAL,Tambaram Branch,C9224,Shopping
T402755,5,Chennai,2025-05-03,98044.72,FAILED,WITHDRAWAL,Tambaram Branch,C6682,Bill Payment
T402756,5,Chennai,2025-05-03,84268.18,FAILED,WITHDRAWAL,Tambaram Branch,C7911,Bill Payment
T402757,5,Chennai,2025-05-03,63502.72,SUCCESS,WITHDRAWAL,Tambaram Branch,C4644,Medical Expenses
T402758,5,Chennai,2025-05-03,26819.67,FAILED,WITHDRAWAL,Tambaram Branch,C4212,Shopping
T402759,5,Chennai,2025-05-03,11717.32,SUCCESS,TRANSFER,Tambaram Branch,C3166,Loan Payment
T402760,5,Chennai,2025-05-03,78506.24,SUCCESS,DEPOSIT,Tambaram Branch,C4934,Bill Payment
