TRANSACTION_ID,BRANCH_ID,CITY,DATE,AMOUNT,STATUS,TRANSACTION_TYPE,BRANCH_NAME,CUSTOMER_ID,PURPOSE
T401721,4,Chennai,2025-05-09,96696.24,SUCCESS,WITHDRAWAL,Velachery Branch,C3083,Travel
T401722,4,Chennai,2025-05-09,79239.07,FAILED,WITHDRAWAL,Velachery Branch,C4747,Loan Payment
T401723,4,Chennai,2025-05-09,30830.21,SUCCESS,TRANSFER,Velachery Branch,C3710,Education Fees
T401724,4,Chennai,2025-05-09,1967.03,SUCCESS,WITHDRAWAL,Velachery Branch,C5686,Travel
T401725,4,Chennai,2025-05-09,6013.38,SUCCESS,WITHDRAWAL,Velachery Branch,C1472,Medical Expenses
T401726,4,Chennai,2025-05-09,45223.73,FAILED,DEPOSIT,Velachery Branch,C4377,Bill Payment
T401727,4,Chennai,2025-05-09,25303.79,SUCCESS,TRANSFER,Velachery Branch,C9030,Medical Expenses
T401728,4,Chennai,2025-05-09,32408.36,SUCCESS,TRANSFER,Velachery Branch,C8096,Travel
T401729,4,Chennai,2025-05-09,11556.38,FAILED,TRANSFER,Velachery Branch,C2355,Others
T401730,4,Chennai,2025-05-09,82239.57,SUCCESS,WITHDRAWAL,Velachery Branch,C7142,Loan Payment
T401731,4,Chennai,2025-05-09,40279.2,FAILED,DEPOSIT,Velachery Branch,C5379,Bill Payment
T401732,4,Chennai,2025-05-09,65534.08,FAILED,WITHDRAWAL,Velachery Branch,C3248,Loan Payment
T401733,4,Chennai,2025-05-09,34776.7,SUCCESS,WITHDRAWAL,Velachery Branch,C7261,Shopping
T401734,4,Chennai,2025-05-09,11705.01,SUCCESS,TRANSFER,Velachery Branch,C2916,Loan Payment
T401735,4,Chennai,2025-05-09,40412.05,FAILED,DEPOSIT,Velachery Branch,C8734,Education Fees
T401736,4,Chennai,2025-05-09,33863.35,SUCCESS,DEPOSIT,Velachery Branch,C3475,Shopping
T401737,4,Chennai,2025-05-09,69467.04,FAILED,WITHDRAWAL,Velachery Branch,C2234,Medical Expenses
T401738,4,Chennai,2025-05-09,94959.22,SUCCESS,DEPOSIT,Velachery Branch,C6325,Loan Payment
T401739,4,Chennai,2025-05-09,43354.45,FAILED,DEPOSIT,Velachery Branch,C6835,Bill Payment
T401740,4,Chennai,2025-05-09,94086.61,FAILED,TRANSFER,Velachery Branch,C3887,Medical Expenses
T401741,4,Chennai,2025-05-09,48475.5,FAILED,TRANSFER,Velachery Branch,C9295,Medical Expenses
T401742,4,Chennai,2025-05-09,60869.43,FAILED,DEPOSIT,Velachery Branch,C1264,Bill Payment
T401743,4,Chennai,2025-05-09,8590.45,SUCCESS,DEPOSIT,Velachery Branch,C8155,Loan Payment
T401744,4,Chennai,2025-05-09,78223.53,FAILED,DEPOSIT,Velachery Branch,C1813,Medical Expenses
T401745,4,Chennai,2025-05-09,77511.01,FAILED,TRANSFER,Velachery Branch,C4794,Medical Expenses
T401746,4,Chennai,2025-05-09,60624.47,FAILED,TRANSFER,Velachery Branch,C6910,Loan Payment
T401747,4,Chennai,2025-05-09,60584.68,FAILED,WITHDRAWAL,Velachery Branch,C1003,Bill Payment
T401748,4,Chennai,2025-05-09,85428.03,FAILED,WITHDRAWAL,Velachery Branch,C7387,Shopping
T401749,4,Chennai,2025-05-09,31192.34,SUCCESS,DEPOSIT,Velachery Branch,C5395,Education Fees
T401750,4,Chennai,2025-05-09,32720.44,FAILED,TRANSFER,Velachery Branch,C3372,Others
T401751,4,Chennai,2025-05-09,76679.77,SUCCESS,TRANSFER,Velachery Branch,C4814,Bill Payment
T401752,4,Chennai,2025-05-09,49996.69,SUCCESS,WITHDRAWAL,Velachery Branch,C3379,Medical Expenses
T401753,4,Chennai,2025-05-09,10810.24,FAILED,DEPOSIT,Velachery Branch,C3578,Loan Payment
T401754,4,Chennai,2025-05-09,78435.64,SUCCESS,WITHDRAWAL,Velachery Branch,C5564,Education Fees
T401755,4,Chennai,2025-05-09,26692.73,SUCCESS,TRANSFER,Velachery Branch,C4782,Travel
T401756,4,Chennai,2025-05-09,95928.1,SUCCESS,DEPOSIT,Velachery Branch,C5684,Travel
T401757,4,Chennai,2025-05-09,18353.94,FAILED,TRANSFER,Velachery Branch,C9774,Education Fees
T401758,4,Chennai,2025-05-09,59244.44,FAILED,DEPOSIT,Velachery Branch,C7956,Medical Expenses
T401759,4,Chennai,2025-05-09,46430.47,SUCCESS,WITHDRAWAL,Velachery Branch,C3941,Others
T401760,4,Chennai,2025-05-09,35998.07,FAILED,TRANSFER,Velachery Branch,C4848,Shopping
T401761,4,Chennai,2025-05-09,23629.59,FAILED,WITHDRAWAL,Velachery Branch,C6343,Education Fees
T401762,4,Chennai,2025-05-09,409.32,FAILED,WITHDRAWAL,Velachery Branch,C2965,Others
T401763,4,Chennai,2025-05-09,38846.35,FAILED,WITHDRAWAL,Velachery Branch,C2563,Loan Payment
T401764,4,Chennai,2025-05-09,36114.11,SUCCESS,TRANSFER,Velachery Branch,C5006,Education Fees
T401765,4,Chennai,2025-05-09,12674.84,FAILED,TRANSFER,Velachery Branch,C2889,Shopping
T401766,4,Chennai,2025-05-09,15915.75,SUCCESS,DEPOSIT,Velachery Branch,C4703,Shopping
T401767,4,Chennai,2025-05-09,81443.08,SUCCESS,TRANSFER,Velachery Branch,C9893,Education Fees
T401768,4,Chennai,2025-05-09,3405.76,FAILED,DEPOSIT,Velachery Branch,C6957,Travel
T401769,4,Chennai,2025-05-09,42805.5,SUCCESS,DEPOSIT,Velachery Branch,C2643,Education Fees
T401770,4,Chennai,2025-05-09,49289.6,SUCCESS,TRANSFER,Velachery Branch,C2920,Bill Payment
T401771,4,Chennai,2025-05-09,23410.37,SUCCESS,DEPOSIT,Velachery Branch,C5998,Loan Payment
T401772,4,Chennai,2025-05-09,94406.49,FAILED,TRANSFER,Velachery Branch,C6220,Medical Expenses
T401773,4,Chennai,2025-05-09,78172.84,SUCCESS,TRANSFER,Velachery Branch,C3168,Loan Payment
T401774,4,Chennai,2025-05-09,69977.24,SUCCESS,TRANSFER,Velachery Branch,C1298,Loan Payment
T401775,4,Chennai,2025-05-09,73894.17,FAILED,DEPOSIT,Velachery Branch,C7744,Bill Payment
T401776,4,Chennai,2025-05-09,43440.92,FAILED,TRANSFER,Velachery Branch,C1058,Bill Payment
T401777,4,Chennai,2025-05-09,54150.38,FAILED,TRANSFER,Velachery Branch,C9578,Education Fees
T401778,4,Chennai,2025-05-09,91997.76,FAILED,DEPOSIT,Velachery Branch,C7745,Others
T401779,4,Chennai,2025-05-09,95499.94,FAILED,DEPOSIT,Velachery Branch,C5122,Bill Payment
T401780,4,Chennai,2025-05-09,34659.63,SUCCESS,WITHDRAWAL,Velachery Branch,C8358,Shopping
T401781,4,Chennai,2025-05-08,11954.03,SUCCESS,WITHDRAWAL,Velachery Branch,C6548,Others
T401782,4,Chennai,2025-05-08,63483.23,SUCCESS,DEPOSIT,Velachery Branch,C7263,Shopping
T401783,4,Chennai,2025-05-08,79452.83,FAILED,WITHDRAWAL,Velachery Branch,C7414,Education Fees
T401784,4,Chennai,2025-05-08,43592.61,SUCCESS,DEPOSIT,Velachery Branch,C3729,Education Fees
T401785,4,Chennai,2025-05-08,85450.84,FAILED,WITHDRAWAL,Velachery Branch,C9459,Medical Expenses
T401786,4,Chennai,2025-05-08,78466.74,SUCCESS,DEPOSIT,Velachery Branch,C4805,Education Fees
T401787,4,Chennai,2025-05-08,66280.66,FAILED,TRANSFER,Velachery Branch,C2711,Medical Expenses
T401788,4,Chennai,2025-05-08,10660.39,SUCCESS,DEPOSIT,Velachery Branch,C5129,Medical Expenses
T401789,4,Chennai,2025-05-08,51624.88,FAILED,TRANSFER,Velachery Branch,C8444,Education Fees
T401790,4,Chennai,2025-05-08,6239.65,SUCCESS,TRANSFER,Velachery Branch,C5078,Travel
T401791,4,Chennai,2025-05-08,65247.46,SUCCESS,DEPOSIT,Velachery Branch,C1543,Travel
T401792,4,Chennai,2025-05-08,45907.27,FAILED,TRANSFER,Velachery Branch,C4146,Loan Payment
T401793,4,Chennai,2025-05-08,99531.5,SUCCESS,DEPOSIT,Velachery Branch,C6572,Shopping
T401794,4,Chennai,2025-05-08,72251.19,SUCCESS,TRANSFER,Velachery Branch,C9445,Loan Payment
T401795,4,Chennai,2025-05-08,5260.5,FAILED,DEPOSIT,Velachery Branch,C8742,Others
T401796,4,Chennai,2025-05-08,32485.19,FAILED,WITHDRAWAL,Velachery Branch,C8895,Shopping
T401797,4,Chennai,2025-05-08,86286.57,SUCCESS,WITHDRAWAL,Velachery Branch,C8917,Others
T401798,4,Chennai,2025-05-08,1038.32,SUCCESS,TRANSFER,Velachery Branch,C6500,Travel
T401799,4,Chennai,2025-05-08,2227.66,FAILED,WITHDRAWAL,Velachery Branch,C7306,Others
T401800,4,Chennai,2025-05-08,561.66,SUCCESS,DEPOSIT,Velachery Branch,C9021,Loan Payment
T401801,4,Chennai,2025-05-08,42713.04,FAILED,DEPOSIT,Velachery Branch,C3437,Travel
T401802,4,Chennai,2025-05-08,26160.27,SUCCESS,TRANSFER,Velachery Branch,C8524,Shopping
T401803,4,Chennai,2025-05-08,65313.77,FAILED,WITHDRAWAL,Velachery Branch,C6409,Bill Payment
T401804,4,Chennai,2025-05-08,66639.85,FAILED,WITHDRAWAL,Velachery Branch,C1923,Bill Payment
T401805,4,Chennai,2025-05-08,50214.37,SUCCESS,DEPOSIT,Velachery Branch,C5302,Education Fees
T401806,4,Chennai,2025-05-08,12240.22,SUCCESS,DEPOSIT,Velachery Branch,C2191,Travel
T401807,4,Chennai,2025-05-08,13004.81,SUCCESS,TRANSFER,Velachery Branch,C7396,Education Fees
T401808,4,Chennai,2025-05-08,70038.4,SUCCESS,DEPOSIT,Velachery Branch,C5332,Bill Payment
T401809,4,Chennai,2025-05-08,40572.11,SUCCESS,WITHDRAWAL,Velachery Branch,C3644,Medical Expenses
T401810,4,Chennai,2025-05-08,17365.22,FAILED,WITHDRAWAL,Velachery Branch,C4952,Education Fees
T401811,4,Chennai,2025-05-08,5692.12,FAILED,WITHDRAWAL,Velachery Branch,C7501,Bill Payment
T401812,4,Chennai,2025-05-08,64527.17,SUCCESS,DEPOSIT,Velachery Branch,C4207,Medical Expenses
T401813,4,Chennai,2025-05-08,77775.26,FAILED,WITHDRAWAL,Velachery Branch,C6801,Bill Payment
T401814,4,Chennai,2025-05-08,93857.49,FAILED,DEPOSIT,Velachery Branch,C2342,Loan Payment
T401815,4,Chennai,2025-05-08,32137.31,FAILED,DEPOSIT,Velachery Branch,C6463,Travel
T401816,4,Chennai,2025-05-08,66029.36,FAILED,TRANSFER,Velachery Branch,C9154,Medical Expenses
T401817,4,Chennai,2025-05-08,88759.37,SUCCESS,TRANSFER,Velachery Branch,C4820,Travel
T401818,4,Chennai,2025-05-08,95214.57,SUCCESS,TRANSFER,Velachery Branch,C3653,Others
T401819,4,Chennai,2025-05-08,71792.25,FAILED,TRANSFER,Velachery Branch,C1248,Education Fees
T401820,4,Chennai,2025-05-08,6190.85,FAILED,WITHDRAWAL,Velachery Branch,C7144,Education Fees
T401821,4,Chennai,2025-05-08,11586.63,SUCCESS,DEPOSIT,Velachery Branch,C6462,Education Fees
T401822,4,Chennai,2025-05-08,67106.93,FAILED,WITHDRAWAL,Velachery Branch,C2284,Others
T401823,4,Chennai,2025-05-08,56710.96,FAILED,WITHDRAWAL,Velachery Branch,C2725,Bill Payment
T401824,4,Chennai,2025-05-08,75971.95,FAILED,DEPOSIT,Velachery Branch,C1120,Others
T401825,4,Chennai,2025-05-08,32268.25,FAILED,DEPOSIT,Velachery Branch,C1908,Shopping
T401826,4,Chennai,2025-05-08,4930.12,SUCCESS,TRANSFER,Velachery Branch,C8282,Others
T401827,4,Chennai,2025-05-08,98019.91,FAILED,TRANSFER,Velachery Branch,C3355,Loan Payment
T401828,4,Chennai,2025-05-08,12321.39,FAILED,WITHDRAWAL,Velachery Branch,C2952,Others
T401829,4,Chennai,2025-05-08,6934.74,FAILED,TRANSFER,Velachery Branch,C6210,Bill Payment
T401830,4,Chennai,2025-05-08,58886.54,SUCCESS,TRANSFER,Velachery Branch,C9402,Bill Payment
T401831,4,Chennai,2025-05-08,80905.18,FAILED,TRANSFER,Velachery Branch,C6083,Medical Expenses
T401832,4,Chennai,2025-05-08,68692.04,FAILED,WITHDRAWAL,Velachery Branch,C2410,Shopping
T401833,4,Chennai,2025-05-08,95107.64,SUCCESS,TRANSFER,Velachery Branch,C8663,Shopping
T401834,4,Chennai,2025-05-08,30901.21,SUCCESS,TRANSFER,Velachery Branch,C7082,Medical Expenses
T401835,4,Chennai,2025-05-08,49364.33,FAILED,WITHDRAWAL,Velachery Branch,C7740,Travel
T401836,4,Chennai,2025-05-08,13058.21,SUCCESS,TRANSFER,Velachery Branch,C8052,Bill Payment
T401837,4,Chennai,2025-05-07,23145.2,SUCCESS,DEPOSIT,Velachery Branch,C2995,Education Fees
T401838,4,Chennai,2025-05-07,95997.47,SUCCESS,WITHDRAWAL,Velachery Branch,C7828,Bill Payment
T401839,4,Chennai,2025-05-07,700.03,SUCCESS,TRANSFER,Velachery Branch,C8152,Loan Payment
T401840,4,Chennai,2025-05-07,52705.03,SUCCESS,DEPOSIT,Velachery Branch,C4721,Medical Expenses
T401841,4,Chennai,2025-05-07,52897.96,SUCCESS,TRANSFER,Velachery Branch,C3421,Travel
T401842,4,Chennai,2025-05-07,57801.87,SUCCESS,WITHDRAWAL,Velachery Branch,C7609,Shopping
T401843,4,Chennai,2025-05-07,83861.16,SUCCESS,TRANSFER,Velachery Branch,C2088,Others
T401844,4,Chennai,2025-05-07,70721.02,FAILED,DEPOSIT,Velachery Branch,C8500,Education Fees
T401845,4,Chennai,2025-05-07,66128.27,FAILED,TRANSFER,Velachery Branch,C6244,Medical Expenses
T401846,4,Chennai,2025-05-07,4942.39,SUCCESS,WITHDRAWAL,Velachery Branch,C3054,Bill Payment
T401847,4,Chennai,2025-05-07,59948.11,FAILED,DEPOSIT,Velachery Branch,C3682,Travel
T401848,4,Chennai,2025-05-07,24101.4,FAILED,DEPOSIT,Velachery Branch,C8512,Travel
T401849,4,Chennai,2025-05-07,75100.87,FAILED,WITHDRAWAL,Velachery Branch,C6896,Medical Expenses
T401850,4,Chennai,2025-05-07,73867.76,SUCCESS,WITHDRAWAL,Velachery Branch,C5591,Education Fees
T401851,4,Chennai,2025-05-07,33165.95,SUCCESS,TRANSFER,Velachery Branch,C3432,Loan Payment
T401852,4,Chennai,2025-05-07,37844.31,FAILED,TRANSFER,Velachery Branch,C1480,Bill Payment
T401853,4,Chennai,2025-05-07,2514.01,SUCCESS,WITHDRAWAL,Velachery Branch,C1411,Others
T401854,4,Chennai,2025-05-07,66311.18,FAILED,WITHDRAWAL,Velachery Branch,C5171,Others
T401855,4,Chennai,2025-05-07,56845.31,FAILED,DEPOSIT,Velachery Branch,C9727,Education Fees
T401856,4,Chennai,2025-05-07,73105.84,FAILED,TRANSFER,Velachery Branch,C2771,Loan Payment
T401857,4,Chennai,2025-05-07,8484.95,FAILED,DEPOSIT,Velachery Branch,C9529,Loan Payment
T401858,4,Chennai,2025-05-07,38177.1,FAILED,DEPOSIT,Velachery Branch,C5805,Loan Payment
T401859,4,Chennai,2025-05-07,31624.41,SUCCESS,DEPOSIT,Velachery Branch,C2955,Others
T401860,4,Chennai,2025-05-07,22504.42,FAILED,DEPOSIT,Velachery Branch,C2531,Loan Payment
T401861,4,Chennai,2025-05-07,20646.96,SUCCESS,TRANSFER,Velachery Branch,C9018,Others
T401862,4,Chennai,2025-05-07,68233.02,FAILED,WITHDRAWAL,Velachery Branch,C9395,Education Fees
T401863,4,Chennai,2025-05-07,31075.05,FAILED,WITHDRAWAL,Velachery Branch,C9441,Shopping
T401864,4,Chennai,2025-05-07,12822.41,FAILED,TRANSFER,Velachery Branch,C3050,Shopping
T401865,4,Chennai,2025-05-07,68438.34,FAILED,TRANSFER,Velachery Branch,C5603,Loan Payment
T401866,4,Chennai,2025-05-07,20639.8,FAILED,DEPOSIT,Velachery Branch,C6025,Medical Expenses
T401867,4,Chennai,2025-05-07,70585.65,SUCCESS,TRANSFER,Velachery Branch,C9773,Bill Payment
T401868,4,Chennai,2025-05-07,69243.02,SUCCESS,TRANSFER,Velachery Branch,C8348,Education Fees
T401869,4,Chennai,2025-05-07,2020.03,SUCCESS,DEPOSIT,Velachery Branch,C3355,Travel
T401870,4,Chennai,2025-05-07,92967.21,FAILED,DEPOSIT,Velachery Branch,C7695,Others
T401871,4,Chennai,2025-05-07,4690.96,FAILED,DEPOSIT,Velachery Branch,C6467,Others
T401872,4,Chennai,2025-05-07,97173.86,SUCCESS,WITHDRAWAL,Velachery Branch,C5821,Loan Payment
T401873,4,Chennai,2025-05-07,14870.01,SUCCESS,WITHDRAWAL,Velachery Branch,C4528,Travel
T401874,4,Chennai,2025-05-07,37437.16,FAILED,DEPOSIT,Velachery Branch,C4670,Shopping
T401875,4,Chennai,2025-05-07,39978.75,FAILED,DEPOSIT,Velachery Branch,C5717,Travel
T401876,4,Chennai,2025-05-07,55317.24,FAILED,DEPOSIT,Velachery Branch,C5486,Shopping
T401877,4,Chennai,2025-05-07,1708.27,FAILED,DEPOSIT,Velachery Branch,C5126,Loan Payment
T401878,4,Chennai,2025-05-07,97616.89,SUCCESS,DEPOSIT,Velachery Branch,C3656,Education Fees
T401879,4,Chennai,2025-05-07,70564.85,SUCCESS,DEPOSIT,Velachery Branch,C5888,Travel
T401880,4,Chennai,2025-05-07,83498.95,SUCCESS,WITHDRAWAL,Velachery Branch,C2392,Others
T401881,4,Chennai,2025-05-07,88418.75,SUCCESS,WITHDRAWAL,Velachery Branch,C9669,Loan Payment
T401882,4,Chennai,2025-05-07,47255.53,FAILED,DEPOSIT,Velachery Branch,C7685,Medical Expenses
T401883,4,Chennai,2025-05-07,33429.3,SUCCESS,DEPOSIT,Velachery Branch,C4237,Others
T401884,4,Chennai,2025-05-07,48777.39,FAILED,TRANSFER,Velachery Branch,C1386,Loan Payment
T401885,4,Chennai,2025-05-07,46335.73,FAILED,TRANSFER,Velachery Branch,C7039,Medical Expenses
T401886,4,Chennai,2025-05-07,59347.65,SUCCESS,DEPOSIT,Velachery Branch,C3479,Medical Expenses
T401887,4,Chennai,2025-05-07,1131.03,FAILED,WITHDRAWAL,Velachery Branch,C1175,Loan Payment
T401888,4,Chennai,2025-05-06,10952.51,FAILED,DEPOSIT,Velachery Branch,C8002,Travel
T401889,4,Chennai,2025-05-06,46750.53,SUCCESS,TRANSFER,Velachery Branch,C9500,Education Fees
T401890,4,Chennai,2025-05-06,36666.72,SUCCESS,DEPOSIT,Velachery Branch,C6558,Shopping
T401891,4,Chennai,2025-05-06,5586.78,SUCCESS,TRANSFER,Velachery Branch,C7881,Others
T401892,4,Chennai,2025-05-06,66568.78,FAILED,DEPOSIT,Velachery Branch,C2460,Others
T401893,4,Chennai,2025-05-06,15545.48,FAILED,DEPOSIT,Velachery Branch,C9929,Bill Payment
T401894,4,Chennai,2025-05-06,93604.48,FAILED,WITHDRAWAL,Velachery Branch,C3427,Loan Payment
T401895,4,Chennai,2025-05-06,60828.85,FAILED,DEPOSIT,Velachery Branch,C3142,Shopping
T401896,4,Chennai,2025-05-06,87514.29,SUCCESS,DEPOSIT,Velachery Branch,C3283,Others
T401897,4,Chennai,2025-05-06,39608.32,FAILED,WITHDRAWAL,Velachery Branch,C2206,Loan Payment
T401898,4,Chennai,2025-05-06,58761.06,SUCCESS,DEPOSIT,Velachery Branch,C9834,Shopping
T401899,4,Chennai,2025-05-06,12535.29,FAILED,DEPOSIT,Velachery Branch,C8046,Loan Payment
T401900,4,Chennai,2025-05-06,58371.59,FAILED,TRANSFER,Velachery Branch,C5031,Others
T401901,4,Chennai,2025-05-06,34024.39,SUCCESS,DEPOSIT,Velachery Branch,C2506,Shopping
T401902,4,Chennai,2025-05-06,66781.19,SUCCESS,WITHDRAWAL,Velachery Branch,C1924,Others
T401903,4,Chennai,2025-05-06,14222.43,SUCCESS,TRANSFER,Velachery Branch,C6192,Travel
T401904,4,Chennai,2025-05-06,24369.36,FAILED,DEPOSIT,Velachery Branch,C4023,Medical Expenses
T401905,4,Chennai,2025-05-06,85582.43,FAILED,WITHDRAWAL,Velachery Branch,C8295,Others
T401906,4,Chennai,2025-05-06,84493.43,FAILED,TRANSFER,Velachery Branch,C2817,Shopping
T401907,4,Chennai,2025-05-06,61382.0,SUCCESS,WITHDRAWAL,Velachery Branch,C8116,Bill Payment
T401908,4,Chennai,2025-05-06,23628.06,SUCCESS,TRANSFER,Velachery Branch,C3153,Shopping
T401909,4,Chennai,2025-05-06,35880.11,FAILED,WITHDRAWAL,Velachery Branch,C6318,Bill Payment
T401910,4,Chennai,2025-05-06,46974.42,FAILED,DEPOSIT,Velachery Branch,C1926,Bill Payment
T401911,4,Chennai,2025-05-06,39367.02,FAILED,TRANSFER,Velachery Branch,C8031,Others
T401912,4,Chennai,2025-05-06,69988.12,FAILED,WITHDRAWAL,Velachery Branch,C4542,Shopping
T401913,4,Chennai,2025-05-06,98739.0,SUCCESS,TRANSFER,Velachery Branch,C7814,Shopping
T401914,4,Chennai,2025-05-06,60092.58,SUCCESS,TRANSFER,Velachery Branch,C8755,Others
T401915,4,Chennai,2025-05-06,16583.39,FAILED,DEPOSIT,Velachery Branch,C2070,Bill Payment
T401916,4,Chennai,2025-05-06,97500.85,SUCCESS,DEPOSIT,Velachery Branch,C2768,Medical Expenses
T401917,4,Chennai,2025-05-06,17468.29,SUCCESS,TRANSFER,Velachery Branch,C6113,Others
T401918,4,Chennai,2025-05-06,51865.6,SUCCESS,DEPOSIT,Velachery Branch,C4560,Others
T401919,4,Chennai,2025-05-06,44945.71,FAILED,WITHDRAWAL,Velachery Branch,C7764,Loan Payment
T401920,4,Chennai,2025-05-06,92375.17,FAILED,WITHDRAWAL,Velachery Branch,C8162,Medical Expenses
T401921,4,Chennai,2025-05-06,87059.74,FAILED,DEPOSIT,Velachery Branch,C2875,Loan Payment
T401922,4,Chennai,2025-05-06,26635.91,FAILED,WITHDRAWAL,Velachery Branch,C4746,Travel
T401923,4,Chennai,2025-05-06,41159.39,FAILED,WITHDRAWAL,Velachery Branch,C9294,Shopping
T401924,4,Chennai,2025-05-06,78176.4,FAILED,DEPOSIT,Velachery Branch,C7159,Bill Payment
T401925,4,Chennai,2025-05-06,34586.98,FAILED,WITHDRAWAL,Velachery Branch,C6283,Education Fees
T401926,4,Chennai,2025-05-06,10568.47,FAILED,TRANSFER,Velachery Branch,C6718,Others
T401927,4,Chennai,2025-05-06,46017.53,SUCCESS,DEPOSIT,Velachery Branch,C7021,Medical Expenses
T401928,4,Chennai,2025-05-06,56190.79,SUCCESS,DEPOSIT,Velachery Branch,C7205,Medical Expenses
T401929,4,Chennai,2025-05-06,75182.33,SUCCESS,DEPOSIT,Velachery Branch,C1986,Loan Payment
T401930,4,Chennai,2025-05-06,71901.5,FAILED,TRANSFER,Velachery Branch,C3517,Shopping
T401931,4,Chennai,2025-05-06,5775.01,SUCCESS,TRANSFER,Velachery Branch,C9693,Education Fees
T401932,4,Chennai,2025-05-06,14872.66,SUCCESS,WITHDRAWAL,Velachery Branch,C5505,Education Fees
T401933,4,Chennai,2025-05-06,81851.03,FAILED,WITHDRAWAL,Velachery Branch,C9858,Others
T401934,4,Chennai,2025-05-06,7073.87,FAILED,TRANSFER,Velachery Branch,C9776,Bill Payment
T401935,4,Chennai,2025-05-06,29870.6,SUCCESS,DEPOSIT,Velachery Branch,C4080,Travel
T401936,4,Chennai,2025-05-06,64335.55,SUCCESS,DEPOSIT,Velachery Branch,C1753,Others
T401937,4,Chennai,2025-05-06,4267.72,SUCCESS,DEPOSIT,Velachery Branch,C5652,Bill Payment
T401938,4,Chennai,2025-05-06,34041.5,FAILED,TRANSFER,Velachery Branch,C9209,Others
T401939,4,Chennai,2025-05-06,37579.52,SUCCESS,TRANSFER,Velachery Branch,C5764,Shopping
T401940,4,Chennai,2025-05-06,62000.55,SUCCESS,WITHDRAWAL,Velachery Branch,C9814,Loan Payment
T401941,4,Chennai,2025-05-06,65803.84,FAILED,DEPOSIT,Velachery Branch,C4987,Bill Payment
T401942,4,Chennai,2025-05-06,49029.22,FAILED,WITHDRAWAL,Velachery Branch,C6116,Bill Payment
T401943,4,Chennai,2025-05-06,40778.54,SUCCESS,DEPOSIT,Velachery Branch,C3636,Education Fees
T401944,4,Chennai,2025-05-06,87007.11,SUCCESS,TRANSFER,Velachery Branch,C1628,Shopping
T401945,4,Chennai,2025-05-06,65308.43,SUCCESS,DEPOSIT,Velachery Branch,C6580,Medical Expenses
T401946,4,Chennai,2025-05-06,5701.2,FAILED,WITHDRAWAL,Velachery Branch,C8097,Medical Expenses
T401947,4,Chennai,2025-05-06,18711.99,FAILED,TRANSFER,Velachery Branch,C8472,Education Fees
T401948,4,Chennai,2025-05-06,54166.62,SUCCESS,DEPOSIT,Velachery Branch,C6340,Loan Payment
T401949,4,Chennai,2025-05-06,85390.97,SUCCESS,DEPOSIT,Velachery Branch,C2456,Medical Expenses
T401950,4,Chennai,2025-05-06,39701.18,FAILED,DEPOSIT,Velachery Branch,C3482,Medical Expenses
T401951,4,Chennai,2025-05-06,35140.64,FAILED,TRANSFER,Velachery Branch,C7832,Medical Expenses
T401952,4,Chennai,2025-05-06,45090.83,SUCCESS,DEPOSIT,Velachery Branch,C5690,Travel
T401953,4,Chennai,2025-05-06,19694.03,SUCCESS,DEPOSIT,Velachery Branch,C1170,Bill Payment
T401954,4,Chennai,2025-05-06,10008.04,FAILED,DEPOSIT,Velachery Branch,C7372,Others
T401955,4,Chennai,2025-05-06,2189.78,SUCCESS,DEPOSIT,Velachery Branch,C1142,Education Fees
T401956,4,Chennai,2025-05-06,21115.86,SUCCESS,DEPOSIT,Velachery Branch,C7068,Medical Expenses
T401957,4,Chennai,2025-05-06,26043.31,FAILED,DEPOSIT,Velachery Branch,C9182,Bill Payment
T401958,4,Chennai,2025-05-06,60369.35,SUCCESS,DEPOSIT,Velachery Branch,C9167,Bill Payment
T401959,4,Chennai,2025-05-06,23324.38,FAILED,TRANSFER,Velachery Branch,C9907,Travel
T401960,4,Chennai,2025-05-06,86617.04,SUCCESS,WITHDRAWAL,Velachery Branch,C3151,Education Fees
T401961,4,Chennai,2025-05-06,13437.28,SUCCESS,TRANSFER,Velachery Branch,C3971,Education Fees
T401962,4,Chennai,2025-05-06,7565.36,SUCCESS,TRANSFER,Velachery Branch,C3000,Bill Payment
T401963,4,Chennai,2025-05-06,24159.84,FAILED,WITHDRAWAL,Velachery Branch,C3036,Education Fees
T401964,4,Chennai,2025-05-06,19384.32,SUCCESS,DEPOSIT,Velachery Branch,C7781,Bill Payment
T401965,4,Chennai,2025-05-06,98502.82,FAILED,DEPOSIT,Velachery Branch,C8977,Bill Payment
T401966,4,Chennai,2025-05-06,66105.46,SUCCESS,TRANSFER,Velachery Branch,C4031,Others
T401967,4,Chennai,2025-05-06,86803.35,FAILED,DEPOSIT,Velachery Branch,C5023,Shopping
T401968,4,Chennai,2025-05-06,91247.88,SUCCESS,DEPOSIT,Velachery Branch,C7318,Bill Payment
T401969,4,Chennai,2025-05-06,87486.85,SUCCESS,WITHDRAWAL,Velachery Branch,C1804,Shopping
T401970,4,Chennai,2025-05-06,29868.99,SUCCESS,WITHDRAWAL,Velachery Branch,C4848,Bill Payment
T401971,4,Chennai,2025-05-06,99134.31,FAILED,TRANSFER,Velachery Branch,C1043,Medical Expenses
T401972,4,Chennai,2025-05-06,38217.61,FAILED,TRANSFER,Velachery Branch,C9701,Travel
T401973,4,Chennai,2025-05-06,39187.38,SUCCESS,DEPOSIT,Velachery Branch,C7605,Medical Expenses
T401974,4,Chennai,2025-05-06,8115.27,SUCCESS,WITHDRAWAL,Velachery Branch,C3973,Education Fees
T401975,4,Chennai,2025-05-06,45609.68,FAILED,TRANSFER,Velachery Branch,C3419,Loan Payment
T401976,4,Chennai,2025-05-05,41701.0,SUCCESS,TRANSFER,Velachery Branch,C3417,Education Fees
T401977,4,Chennai,2025-05-05,91590.89,SUCCESS,WITHDRAWAL,Velachery Branch,C7697,Medical Expenses
T401978,4,Chennai,2025-05-05,5965.63,FAILED,WITHDRAWAL,Velachery Branch,C8258,Shopping
T401979,4,Chennai,2025-05-05,62132.31,SUCCESS,DEPOSIT,Velachery Branch,C4301,Shopping
T401980,4,Chennai,2025-05-05,23725.72,SUCCESS,TRANSFER,Velachery Branch,C3506,Shopping
T401981,4,Chennai,2025-05-05,74992.21,SUCCESS,WITHDRAWAL,Velachery Branch,C3386,Others
T401982,4,Chennai,2025-05-05,37258.63,FAILED,TRANSFER,Velachery Branch,C8087,Others
T401983,4,Chennai,2025-05-05,11482.13,SUCCESS,TRANSFER,Velachery Branch,C9012,Bill Payment
T401984,4,Chennai,2025-05-05,90150.08,FAILED,DEPOSIT,Velachery Branch,C9845,Travel
T401985,4,Chennai,2025-05-05,7443.3,FAILED,DEPOSIT,Velachery Branch,C6377,Education Fees
T401986,4,Chennai,2025-05-05,67390.12,FAILED,WITHDRAWAL,Velachery Branch,C2341,Bill Payment
T401987,4,Chennai,2025-05-05,32848.43,FAILED,DEPOSIT,Velachery Branch,C2884,Education Fees
T401988,4,Chennai,2025-05-05,46518.02,FAILED,TRANSFER,Velachery Branch,C3576,Education Fees
T401989,4,Chennai,2025-05-05,21710.76,SUCCESS,TRANSFER,Velachery Branch,C5811,Travel
T401990,4,Chennai,2025-05-05,73909.02,SUCCESS,DEPOSIT,Velachery Branch,C7203,Loan Payment
T401991,4,Chennai,2025-05-05,2516.44,FAILED,DEPOSIT,Velachery Branch,C3164,Loan Payment
T401992,4,Chennai,2025-05-05,61610.14,SUCCESS,TRANSFER,Velachery Branch,C5390,Medical Expenses
T401993,4,Chennai,2025-05-05,96088.04,FAILED,TRANSFER,Velachery Branch,C2204,Loan Payment
T401994,4,Chennai,2025-05-05,76218.37,SUCCESS,WITHDRAWAL,Velachery Branch,C4881,Others
T401995,4,Chennai,2025-05-05,27586.05,SUCCESS,DEPOSIT,Velachery Branch,C8176,Bill Payment
T401996,4,Chennai,2025-05-05,22678.81,FAILED,TRANSFER,Velachery Branch,C2600,Loan Payment
T401997,4,Chennai,2025-05-05,64349.1,FAILED,WITHDRAWAL,Velachery Branch,C7367,Bill Payment
T401998,4,Chennai,2025-05-05,82159.3,FAILED,DEPOSIT,Velachery Branch,C3100,Others
T401999,4,Chennai,2025-05-05,17064.25,SUCCESS,WITHDRAWAL,Velachery Branch,C6786,Loan Payment
T402000,4,Chennai,2025-05-05,24161.48,FAILED,DEPOSIT,Velachery Branch,C1645,Others
T402001,4,Chennai,2025-05-05,45350.68,FAILED,TRANSFER,Velachery Branch,C9960,Bill Payment
T402002,4,Chennai,2025-05-05,98308.19,SUCCESS,WITHDRAWAL,Velachery Branch,C9333,Others
T402003,4,Chennai,2025-05-05,34728.07,FAILED,WITHDRAWAL,Velachery Branch,C1214,Medical Expenses
T402004,4,Chennai,2025-05-05,69763.32,SUCCESS,WITHDRAWAL,Velachery Branch,C9235,Medical Expenses
T402005,4,Chennai,2025-05-05,88536.72,SUCCESS,DEPOSIT,Velachery Branch,C8529,Shopping
T402006,4,Chennai,2025-05-05,98507.47,FAILED,DEPOSIT,Velachery Branch,C7468,Loan Payment
T402007,4,Chennai,2025-05-05,62142.2,SUCCESS,TRANSFER,Velachery Branch,C5753,Medical Expenses
T402008,4,Chennai,2025-05-05,96131.96,FAILED,TRANSFER,Velachery Branch,C9329,Education Fees
T402009,4,Chennai,2025-05-05,88277.34,FAILED,DEPOSIT,Velachery Branch,C3873,Shopping
T402010,4,Chennai,2025-05-05,78507.97,FAILED,DEPOSIT,Velachery Branch,C6691,Travel
T402011,4,Chennai,2025-05-05,20189.02,SUCCESS,WITHDRAWAL,Velachery Branch,C9348,Others
T402012,4,Chennai,2025-05-05,53856.28,SUCCESS,WITHDRAWAL,Velachery Branch,C7939,Others
T402013,4,Chennai,2025-05-05,27583.91,FAILED,DEPOSIT,Velachery Branch,C1459,Others
T402014,4,Chennai,2025-05-05,37964.42,SUCCESS,DEPOSIT,Velachery Branch,C8627,Loan Payment
T402015,4,Chennai,2025-05-05,12254.27,FAILED,DEPOSIT,Velachery Branch,C4805,Travel
T402016,4,Chennai,2025-05-05,98320.13,FAILED,DEPOSIT,Velachery Branch,C9132,Medical Expenses
T402017,4,Chennai,2025-05-05,58700.31,FAILED,WITHDRAWAL,Velachery Branch,C6104,Bill Payment
T402018,4,Chennai,2025-05-05,80188.73,FAILED,DEPOSIT,Velachery Branch,C5431,Bill Payment
T402019,4,Chennai,2025-05-05,1467.68,SUCCESS,WITHDRAWAL,Velachery Branch,C4205,Education Fees
T402020,4,Chennai,2025-05-05,16246.1,FAILED,TRANSFER,Velachery Branch,C7300,Travel
T402021,4,Chennai,2025-05-05,51341.72,FAILED,WITHDRAWAL,Velachery Branch,C7123,Bill Payment
T402022,4,Chennai,2025-05-05,63639.9,SUCCESS,DEPOSIT,Velachery Branch,C8524,Travel
T402023,4,Chennai,2025-05-05,2319.89,SUCCESS,TRANSFER,Velachery Branch,C4189,Education Fees
T402024,4,Chennai,2025-05-05,32428.06,FAILED,DEPOSIT,Velachery Branch,C6334,Education Fees
T402025,4,Chennai,2025-05-05,54295.94,FAILED,WITHDRAWAL,Velachery Branch,C7630,Travel
T402026,4,Chennai,2025-05-05,14466.98,SUCCESS,DEPOSIT,Velachery Branch,C1972,Bill Payment
T402027,4,Chennai,2025-05-05,16473.69,FAILED,WITHDRAWAL,Velachery Branch,C3100,Others
T402028,4,Chennai,2025-05-05,66585.01,FAILED,DEPOSIT,Velachery Branch,C4971,Travel
T402029,4,Chennai,2025-05-05,64680.75,SUCCESS,WITHDRAWAL,Velachery Branch,C6718,Others
T402030,4,Chennai,2025-05-05,98830.6,FAILED,DEPOSIT,Velachery Branch,C6630,Medical Expenses
T402031,4,Chennai,2025-05-05,95017.12,FAILED,TRANSFER,Velachery Branch,C9485,Others
T402032,4,Chennai,2025-05-05,61363.24,SUCCESS,WITHDRAWAL,Velachery Branch,C1215,Others
T402033,4,Chennai,2025-05-05,79045.94,FAILED,TRANSFER,Velachery Branch,C5403,Medical Expenses
T402034,4,Chennai,2025-05-05,19201.43,SUCCESS,DEPOSIT,Velachery Branch,C3925,Loan Payment
T402035,4,Chennai,2025-05-05,34072.22,SUCCESS,DEPOSIT,Velachery Branch,C9588,Bill Payment
T402036,4,Chennai,2025-05-05,87817.72,SUCCESS,WITHDRAWAL,Velachery Branch,C5717,Loan Payment
T402037,4,Chennai,2025-05-05,50030.74,SUCCESS,WITHDRAWAL,Velachery Branch,C9275,Travel
T402038,4,Chennai,2025-05-05,90089.9,SUCCESS,DEPOSIT,Velachery Branch,C5653,Shopping
T402039,4,Chennai,2025-05-05,7072.32,SUCCESS,DEPOSIT,Velachery Branch,C4217,Bill Payment
T402040,4,Chennai,2025-05-05,32606.11,SUCCESS,WITHDRAWAL,Velachery Branch,C1786,Education Fees
T402041,4,Chennai,2025-05-05,8049.71,SUCCESS,TRANSFER,Velachery Branch,C2018,Loan Payment
T402042,4,Chennai,2025-05-05,40097.81,SUCCESS,WITHDRAWAL,Velachery Branch,C6241,Travel
T402043,4,Chennai,2025-05-05,65473.13,FAILED,DEPOSIT,Velachery Branch,C6403,Loan Payment
T402044,4,Chennai,2025-05-05,82149.75,FAILED,TRANSFER,Velachery Branch,C2951,Medical Expenses
T402045,4,Chennai,2025-05-05,82059.46,SUCCESS,TRANSFER,Velachery Branch,C4425,Medical Expenses
T402046,4,Chennai,2025-05-05,27757.62,FAILED,WITHDRAWAL,Velachery Branch,C1026,Bill Payment
T402047,4,Chennai,2025-05-05,99931.87,SUCCESS,TRANSFER,Velachery Branch,C9987,Travel
T402048,4,Chennai,2025-05-05,17934.63,FAILED,WITHDRAWAL,Velachery Branch,C2845,Shopping
T402049,4,Chennai,2025-05-05,23590.39,FAILED,TRANSFER,Velachery Branch,C1491,Bill Payment
T402050,4,Chennai,2025-05-05,9512.58,FAILED,TRANSFER,Velachery Branch,C8921,Shopping
T402051,4,Chennai,2025-05-05,73334.43,SUCCESS,TRANSFER,Velachery Branch,C3432,Others
T402052,4,Chennai,2025-05-05,31457.25,SUCCESS,WITHDRAWAL,Velachery Branch,C3200,Loan Payment
T402053,4,Chennai,2025-05-05,17808.12,FAILED,DEPOSIT,Velachery Branch,C9852,Travel
T402054,4,Chennai,2025-05-05,29226.57,SUCCESS,DEPOSIT,Velachery Branch,C2607,Education Fees
T402055,4,Chennai,2025-05-05,37033.8,SUCCESS,TRANSFER,Velachery Branch,C8155,Loan Payment
T402056,4,Chennai,2025-05-05,47714.03,FAILED,TRANSFER,Velachery Branch,C9282,Bill Payment
T402057,4,Chennai,2025-05-05,97698.19,SUCCESS,WITHDRAWAL,Velachery Branch,C2889,Travel
T402058,4,Chennai,2025-05-05,19834.4,SUCCESS,DEPOSIT,Velachery Branch,C1751,Travel
T402059,4,Chennai,2025-05-05,10902.54,SUCCESS,TRANSFER,Velachery Branch,C2111,Bill Payment
T402060,4,Chennai,2025-05-05,22744.74,SUCCESS,DEPOSIT,Velachery Branch,C8800,Travel
T402061,4,Chennai,2025-05-05,26730.04,FAILED,DEPOSIT,Velachery Branch,C9670,Medical Expenses
T402062,4,Chennai,2025-05-05,58077.06,SUCCESS,WITHDRAWAL,Velachery Branch,C3316,Education Fees
T402063,4,Chennai,2025-05-05,93337.06,SUCCESS,DEPOSIT,Velachery Branch,C2019,Others
T402064,4,Chennai,2025-05-05,79975.52,SUCCESS,WITHDRAWAL,Velachery Branch,C3317,Education Fees
T402065,4,Chennai,2025-05-05,22711.65,FAILED,WITHDRAWAL,Velachery Branch,C1739,Others
T402066,4,Chennai,2025-05-05,21159.0,FAILED,TRANSFER,Velachery Branch,C8447,Bill Payment
T402067,4,Chennai,2025-05-05,21144.35,FAILED,TRANSFER,Velachery Branch,C6712,Shopping
T402068,4,Chennai,2025-05-05,81417.49,SUCCESS,TRANSFER,Velachery Branch,C8741,Bill Payment
T402069,4,Chennai,2025-05-05,38784.23,SUCCESS,TRANSFER,Velachery Branch,C9770,Medical Expenses
T402070,4,Chennai,2025-05-05,57552.13,SUCCESS,TRANSFER,Velachery Branch,C1089,Shopping
T402071,4,Chennai,2025-05-05,47857.82,SUCCESS,TRANSFER,Velachery Branch,C8308,Loan Payment
T402072,4,Chennai,2025-05-05,1044.29,FAILED,DEPOSIT,Velachery Branch,C8629,Loan Payment
T402073,4,Chennai,2025-05-05,7313.99,SUCCESS,TRANSFER,Velachery Branch,C5822,Education Fees
T402074,4,Chennai,2025-05-05,53199.97,FAILED,WITHDRAWAL,Velachery Branch,C5018,Travel
T402075,4,Chennai,2025-05-05,68080.41,FAILED,WITHDRAWAL,Velachery Branch,C1414,Bill Payment
T402076,4,Chennai,2025-05-04,85789.17,FAILED,WITHDRAWAL,Velachery Branch,C7598,Loan Payment
T402077,4,Chennai,2025-05-04,19743.96,FAILED,DEPOSIT,Velachery Branch,C7893,Shopping
T402078,4,Chennai,2025-05-04,87166.34,FAILED,DEPOSIT,Velachery Branch,C6505,Education Fees
T402079,4,Chennai,2025-05-04,48068.57,FAILED,DEPOSIT,Velachery Branch,C1335,Shopping
T402080,4,Chennai,2025-05-04,46153.15,FAILED,WITHDRAWAL,Velachery Branch,C6601,Education Fees
T402081,4,Chennai,2025-05-04,51748.79,SUCCESS,TRANSFER,Velachery Branch,C9467,Education Fees
T402082,4,Chennai,2025-05-04,50997.26,FAILED,DEPOSIT,Velachery Branch,C3336,Education Fees
T402083,4,Chennai,2025-05-04,63357.32,FAILED,WITHDRAWAL,Velachery Branch,C8504,Education Fees
T402084,4,Chennai,2025-05-04,32018.81,SUCCESS,DEPOSIT,Velachery Branch,C6881,Shopping
T402085,4,Chennai,2025-05-04,38970.69,FAILED,WITHDRAWAL,Velachery Branch,C4381,Loan Payment
T402086,4,Chennai,2025-05-04,52497.26,FAILED,DEPOSIT,Velachery Branch,C2219,Loan Payment
T402087,4,Chennai,2025-05-04,56079.79,SUCCESS,TRANSFER,Velachery Branch,C5802,Others
T402088,4,Chennai,2025-05-04,42421.26,FAILED,TRANSFER,Velachery Branch,C7052,Loan Payment
T402089,4,Chennai,2025-05-04,48141.03,FAILED,DEPOSIT,Velachery Branch,C3308,Others
T402090,4,Chennai,2025-05-04,18387.66,FAILED,TRANSFER,Velachery Branch,C2702,Medical Expenses
T402091,4,Chennai,2025-05-04,23703.97,SUCCESS,DEPOSIT,Velachery Branch,C7696,Education Fees
T402092,4,Chennai,2025-05-04,95260.86,FAILED,DEPOSIT,Velachery Branch,C6912,Others
T402093,4,Chennai,2025-05-04,12389.86,FAILED,WITHDRAWAL,Velachery Branch,C8421,Loan Payment
T402094,4,Chennai,2025-05-04,54025.64,FAILED,DEPOSIT,Velachery Branch,C3668,Others
T402095,4,Chennai,2025-05-04,16939.1,FAILED,TRANSFER,Velachery Branch,C3903,Loan Payment
T402096,4,Chennai,2025-05-04,49314.73,FAILED,TRANSFER,Velachery Branch,C6310,Education Fees
T402097,4,Chennai,2025-05-04,82811.07,SUCCESS,DEPOSIT,Velachery Branch,C2962,Travel
T402098,4,Chennai,2025-05-04,20552.22,SUCCESS,WITHDRAWAL,Velachery Branch,C2445,Others
T402099,4,Chennai,2025-05-04,4271.15,FAILED,WITHDRAWAL,Velachery Branch,C1484,Medical Expenses
T402100,4,Chennai,2025-05-04,93315.5,SUCCESS,DEPOSIT,Velachery Branch,C4840,Medical Expenses
T402101,4,Chennai,2025-05-04,37941.79,FAILED,WITHDRAWAL,Velachery Branch,C5380,Bill Payment
T402102,4,Chennai,2025-05-04,2645.88,FAILED,DEPOSIT,Velachery Branch,C5179,Medical Expenses
T402103,4,Chennai,2025-05-04,96763.08,FAILED,WITHDRAWAL,Velachery Branch,C9841,Bill Payment
T402104,4,Chennai,2025-05-04,75892.13,SUCCESS,TRANSFER,Velachery Branch,C8692,Travel
T402105,4,Chennai,2025-05-04,71705.6,FAILED,TRANSFER,Velachery Branch,C1125,Medical Expenses
T402106,4,Chennai,2025-05-04,24764.04,SUCCESS,TRANSFER,Velachery Branch,C3604,Others
T402107,4,Chennai,2025-05-04,77121.71,SUCCESS,WITHDRAWAL,Velachery Branch,C4064,Medical Expenses
T402108,4,Chennai,2025-05-04,53998.41,SUCCESS,TRANSFER,Velachery Branch,C8386,Education Fees
T402109,4,Chennai,2025-05-04,46291.1,FAILED,DEPOSIT,Velachery Branch,C3080,Loan Payment
T402110,4,Chennai,2025-05-04,2469.13,FAILED,DEPOSIT,Velachery Branch,C7334,Loan Payment
T402111,4,Chennai,2025-05-04,70612.77,FAILED,TRANSFER,Velachery Branch,C7848,Bill Payment
T402112,4,Chennai,2025-05-04,79150.73,SUCCESS,DEPOSIT,Velachery Branch,C3171,Travel
T402113,4,Chennai,2025-05-04,83587.08,FAILED,DEPOSIT,Velachery Branch,C7496,Travel
T402114,4,Chennai,2025-05-04,94760.45,FAILED,DEPOSIT,Velachery Branch,C1028,Medical Expenses
T402115,4,Chennai,2025-05-04,88916.51,FAILED,TRANSFER,Velachery Branch,C7139,Education Fees
T402116,4,Chennai,2025-05-04,97750.89,FAILED,TRANSFER,Velachery Branch,C7643,Bill Payment
T402117,4,Chennai,2025-05-04,20806.68,SUCCESS,TRANSFER,Velachery Branch,C6377,Others
T402118,4,Chennai,2025-05-04,3150.52,SUCCESS,DEPOSIT,Velachery Branch,C6308,Education Fees
T402119,4,Chennai,2025-05-04,27959.22,SUCCESS,TRANSFER,Velachery Branch,C6116,Bill Payment
T402120,4,Chennai,2025-05-04,33170.9,SUCCESS,WITHDRAWAL,Velachery Branch,C8771,Loan Payment
T402121,4,Chennai,2025-05-04,20155.89,SUCCESS,WITHDRAWAL,Velachery Branch,C4001,Bill Payment
T402122,4,Chennai,2025-05-04,3073.02,FAILED,WITHDRAWAL,Velachery Branch,C1192,Shopping
T402123,4,Chennai,2025-05-04,89772.07,FAILED,WITHDRAWAL,Velachery Branch,C4156,Travel
T402124,4,Chennai,2025-05-04,15281.92,SUCCESS,WITHDRAWAL,Velachery Branch,C6490,Loan Payment
T402125,4,Chennai,2025-05-04,12966.72,FAILED,DEPOSIT,Velachery Branch,C6122,Loan Payment
T402126,4,Chennai,2025-05-04,51106.94,SUCCESS,TRANSFER,Velachery Branch,C3606,Travel
T402127,4,Chennai,2025-05-04,62618.56,SUCCESS,DEPOSIT,Velachery Branch,C3081,Others
T402128,4,Chennai,2025-05-04,15087.59,FAILED,WITHDRAWAL,Velachery Branch,C7304,Bill Payment
T402129,4,Chennai,2025-05-04,95381.86,FAILED,WITHDRAWAL,Velachery Branch,C9814,Loan Payment
T402130,4,Chennai,2025-05-04,23762.41,FAILED,DEPOSIT,Velachery Branch,C9381,Others
T402131,4,Chennai,2025-05-04,1950.49,FAILED,WITHDRAWAL,Velachery Branch,C8194,Shopping
T402132,4,Chennai,2025-05-03,75145.27,SUCCESS,WITHDRAWAL,Velachery Branch,C8312,Loan Payment
T402133,4,Chennai,2025-05-03,34660.97,FAILED,WITHDRAWAL,Velachery Branch,C1522,Travel
T402134,4,Chennai,2025-05-03,83272.97,FAILED,DEPOSIT,Velachery Branch,C6025,Loan Payment
T402135,4,Chennai,2025-05-03,92889.26,SUCCESS,DEPOSIT,Velachery Branch,C2172,Medical Expenses
T402136,4,Chennai,2025-05-03,88766.68,SUCCESS,DEPOSIT,Velachery Branch,C6751,Shopping
T402137,4,Chennai,2025-05-03,53500.31,SUCCESS,WITHDRAWAL,Velachery Branch,C5063,Bill Payment
T402138,4,Chennai,2025-05-03,30056.03,FAILED,DEPOSIT,Velachery Branch,C1594,Education Fees
T402139,4,Chennai,2025-05-03,21502.41,FAILED,TRANSFER,Velachery Branch,C8851,Travel
T402140,4,Chennai,2025-05-03,81237.25,FAILED,DEPOSIT,Velachery Branch,C5954,Medical Expenses
T402141,4,Chennai,2025-05-03,29632.55,SUCCESS,DEPOSIT,Velachery Branch,C8850,Bill Payment
T402142,4,Chennai,2025-05-03,91312.22,FAILED,WITHDRAWAL,Velachery Branch,C5395,Others
T402143,4,Chennai,2025-05-03,23187.73,SUCCESS,TRANSFER,Velachery Branch,C6101,Travel
T402144,4,Chennai,2025-05-03,2889.15,FAILED,WITHDRAWAL,Velachery Branch,C2490,Bill Payment
T402145,4,Chennai,2025-05-03,62274.4,SUCCESS,DEPOSIT,Velachery Branch,C4092,Medical Expenses
T402146,4,Chennai,2025-05-03,42866.74,FAILED,DEPOSIT,Velachery Branch,C7271,Others
T402147,4,Chennai,2025-05-03,98810.44,SUCCESS,DEPOSIT,Velachery Branch,C3485,Shopping
T402148,4,Chennai,2025-05-03,99230.46,FAILED,TRANSFER,Velachery Branch,C1935,Loan Payment
T402149,4,Chennai,2025-05-03,18343.2,FAILED,TRANSFER,Velachery Branch,C2908,Travel
T402150,4,Chennai,2025-05-03,14691.6,SUCCESS,WITHDRAWAL,Velachery Branch,C9836,Others
T402151,4,Chennai,2025-05-03,26043.94,FAILED,DEPOSIT,Velachery Branch,C1734,Shopping
T402152,4,Chennai,2025-05-03,3586.48,SUCCESS,WITHDRAWAL,Velachery Branch,C3821,Others
T402153,4,Chennai,2025-05-03,27379.14,SUCCESS,DEPOSIT,Velachery Branch,C3950,Education Fees
T402154,4,Chennai,2025-05-03,72136.41,SUCCESS,WITHDRAWAL,Velachery Branch,C5308,Loan Payment
T402155,4,Chennai,2025-05-03,26737.22,FAILED,WITHDRAWAL,Velachery Branch,C3209,Others
T402156,4,Chennai,2025-05-03,92067.14,FAILED,DEPOSIT,Velachery Branch,C2806,Travel
T402157,4,Chennai,2025-05-03,52047.11,SUCCESS,TRANSFER,Velachery Branch,C6784,Shopping
T402158,4,Chennai,2025-05-03,13824.96,FAILED,WITHDRAWAL,Velachery Branch,C5229,Bill Payment
T402159,4,Chennai,2025-05-03,3464.7,FAILED,TRANSFER,Velachery Branch,C6686,Shopping
T402160,4,Chennai,2025-05-03,79917.69,SUCCESS,TRANSFER,Velachery Branch,C7903,Loan Payment
T402161,4,Chennai,2025-05-03,82050.27,SUCCESS,DEPOSIT,Velachery Branch,C5325,Shopping
T402162,4,Chennai,2025-05-03,49415.39,FAILED,TRANSFER,Velachery Branch,C9227,Shopping
T402163,4,Chennai,2025-05-03,47920.05,SUCCESS,TRANSFER,Velachery Branch,C3239,Travel
T402164,4,Chennai,2025-05-03,48551.13,FAILED,WITHDRAWAL,Velachery Branch,C2848,Medical Expenses
T402165,4,Chennai,2025-05-03,48459.55,SUCCESS,DEPOSIT,Velachery Branch,C7966,Shopping
T402166,4,Chennai,2025-05-03,9916.31,FAILED,DEPOSIT,Velachery Branch,C1893,Travel
T402167,4,Chennai,2025-05-03,79856.1,SUCCESS,TRANSFER,Velachery Branch,C1126,Bill Payment
T402168,4,Chennai,2025-05-03,1433.98,FAILED,TRANSFER,Velachery Branch,C1973,Education Fees
T402169,4,Chennai,2025-05-03,38853.65,FAILED,WITHDRAWAL,Velachery Branch,C8509,Travel
T402170,4,Chennai,2025-05-03,21468.72,SUCCESS,DEPOSIT,Velachery Branch,C3649,Loan Payment
T402171,4,Chennai,2025-05-03,15419.11,FAILED,DEPOSIT,Velachery Branch,C5841,Education Fees
T402172,4,Chennai,2025-05-03,47681.49,FAILED,DEPOSIT,Velachery Branch,C8695,Shopping
T402173,4,Chennai,2025-05-03,51080.39,SUCCESS,DEPOSIT,Velachery Branch,C3391,Bill Payment
T402174,4,Chennai,2025-05-03,44876.93,FAILED,DEPOSIT,Velachery Branch,C5479,Education Fees
T402175,4,Chennai,2025-05-03,71753.86,SUCCESS,TRANSFER,Velachery Branch,C9887,Bill Payment
T402176,4,Chennai,2025-05-03,88056.23,FAILED,DEPOSIT,Velachery Branch,C1246,Loan Payment
T402177,4,Chennai,2025-05-03,5355.96,SUCCESS,TRANSFER,Velachery Branch,C5018,Education Fees
T402178,4,Chennai,2025-05-03,78168.11,FAILED,WITHDRAWAL,Velachery Branch,C7479,Medical Expenses
T402179,4,Chennai,2025-05-03,90350.28,FAILED,DEPOSIT,Velachery Branch,C3055,Travel
T402180,4,Chennai,2025-05-03,54761.22,FAILED,DEPOSIT,Velachery Branch,C6234,Travel
T402181,4,Chennai,2025-05-03,52165.04,FAILED,DEPOSIT,Velachery Branch,C9390,Bill Payment
T402182,4,Chennai,2025-05-03,90557.93,SUCCESS,DEPOSIT,Velachery Branch,C3604,Education Fees
T402183,4,Chennai,2025-05-03,47720.44,FAILED,WITHDRAWAL,Velachery Branch,C7184,Medical Expenses
T402184,4,Chennai,2025-05-03,99848.84,FAILED,TRANSFER,Velachery Branch,C9705,Loan Payment
T402185,4,Chennai,2025-05-03,79018.32,FAILED,TRANSFER,Velachery Branch,C7497,Education Fees
T402186,4,Chennai,2025-05-03,30915.98,FAILED,DEPOSIT,Velachery Branch,C6157,Shopping
T402187,4,Chennai,2025-05-03,97312.88,FAILED,WITHDRAWAL,Velachery Branch,C2686,Others
T402188,4,Chennai,2025-05-03,84466.22,SUCCESS,DEPOSIT,Velachery Branch,C1651,Education Fees
T402189,4,Chennai,2025-05-03,5681.66,FAILED,DEPOSIT,Velachery Branch,C7008,Medical Expenses
T402190,4,Chennai,2025-05-03,16100.09,FAILED,TRANSFER,Velachery Branch,C8088,Bill Payment
T402191,4,Chennai,2025-05-03,11059.56,SUCCESS,DEPOSIT,Velachery Branch,C5699,Bill Payment
T402192,4,Chennai,2025-05-03,19788.02,FAILED,DEPOSIT,Velachery Branch,C6662,Travel
T402193,4,Chennai,2025-05-03,82651.33,FAILED,TRANSFER,Velachery Branch,C5095,Shopping
T402194,4,Chennai,2025-05-03,28538.12,SUCCESS,DEPOSIT,Velachery Branch,C4380,Education Fees
T402195,4,Chennai,2025-05-03,84166.92,FAILED,WITHDRAWAL,Velachery Branch,C8747,Others
T402196,4,Chennai,2025-05-03,42111.84,FAILED,DEPOSIT,Velachery Branch,C4785,Loan Payment
T402197,4,Chennai,2025-05-03,15752.61,SUCCESS,DEPOSIT,Velachery Branch,C8536,Loan Payment
