TRANSACTION_ID,BRANCH_ID,CITY,DATE,AMOUNT,STATUS,TRANSACTION_TYPE,BRANCH_NAME,CUSTOMER_ID,PURPOSE
T405827,2,Coimbatore,2025-05-09,99791.71,SUCCESS,WITHDRAWAL,RS Puram Branch,C3402,Bill Payment
T405828,2,Coimbatore,2025-05-09,3425.53,FAILED,TRANSFER,RS Puram Branch,C7894,Others
T405829,2,Coimbatore,2025-05-09,48078.93,SUCCESS,TRANSFER,RS Puram Branch,C8407,Bill Payment
T405830,2,Coimbatore,2025-05-09,87503.5,SUCCESS,WITHDRAWAL,RS Puram Branch,C5645,Travel
T405831,2,Coimbatore,2025-05-09,78599.32,SUCCESS,DEPOSIT,RS Puram Branch,C7798,Travel
T405832,2,Coimbatore,2025-05-09,91564.3,FAILED,TRANSFER,RS Puram Branch,C1631,Bill Payment
T405833,2,Coimbatore,2025-05-09,52818.39,SUCCESS,DEPOSIT,RS Puram Branch,C9304,Shopping
T405834,2,Coimbatore,2025-05-09,42619.73,SUCCESS,TRANSFER,RS Puram Branch,C5807,Shopping
T405835,2,Coimbatore,2025-05-09,76622.42,FAILED,WITHDRAWAL,RS Puram Branch,C5844,Travel
T405836,2,Coimbatore,2025-05-09,31247.05,SUCCESS,DEPOSIT,RS Puram Branch,C4190,Bill Payment
T405837,2,Coimbatore,2025-05-09,33590.26,FAILED,TRANSFER,RS Puram Branch,C6532,Others
T405838,2,Coimbatore,2025-05-09,89572.19,FAILED,WITHDRAWAL,RS Puram Branch,C7157,Bill Payment
T405839,2,Coimbatore,2025-05-09,34341.19,FAILED,TRANSFER,RS Puram Branch,C3413,Shopping
T405840,2,Coimbatore,2025-05-09,61445.4,SUCCESS,TRANSFER,RS Puram Branch,C7049,Others
T405841,2,Coimbatore,2025-05-09,11914.97,FAILED,TRANSFER,RS Puram Branch,C3736,Medical Expenses
T405842,2,Coimbatore,2025-05-09,21757.43,SUCCESS,DEPOSIT,RS Puram Branch,C3613,Bill Payment
T405843,2,Coimbatore,2025-05-09,41068.73,SUCCESS,DEPOSIT,RS Puram Branch,C2807,Bill Payment
T405844,2,Coimbatore,2025-05-09,62558.1,FAILED,DEPOSIT,RS Puram Branch,C3422,Shopping
T405845,2,Coimbatore,2025-05-09,85162.09,SUCCESS,WITHDRAWAL,RS Puram Branch,C1928,Loan Payment
T405846,2,Coimbatore,2025-05-09,62240.77,FAILED,TRANSFER,RS Puram Branch,C2171,Bill Payment
T405847,2,Coimbatore,2025-05-09,9291.03,FAILED,WITHDRAWAL,RS Puram Branch,C2662,Medical Expenses
T405848,2,Coimbatore,2025-05-09,19539.85,SUCCESS,TRANSFER,RS Puram Branch,C2199,Bill Payment
T405849,2,Coimbatore,2025-05-09,43502.87,FAILED,DEPOSIT,RS Puram Branch,C5277,Loan Payment
T405850,2,Coimbatore,2025-05-09,55714.6,SUCCESS,WITHDRAWAL,RS Puram Branch,C2361,Medical Expenses
T405851,2,Coimbatore,2025-05-09,81698.92,FAILED,DEPOSIT,RS Puram Branch,C7003,Education Fees
T405852,2,Coimbatore,2025-05-09,97055.99,SUCCESS,DEPOSIT,RS Puram Branch,C7405,Education Fees
T405853,2,Coimbatore,2025-05-09,75487.62,FAILED,WITHDRAWAL,RS Puram Branch,C9368,Others
T405854,2,Coimbatore,2025-05-09,34432.81,SUCCESS,WITHDRAWAL,RS Puram Branch,C7550,Travel
T405855,2,Coimbatore,2025-05-09,19346.25,FAILED,DEPOSIT,RS Puram Branch,C8819,Loan Payment
T405856,2,Coimbatore,2025-05-09,91882.95,SUCCESS,WITHDRAWAL,RS Puram Branch,C3907,Others
T405857,2,Coimbatore,2025-05-09,85018.99,SUCCESS,TRANSFER,RS Puram Branch,C8263,Others
T405858,2,Coimbatore,2025-05-09,99665.28,SUCCESS,WITHDRAWAL,RS Puram Branch,C4028,Shopping
T405859,2,Coimbatore,2025-05-09,15947.4,FAILED,TRANSFER,RS Puram Branch,C9947,Education Fees
T405860,2,Coimbatore,2025-05-09,72367.24,FAILED,DEPOSIT,RS Puram Branch,C3235,Travel
T405861,2,Coimbatore,2025-05-09,5387.07,FAILED,TRANSFER,RS Puram Branch,C4683,Travel
T405862,2,Coimbatore,2025-05-09,20903.17,FAILED,DEPOSIT,RS Puram Branch,C6393,Bill Payment
T405863,2,Coimbatore,2025-05-09,34606.03,SUCCESS,DEPOSIT,RS Puram Branch,C8974,Medical Expenses
T405864,2,Coimbatore,2025-05-09,20342.37,FAILED,DEPOSIT,RS Puram Branch,C5582,Loan Payment
T405865,2,Coimbatore,2025-05-09,20213.0,FAILED,TRANSFER,RS Puram Branch,C3241,Shopping
T405866,2,Coimbatore,2025-05-09,78469.66,SUCCESS,TRANSFER,RS Puram Branch,C6931,Education Fees
T405867,2,Coimbatore,2025-05-09,60211.08,SUCCESS,DEPOSIT,RS Puram Branch,C2702,Medical Expenses
T405868,2,Coimbatore,2025-05-09,13413.61,SUCCESS,TRANSFER,RS Puram Branch,C9166,Travel
T405869,2,Coimbatore,2025-05-09,58607.81,FAILED,WITHDRAWAL,RS Puram Branch,C7719,Shopping
T405870,2,Coimbatore,2025-05-09,31675.35,FAILED,DEPOSIT,RS Puram Branch,C3959,Loan Payment
T405871,2,Coimbatore,2025-05-09,46767.56,SUCCESS,TRANSFER,RS Puram Branch,C2844,Education Fees
T405872,2,Coimbatore,2025-05-09,73951.79,FAILED,WITHDRAWAL,RS Puram Branch,C8967,Education Fees
T405873,2,Coimbatore,2025-05-09,77282.23,FAILED,TRANSFER,RS Puram Branch,C2704,Others
T405874,2,Coimbatore,2025-05-09,34129.32,SUCCESS,WITHDRAWAL,RS Puram Branch,C1948,Loan Payment
T405875,2,Coimbatore,2025-05-09,87614.41,FAILED,WITHDRAWAL,RS Puram Branch,C3426,Bill Payment
T405876,2,Coimbatore,2025-05-09,7922.16,FAILED,TRANSFER,RS Puram Branch,C6435,Travel
T405877,2,Coimbatore,2025-05-09,34751.47,FAILED,WITHDRAWAL,RS Puram Branch,C8078,Bill Payment
T405878,2,Coimbatore,2025-05-09,28150.16,FAILED,DEPOSIT,RS Puram Branch,C8177,Bill Payment
T405879,2,Coimbatore,2025-05-09,19356.33,SUCCESS,DEPOSIT,RS Puram Branch,C5505,Loan Payment
T405880,2,Coimbatore,2025-05-09,69769.37,SUCCESS,TRANSFER,RS Puram Branch,C2212,Travel
T405881,2,Coimbatore,2025-05-09,4512.52,FAILED,WITHDRAWAL,RS Puram Branch,C1425,Medical Expenses
T405882,2,Coimbatore,2025-05-09,35806.77,FAILED,DEPOSIT,RS Puram Branch,C1625,Travel
T405883,2,Coimbatore,2025-05-09,93794.66,SUCCESS,TRANSFER,RS Puram Branch,C9671,Others
T405884,2,Coimbatore,2025-05-09,3020.76,SUCCESS,WITHDRAWAL,RS Puram Branch,C2638,Bill Payment
T405885,2,Coimbatore,2025-05-09,7727.99,SUCCESS,TRANSFER,RS Puram Branch,C5285,Loan Payment
T405886,2,Coimbatore,2025-05-09,31505.49,FAILED,TRANSFER,RS Puram Branch,C4865,Bill Payment
T405887,2,Coimbatore,2025-05-09,37688.06,SUCCESS,WITHDRAWAL,RS Puram Branch,C5362,Loan Payment
T405888,2,Coimbatore,2025-05-09,28682.12,FAILED,WITHDRAWAL,RS Puram Branch,C1940,Travel
T405889,2,Coimbatore,2025-05-09,86362.97,SUCCESS,WITHDRAWAL,RS Puram Branch,C6841,Shopping
T405890,2,Coimbatore,2025-05-09,84874.33,SUCCESS,DEPOSIT,RS Puram Branch,C2439,Bill Payment
T405891,2,Coimbatore,2025-05-09,27584.72,FAILED,TRANSFER,RS Puram Branch,C2446,Loan Payment
T405892,2,Coimbatore,2025-05-09,4289.0,SUCCESS,WITHDRAWAL,RS Puram Branch,C3954,Travel
T405893,2,Coimbatore,2025-05-09,96836.88,SUCCESS,WITHDRAWAL,RS Puram Branch,C9752,Bill Payment
T405894,2,Coimbatore,2025-05-09,82586.18,SUCCESS,DEPOSIT,RS Puram Branch,C2283,Shopping
T405895,2,Coimbatore,2025-05-09,64127.83,SUCCESS,TRANSFER,RS Puram Branch,C3362,Others
T405896,2,Coimbatore,2025-05-09,13912.64,SUCCESS,TRANSFER,RS Puram Branch,C6927,Education Fees
T405897,2,Coimbatore,2025-05-09,20306.45,FAILED,DEPOSIT,RS Puram Branch,C2867,Others
T405898,2,Coimbatore,2025-05-09,25076.67,FAILED,DEPOSIT,RS Puram Branch,C1423,Loan Payment
T405899,2,Coimbatore,2025-05-09,32204.46,SUCCESS,WITHDRAWAL,RS Puram Branch,C9494,Loan Payment
T405900,2,Coimbatore,2025-05-09,11484.9,FAILED,WITHDRAWAL,RS Puram Branch,C6681,Others
T405901,2,Coimbatore,2025-05-09,83156.29,FAILED,WITHDRAWAL,RS Puram Branch,C6340,Medical Expenses
T405902,2,Coimbatore,2025-05-09,92571.96,FAILED,TRANSFER,RS Puram Branch,C1954,Shopping
T405903,2,Coimbatore,2025-05-09,57171.96,SUCCESS,WITHDRAWAL,RS Puram Branch,C4198,Education Fees
T405904,2,Coimbatore,2025-05-09,93364.5,SUCCESS,WITHDRAWAL,RS Puram Branch,C4414,Shopping
T405905,2,Coimbatore,2025-05-09,7438.1,SUCCESS,WITHDRAWAL,RS Puram Branch,C4544,Bill Payment
T405906,2,Coimbatore,2025-05-09,36187.25,FAILED,DEPOSIT,RS Puram Branch,C5792,Loan Payment
T405907,2,Coimbatore,2025-05-09,32288.99,FAILED,DEPOSIT,RS Puram Branch,C9972,Others
T405908,2,Coimbatore,2025-05-09,27842.19,FAILED,WITHDRAWAL,RS Puram Branch,C4198,Others
T405909,2,Coimbatore,2025-05-09,83358.38,SUCCESS,TRANSFER,RS Puram Branch,C4913,Medical Expenses
T405910,2,Coimbatore,2025-05-09,54822.81,FAILED,WITHDRAWAL,RS Puram Branch,C4831,Education Fees
T405911,2,Coimbatore,2025-05-09,75708.2,SUCCESS,TRANSFER,RS Puram Branch,C6015,Shopping
T405912,2,Coimbatore,2025-05-09,12141.75,FAILED,WITHDRAWAL,RS Puram Branch,C1979,Education Fees
T405913,2,Coimbatore,2025-05-09,98662.48,SUCCESS,TRANSFER,RS Puram Branch,C2967,Others
T405914,2,Coimbatore,2025-05-09,8489.04,SUCCESS,WITHDRAWAL,RS Puram Branch,C8012,Travel
T405915,2,Coimbatore,2025-05-09,59538.87,FAILED,DEPOSIT,RS Puram Branch,C9635,Others
T405916,2,Coimbatore,2025-05-08,18336.85,SUCCESS,TRANSFER,RS Puram Branch,C4545,Bill Payment
T405917,2,Coimbatore,2025-05-08,10425.39,FAILED,DEPOSIT,RS Puram Branch,C4980,Bill Payment
T405918,2,Coimbatore,2025-05-08,93998.16,SUCCESS,WITHDRAWAL,RS Puram Branch,C1828,Shopping
T405919,2,Coimbatore,2025-05-08,49872.68,SUCCESS,WITHDRAWAL,RS Puram Branch,C8735,Travel
T405920,2,Coimbatore,2025-05-08,35185.24,SUCCESS,TRANSFER,RS Puram Branch,C4854,Education Fees
T405921,2,Coimbatore,2025-05-08,80004.76,SUCCESS,WITHDRAWAL,RS Puram Branch,C4609,Travel
T405922,2,Coimbatore,2025-05-08,13399.14,SUCCESS,DEPOSIT,RS Puram Branch,C8484,Shopping
T405923,2,Coimbatore,2025-05-08,28290.43,FAILED,DEPOSIT,RS Puram Branch,C9761,Loan Payment
T405924,2,Coimbatore,2025-05-08,99407.75,FAILED,TRANSFER,RS Puram Branch,C3005,Travel
T405925,2,Coimbatore,2025-05-08,49965.0,SUCCESS,TRANSFER,RS Puram Branch,C5532,Shopping
T405926,2,Coimbatore,2025-05-08,74432.66,FAILED,WITHDRAWAL,RS Puram Branch,C5568,Bill Payment
T405927,2,Coimbatore,2025-05-08,42640.65,FAILED,WITHDRAWAL,RS Puram Branch,C8266,Bill Payment
T405928,2,Coimbatore,2025-05-08,49092.67,FAILED,DEPOSIT,RS Puram Branch,C3643,Travel
T405929,2,Coimbatore,2025-05-08,53929.14,SUCCESS,TRANSFER,RS Puram Branch,C9540,Others
T405930,2,Coimbatore,2025-05-08,44682.66,SUCCESS,TRANSFER,RS Puram Branch,C4753,Shopping
T405931,2,Coimbatore,2025-05-08,19572.49,FAILED,DEPOSIT,RS Puram Branch,C3898,Others
T405932,2,Coimbatore,2025-05-08,32511.16,FAILED,WITHDRAWAL,RS Puram Branch,C9520,Travel
T405933,2,Coimbatore,2025-05-08,11313.58,SUCCESS,DEPOSIT,RS Puram Branch,C8155,Others
T405934,2,Coimbatore,2025-05-08,7317.58,FAILED,DEPOSIT,RS Puram Branch,C3231,Others
T405935,2,Coimbatore,2025-05-08,57711.33,SUCCESS,DEPOSIT,RS Puram Branch,C7804,Bill Payment
T405936,2,Coimbatore,2025-05-08,51497.13,FAILED,TRANSFER,RS Puram Branch,C6455,Travel
T405937,2,Coimbatore,2025-05-08,71922.71,FAILED,DEPOSIT,RS Puram Branch,C4528,Loan Payment
T405938,2,Coimbatore,2025-05-08,95122.52,SUCCESS,WITHDRAWAL,RS Puram Branch,C9056,Bill Payment
T405939,2,Coimbatore,2025-05-08,32571.15,SUCCESS,WITHDRAWAL,RS Puram Branch,C9320,Bill Payment
T405940,2,Coimbatore,2025-05-08,35963.18,SUCCESS,DEPOSIT,RS Puram Branch,C8294,Travel
T405941,2,Coimbatore,2025-05-08,44528.34,FAILED,DEPOSIT,RS Puram Branch,C5639,Others
T405942,2,Coimbatore,2025-05-08,41029.69,FAILED,TRANSFER,RS Puram Branch,C5694,Others
T405943,2,Coimbatore,2025-05-08,48493.22,FAILED,DEPOSIT,RS Puram Branch,C3882,Bill Payment
T405944,2,Coimbatore,2025-05-08,25579.57,SUCCESS,TRANSFER,RS Puram Branch,C5739,Loan Payment
T405945,2,Coimbatore,2025-05-08,76730.32,SUCCESS,TRANSFER,RS Puram Branch,C7560,Education Fees
T405946,2,Coimbatore,2025-05-08,52127.45,SUCCESS,WITHDRAWAL,RS Puram Branch,C2219,Loan Payment
T405947,2,Coimbatore,2025-05-08,90757.83,FAILED,WITHDRAWAL,RS Puram Branch,C1792,Medical Expenses
T405948,2,Coimbatore,2025-05-08,18659.38,FAILED,TRANSFER,RS Puram Branch,C4988,Others
T405949,2,Coimbatore,2025-05-08,94703.75,SUCCESS,DEPOSIT,RS Puram Branch,C5719,Education Fees
T405950,2,Coimbatore,2025-05-08,42932.4,SUCCESS,TRANSFER,RS Puram Branch,C9797,Medical Expenses
T405951,2,Coimbatore,2025-05-08,50981.81,FAILED,WITHDRAWAL,RS Puram Branch,C7614,Loan Payment
T405952,2,Coimbatore,2025-05-08,81335.77,FAILED,WITHDRAWAL,RS Puram Branch,C6166,Loan Payment
T405953,2,Coimbatore,2025-05-08,81957.26,FAILED,TRANSFER,RS Puram Branch,C3067,Bill Payment
T405954,2,Coimbatore,2025-05-08,98102.82,SUCCESS,TRANSFER,RS Puram Branch,C6702,Medical Expenses
T405955,2,Coimbatore,2025-05-08,56741.21,SUCCESS,TRANSFER,RS Puram Branch,C3946,Shopping
T405956,2,Coimbatore,2025-05-08,11158.43,SUCCESS,WITHDRAWAL,RS Puram Branch,C7656,Bill Payment
T405957,2,Coimbatore,2025-05-08,90225.13,FAILED,DEPOSIT,RS Puram Branch,C1757,Loan Payment
T405958,2,Coimbatore,2025-05-08,55852.19,SUCCESS,DEPOSIT,RS Puram Branch,C3259,Education Fees
T405959,2,Coimbatore,2025-05-08,58351.08,SUCCESS,TRANSFER,RS Puram Branch,C3933,Medical Expenses
T405960,2,Coimbatore,2025-05-08,7087.49,FAILED,TRANSFER,RS Puram Branch,C6768,Loan Payment
T405961,2,Coimbatore,2025-05-08,65398.72,FAILED,TRANSFER,RS Puram Branch,C2633,Education Fees
T405962,2,Coimbatore,2025-05-08,75769.77,SUCCESS,DEPOSIT,RS Puram Branch,C8145,Bill Payment
T405963,2,Coimbatore,2025-05-08,84352.17,SUCCESS,DEPOSIT,RS Puram Branch,C2845,Shopping
T405964,2,Coimbatore,2025-05-08,59428.6,FAILED,TRANSFER,RS Puram Branch,C7527,Medical Expenses
T405965,2,Coimbatore,2025-05-08,59242.66,FAILED,WITHDRAWAL,RS Puram Branch,C6999,Shopping
T405966,2,Coimbatore,2025-05-08,14925.92,SUCCESS,TRANSFER,RS Puram Branch,C5272,Travel
T405967,2,Coimbatore,2025-05-08,55486.56,SUCCESS,DEPOSIT,RS Puram Branch,C5630,Shopping
T405968,2,Coimbatore,2025-05-08,91935.86,FAILED,WITHDRAWAL,RS Puram Branch,C4768,Bill Payment
T405969,2,Coimbatore,2025-05-08,51344.12,FAILED,WITHDRAWAL,RS Puram Branch,C9886,Travel
T405970,2,Coimbatore,2025-05-08,90067.1,FAILED,TRANSFER,RS Puram Branch,C1363,Education Fees
T405971,2,Coimbatore,2025-05-08,64944.38,FAILED,TRANSFER,RS Puram Branch,C2729,Shopping
T405972,2,Coimbatore,2025-05-08,13388.35,SUCCESS,TRANSFER,RS Puram Branch,C5137,Education Fees
T405973,2,Coimbatore,2025-05-08,41261.68,SUCCESS,WITHDRAWAL,RS Puram Branch,C7296,Others
T405974,2,Coimbatore,2025-05-08,68132.91,FAILED,DEPOSIT,RS Puram Branch,C5072,Shopping
T405975,2,Coimbatore,2025-05-08,11474.95,FAILED,WITHDRAWAL,RS Puram Branch,C9588,Travel
T405976,2,Coimbatore,2025-05-08,47309.77,SUCCESS,WITHDRAWAL,RS Puram Branch,C7774,Shopping
T405977,2,Coimbatore,2025-05-08,69434.42,SUCCESS,WITHDRAWAL,RS Puram Branch,C7250,Loan Payment
T405978,2,Coimbatore,2025-05-08,99152.29,SUCCESS,TRANSFER,RS Puram Branch,C2072,Others
T405979,2,Coimbatore,2025-05-08,30584.57,FAILED,TRANSFER,RS Puram Branch,C3358,Bill Payment
T405980,2,Coimbatore,2025-05-08,74333.12,SUCCESS,WITHDRAWAL,RS Puram Branch,C5182,Travel
T405981,2,Coimbatore,2025-05-08,28882.95,FAILED,DEPOSIT,RS Puram Branch,C2974,Bill Payment
T405982,2,Coimbatore,2025-05-08,56662.2,FAILED,TRANSFER,RS Puram Branch,C3050,Medical Expenses
T405983,2,Coimbatore,2025-05-08,98704.61,FAILED,WITHDRAWAL,RS Puram Branch,C2347,Others
T405984,2,Coimbatore,2025-05-08,33854.19,FAILED,WITHDRAWAL,RS Puram Branch,C9841,Travel
T405985,2,Coimbatore,2025-05-08,99546.73,SUCCESS,TRANSFER,RS Puram Branch,C7911,Medical Expenses
T405986,2,Coimbatore,2025-05-08,98939.49,FAILED,TRANSFER,RS Puram Branch,C6157,Travel
T405987,2,Coimbatore,2025-05-08,64066.18,FAILED,WITHDRAWAL,RS Puram Branch,C1607,Others
T405988,2,Coimbatore,2025-05-08,56702.64,FAILED,TRANSFER,RS Puram Branch,C7305,Loan Payment
T405989,2,Coimbatore,2025-05-08,90472.38,FAILED,DEPOSIT,RS Puram Branch,C3471,Travel
T405990,2,Coimbatore,2025-05-08,8804.38,SUCCESS,TRANSFER,RS Puram Branch,C8112,Others
T405991,2,Coimbatore,2025-05-08,81018.03,SUCCESS,TRANSFER,RS Puram Branch,C1021,Loan Payment
T405992,2,Coimbatore,2025-05-08,31548.64,FAILED,DEPOSIT,RS Puram Branch,C1926,Shopping
T405993,2,Coimbatore,2025-05-08,48909.48,SUCCESS,TRANSFER,RS Puram Branch,C3249,Medical Expenses
T405994,2,Coimbatore,2025-05-08,16979.45,FAILED,WITHDRAWAL,RS Puram Branch,C2961,Medical Expenses
T405995,2,Coimbatore,2025-05-08,48130.02,SUCCESS,TRANSFER,RS Puram Branch,C2694,Medical Expenses
T405996,2,Coimbatore,2025-05-08,89973.62,SUCCESS,TRANSFER,RS Puram Branch,C1963,Others
T405997,2,Coimbatore,2025-05-08,25552.33,SUCCESS,WITHDRAWAL,RS Puram Branch,C1668,Medical Expenses
T405998,2,Coimbatore,2025-05-08,2644.63,SUCCESS,WITHDRAWAL,RS Puram Branch,C3269,Bill Payment
T405999,2,Coimbatore,2025-05-08,50066.78,SUCCESS,WITHDRAWAL,RS Puram Branch,C2484,Medical Expenses
T406000,2,Coimbatore,2025-05-08,83041.82,SUCCESS,WITHDRAWAL,RS Puram Branch,C2707,Travel
T406001,2,Coimbatore,2025-05-08,34925.29,FAILED,DEPOSIT,RS Puram Branch,C1000,Bill Payment
T406002,2,Coimbatore,2025-05-08,40581.14,SUCCESS,DEPOSIT,RS Puram Branch,C8638,Travel
T406003,2,Coimbatore,2025-05-08,24616.66,FAILED,DEPOSIT,RS Puram Branch,C7308,Shopping
T406004,2,Coimbatore,2025-05-07,60441.6,FAILED,TRANSFER,RS Puram Branch,C5425,Loan Payment
T406005,2,Coimbatore,2025-05-07,98121.17,FAILED,TRANSFER,RS Puram Branch,C1930,Education Fees
T406006,2,Coimbatore,2025-05-07,97419.94,SUCCESS,TRANSFER,RS Puram Branch,C6130,Education Fees
T406007,2,Coimbatore,2025-05-07,34338.28,FAILED,DEPOSIT,RS Puram Branch,C6843,Others
T406008,2,Coimbatore,2025-05-07,25873.72,SUCCESS,TRANSFER,RS Puram Branch,C1870,Bill Payment
T406009,2,Coimbatore,2025-05-07,69562.92,FAILED,DEPOSIT,RS Puram Branch,C9470,Medical Expenses
T406010,2,Coimbatore,2025-05-07,20921.44,FAILED,DEPOSIT,RS Puram Branch,C6425,Others
T406011,2,Coimbatore,2025-05-07,86176.83,FAILED,WITHDRAWAL,RS Puram Branch,C7833,Travel
T406012,2,Coimbatore,2025-05-07,71502.78,SUCCESS,WITHDRAWAL,RS Puram Branch,C2150,Education Fees
T406013,2,Coimbatore,2025-05-07,32183.95,FAILED,TRANSFER,RS Puram Branch,C8508,Travel
T406014,2,Coimbatore,2025-05-07,35166.07,SUCCESS,TRANSFER,RS Puram Branch,C2354,Loan Payment
T406015,2,Coimbatore,2025-05-07,5479.42,FAILED,WITHDRAWAL,RS Puram Branch,C5731,Medical Expenses
T406016,2,Coimbatore,2025-05-07,15523.29,FAILED,WITHDRAWAL,RS Puram Branch,C6680,Others
T406017,2,Coimbatore,2025-05-07,57904.39,SUCCESS,TRANSFER,RS Puram Branch,C5434,Bill Payment
T406018,2,Coimbatore,2025-05-07,26005.18,FAILED,WITHDRAWAL,RS Puram Branch,C6651,Bill Payment
T406019,2,Coimbatore,2025-05-07,8073.15,FAILED,DEPOSIT,RS Puram Branch,C2729,Others
T406020,2,Coimbatore,2025-05-07,67699.68,SUCCESS,TRANSFER,RS Puram Branch,C4532,Shopping
T406021,2,Coimbatore,2025-05-07,5099.25,FAILED,TRANSFER,RS Puram Branch,C1375,Bill Payment
T406022,2,Coimbatore,2025-05-07,23851.75,FAILED,WITHDRAWAL,RS Puram Branch,C2823,Education Fees
T406023,2,Coimbatore,2025-05-07,73764.86,SUCCESS,WITHDRAWAL,RS Puram Branch,C1910,Shopping
T406024,2,Coimbatore,2025-05-07,83259.37,SUCCESS,DEPOSIT,RS Puram Branch,C6901,Education Fees
T406025,2,Coimbatore,2025-05-07,61352.2,FAILED,TRANSFER,RS Puram Branch,C9291,Education Fees
T406026,2,Coimbatore,2025-05-07,85691.66,SUCCESS,DEPOSIT,RS Puram Branch,C6273,Others
T406027,2,Coimbatore,2025-05-07,92739.99,SUCCESS,TRANSFER,RS Puram Branch,C3742,Education Fees
T406028,2,Coimbatore,2025-05-07,1514.12,FAILED,TRANSFER,RS Puram Branch,C4781,Bill Payment
T406029,2,Coimbatore,2025-05-07,12645.36,SUCCESS,TRANSFER,RS Puram Branch,C5271,Others
T406030,2,Coimbatore,2025-05-07,2099.06,SUCCESS,TRANSFER,RS Puram Branch,C8187,Bill Payment
T406031,2,Coimbatore,2025-05-07,25452.43,SUCCESS,DEPOSIT,RS Puram Branch,C9210,Loan Payment
T406032,2,Coimbatore,2025-05-07,86675.69,FAILED,DEPOSIT,RS Puram Branch,C3354,Travel
T406033,2,Coimbatore,2025-05-07,80771.0,FAILED,DEPOSIT,RS Puram Branch,C9850,Shopping
T406034,2,Coimbatore,2025-05-07,90898.37,FAILED,WITHDRAWAL,RS Puram Branch,C1992,Bill Payment
T406035,2,Coimbatore,2025-05-07,37281.28,FAILED,WITHDRAWAL,RS Puram Branch,C8878,Travel
T406036,2,Coimbatore,2025-05-07,39666.28,FAILED,TRANSFER,RS Puram Branch,C3424,Education Fees
T406037,2,Coimbatore,2025-05-07,27135.16,SUCCESS,WITHDRAWAL,RS Puram Branch,C7124,Bill Payment
T406038,2,Coimbatore,2025-05-07,34390.34,FAILED,WITHDRAWAL,RS Puram Branch,C9209,Shopping
T406039,2,Coimbatore,2025-05-07,13663.7,FAILED,DEPOSIT,RS Puram Branch,C7299,Education Fees
T406040,2,Coimbatore,2025-05-07,97095.55,SUCCESS,WITHDRAWAL,RS Puram Branch,C7941,Others
T406041,2,Coimbatore,2025-05-07,43860.19,FAILED,DEPOSIT,RS Puram Branch,C4419,Travel
T406042,2,Coimbatore,2025-05-07,27516.46,SUCCESS,TRANSFER,RS Puram Branch,C9834,Others
T406043,2,Coimbatore,2025-05-07,19033.03,FAILED,DEPOSIT,RS Puram Branch,C2843,Bill Payment
T406044,2,Coimbatore,2025-05-07,12937.05,SUCCESS,WITHDRAWAL,RS Puram Branch,C2504,Bill Payment
T406045,2,Coimbatore,2025-05-07,8863.18,SUCCESS,TRANSFER,RS Puram Branch,C1122,Education Fees
T406046,2,Coimbatore,2025-05-07,95855.5,FAILED,DEPOSIT,RS Puram Branch,C3980,Loan Payment
T406047,2,Coimbatore,2025-05-07,108.43,FAILED,DEPOSIT,RS Puram Branch,C9575,Medical Expenses
T406048,2,Coimbatore,2025-05-07,67385.9,FAILED,TRANSFER,RS Puram Branch,C7331,Education Fees
T406049,2,Coimbatore,2025-05-07,88310.11,FAILED,WITHDRAWAL,RS Puram Branch,C7895,Medical Expenses
T406050,2,Coimbatore,2025-05-07,52003.08,FAILED,WITHDRAWAL,RS Puram Branch,C8862,Loan Payment
T406051,2,Coimbatore,2025-05-07,83908.45,SUCCESS,WITHDRAWAL,RS Puram Branch,C3881,Education Fees
T406052,2,Coimbatore,2025-05-07,90899.53,SUCCESS,WITHDRAWAL,RS Puram Branch,C9684,Loan Payment
T406053,2,Coimbatore,2025-05-07,53392.63,FAILED,TRANSFER,RS Puram Branch,C8358,Bill Payment
T406054,2,Coimbatore,2025-05-07,46980.97,SUCCESS,TRANSFER,RS Puram Branch,C3413,Bill Payment
T406055,2,Coimbatore,2025-05-07,82083.31,FAILED,TRANSFER,RS Puram Branch,C8024,Bill Payment
T406056,2,Coimbatore,2025-05-07,27790.47,FAILED,DEPOSIT,RS Puram Branch,C1934,Medical Expenses
T406057,2,Coimbatore,2025-05-07,56951.5,SUCCESS,TRANSFER,RS Puram Branch,C1703,Others
T406058,2,Coimbatore,2025-05-07,73379.16,FAILED,DEPOSIT,RS Puram Branch,C4461,Bill Payment
T406059,2,Coimbatore,2025-05-07,30668.17,FAILED,WITHDRAWAL,RS Puram Branch,C5186,Education Fees
T406060,2,Coimbatore,2025-05-07,1519.46,SUCCESS,WITHDRAWAL,RS Puram Branch,C6194,Bill Payment
T406061,2,Coimbatore,2025-05-07,29463.97,SUCCESS,DEPOSIT,RS Puram Branch,C5156,Travel
T406062,2,Coimbatore,2025-05-07,91164.67,FAILED,TRANSFER,RS Puram Branch,C2064,Others
T406063,2,Coimbatore,2025-05-06,17302.06,FAILED,WITHDRAWAL,RS Puram Branch,C8291,Others
T406064,2,Coimbatore,2025-05-06,68094.1,SUCCESS,DEPOSIT,RS Puram Branch,C6747,Shopping
T406065,2,Coimbatore,2025-05-06,78584.26,FAILED,WITHDRAWAL,RS Puram Branch,C5282,Bill Payment
T406066,2,Coimbatore,2025-05-06,69617.13,SUCCESS,DEPOSIT,RS Puram Branch,C7631,Others
T406067,2,Coimbatore,2025-05-06,34877.01,SUCCESS,TRANSFER,RS Puram Branch,C3403,Medical Expenses
T406068,2,Coimbatore,2025-05-06,48624.88,FAILED,WITHDRAWAL,RS Puram Branch,C1638,Shopping
T406069,2,Coimbatore,2025-05-06,56519.95,FAILED,DEPOSIT,RS Puram Branch,C1160,Travel
T406070,2,Coimbatore,2025-05-06,20108.7,SUCCESS,WITHDRAWAL,RS Puram Branch,C6069,Education Fees
T406071,2,Coimbatore,2025-05-06,9174.52,FAILED,TRANSFER,RS Puram Branch,C6676,Bill Payment
T406072,2,Coimbatore,2025-05-06,41887.02,SUCCESS,WITHDRAWAL,RS Puram Branch,C2356,Loan Payment
T406073,2,Coimbatore,2025-05-06,32741.36,FAILED,TRANSFER,RS Puram Branch,C6456,Loan Payment
T406074,2,Coimbatore,2025-05-06,50153.81,SUCCESS,WITHDRAWAL,RS Puram Branch,C3939,Medical Expenses
T406075,2,Coimbatore,2025-05-06,30575.21,FAILED,DEPOSIT,RS Puram Branch,C6576,Education Fees
T406076,2,Coimbatore,2025-05-06,93416.67,FAILED,TRANSFER,RS Puram Branch,C2051,Medical Expenses
T406077,2,Coimbatore,2025-05-06,38698.97,FAILED,WITHDRAWAL,RS Puram Branch,C5312,Medical Expenses
T406078,2,Coimbatore,2025-05-06,15156.93,FAILED,WITHDRAWAL,RS Puram Branch,C5902,Others
T406079,2,Coimbatore,2025-05-06,38039.72,FAILED,WITHDRAWAL,RS Puram Branch,C9533,Education Fees
T406080,2,Coimbatore,2025-05-06,59056.53,FAILED,DEPOSIT,RS Puram Branch,C9884,Medical Expenses
T406081,2,Coimbatore,2025-05-06,11386.06,FAILED,WITHDRAWAL,RS Puram Branch,C7409,Shopping
T406082,2,Coimbatore,2025-05-06,11027.46,SUCCESS,TRANSFER,RS Puram Branch,C9722,Shopping
T406083,2,Coimbatore,2025-05-06,86760.73,SUCCESS,TRANSFER,RS Puram Branch,C7969,Loan Payment
T406084,2,Coimbatore,2025-05-06,50843.87,FAILED,TRANSFER,RS Puram Branch,C7634,Travel
T406085,2,Coimbatore,2025-05-06,74966.64,FAILED,DEPOSIT,RS Puram Branch,C8950,Education Fees
T406086,2,Coimbatore,2025-05-06,42554.97,SUCCESS,WITHDRAWAL,RS Puram Branch,C3618,Education Fees
T406087,2,Coimbatore,2025-05-06,98555.4,FAILED,WITHDRAWAL,RS Puram Branch,C4695,Travel
T406088,2,Coimbatore,2025-05-06,69516.93,FAILED,WITHDRAWAL,RS Puram Branch,C7598,Education Fees
T406089,2,Coimbatore,2025-05-06,95262.82,FAILED,TRANSFER,RS Puram Branch,C6204,Medical Expenses
T406090,2,Coimbatore,2025-05-06,19819.35,FAILED,TRANSFER,RS Puram Branch,C2537,Shopping
T406091,2,Coimbatore,2025-05-06,82368.26,SUCCESS,TRANSFER,RS Puram Branch,C6537,Shopping
T406092,2,Coimbatore,2025-05-06,59058.24,SUCCESS,TRANSFER,RS Puram Branch,C6339,Medical Expenses
T406093,2,Coimbatore,2025-05-06,85822.73,FAILED,TRANSFER,RS Puram Branch,C8805,Education Fees
T406094,2,Coimbatore,2025-05-06,66365.16,SUCCESS,DEPOSIT,RS Puram Branch,C1066,Bill Payment
T406095,2,Coimbatore,2025-05-06,439.33,FAILED,TRANSFER,RS Puram Branch,C1765,Loan Payment
T406096,2,Coimbatore,2025-05-06,97797.13,FAILED,WITHDRAWAL,RS Puram Branch,C9528,Bill Payment
T406097,2,Coimbatore,2025-05-06,40256.04,SUCCESS,TRANSFER,RS Puram Branch,C9307,Education Fees
T406098,2,Coimbatore,2025-05-06,16005.65,SUCCESS,WITHDRAWAL,RS Puram Branch,C5003,Education Fees
T406099,2,Coimbatore,2025-05-06,29091.84,SUCCESS,DEPOSIT,RS Puram Branch,C4248,Loan Payment
T406100,2,Coimbatore,2025-05-06,66867.82,SUCCESS,TRANSFER,RS Puram Branch,C3198,Travel
T406101,2,Coimbatore,2025-05-06,90529.8,SUCCESS,TRANSFER,RS Puram Branch,C2311,Education Fees
T406102,2,Coimbatore,2025-05-06,24067.18,FAILED,TRANSFER,RS Puram Branch,C5710,Bill Payment
T406103,2,Coimbatore,2025-05-06,5590.08,FAILED,WITHDRAWAL,RS Puram Branch,C1525,Medical Expenses
T406104,2,Coimbatore,2025-05-06,87967.91,FAILED,DEPOSIT,RS Puram Branch,C7122,Bill Payment
T406105,2,Coimbatore,2025-05-06,27985.84,SUCCESS,WITHDRAWAL,RS Puram Branch,C6967,Medical Expenses
T406106,2,Coimbatore,2025-05-06,75287.44,SUCCESS,DEPOSIT,RS Puram Branch,C3133,Education Fees
T406107,2,Coimbatore,2025-05-06,56359.39,FAILED,DEPOSIT,RS Puram Branch,C9982,Others
T406108,2,Coimbatore,2025-05-06,50338.81,FAILED,WITHDRAWAL,RS Puram Branch,C6935,Shopping
T406109,2,Coimbatore,2025-05-06,91822.24,FAILED,WITHDRAWAL,RS Puram Branch,C2365,Travel
T406110,2,Coimbatore,2025-05-06,77790.86,SUCCESS,TRANSFER,RS Puram Branch,C8557,Travel
T406111,2,Coimbatore,2025-05-06,71481.36,SUCCESS,DEPOSIT,RS Puram Branch,C4482,Others
T406112,2,Coimbatore,2025-05-06,55743.41,SUCCESS,DEPOSIT,RS Puram Branch,C2524,Loan Payment
T406113,2,Coimbatore,2025-05-06,17862.62,FAILED,DEPOSIT,RS Puram Branch,C1284,Shopping
T406114,2,Coimbatore,2025-05-06,35027.57,FAILED,DEPOSIT,RS Puram Branch,C8285,Loan Payment
T406115,2,Coimbatore,2025-05-06,28648.18,SUCCESS,TRANSFER,RS Puram Branch,C6854,Travel
T406116,2,Coimbatore,2025-05-06,64396.49,FAILED,DEPOSIT,RS Puram Branch,C6818,Medical Expenses
T406117,2,Coimbatore,2025-05-06,44011.19,SUCCESS,WITHDRAWAL,RS Puram Branch,C6662,Loan Payment
T406118,2,Coimbatore,2025-05-06,79240.52,FAILED,WITHDRAWAL,RS Puram Branch,C8214,Shopping
T406119,2,Coimbatore,2025-05-06,98839.87,SUCCESS,WITHDRAWAL,RS Puram Branch,C3098,Others
T406120,2,Coimbatore,2025-05-06,9986.28,FAILED,TRANSFER,RS Puram Branch,C9233,Education Fees
T406121,2,Coimbatore,2025-05-06,17351.47,SUCCESS,DEPOSIT,RS Puram Branch,C6424,Loan Payment
T406122,2,Coimbatore,2025-05-06,71628.77,SUCCESS,TRANSFER,RS Puram Branch,C9454,Travel
T406123,2,Coimbatore,2025-05-05,25129.54,SUCCESS,TRANSFER,RS Puram Branch,C7241,Bill Payment
T406124,2,Coimbatore,2025-05-05,77589.02,FAILED,TRANSFER,RS Puram Branch,C3191,Travel
T406125,2,Coimbatore,2025-05-05,97761.99,FAILED,DEPOSIT,RS Puram Branch,C6592,Shopping
T406126,2,Coimbatore,2025-05-05,52175.59,SUCCESS,DEPOSIT,RS Puram Branch,C5144,Others
T406127,2,Coimbatore,2025-05-05,89883.65,SUCCESS,WITHDRAWAL,RS Puram Branch,C3761,Others
T406128,2,Coimbatore,2025-05-05,98591.97,FAILED,DEPOSIT,RS Puram Branch,C8603,Education Fees
T406129,2,Coimbatore,2025-05-05,71233.85,SUCCESS,DEPOSIT,RS Puram Branch,C8260,Loan Payment
T406130,2,Coimbatore,2025-05-05,5237.57,FAILED,WITHDRAWAL,RS Puram Branch,C8173,Education Fees
T406131,2,Coimbatore,2025-05-05,57084.8,FAILED,TRANSFER,RS Puram Branch,C6351,Loan Payment
T406132,2,Coimbatore,2025-05-05,49632.81,FAILED,WITHDRAWAL,RS Puram Branch,C6044,Others
T406133,2,Coimbatore,2025-05-05,59766.83,FAILED,WITHDRAWAL,RS Puram Branch,C2132,Loan Payment
T406134,2,Coimbatore,2025-05-05,34732.0,FAILED,DEPOSIT,RS Puram Branch,C3727,Education Fees
T406135,2,Coimbatore,2025-05-05,53006.07,SUCCESS,WITHDRAWAL,RS Puram Branch,C6983,Medical Expenses
T406136,2,Coimbatore,2025-05-05,26351.2,FAILED,WITHDRAWAL,RS Puram Branch,C6365,Shopping
T406137,2,Coimbatore,2025-05-05,76116.19,FAILED,TRANSFER,RS Puram Branch,C7789,Bill Payment
T406138,2,Coimbatore,2025-05-05,3665.15,FAILED,DEPOSIT,RS Puram Branch,C3372,Travel
T406139,2,Coimbatore,2025-05-05,99069.11,SUCCESS,TRANSFER,RS Puram Branch,C8005,Education Fees
T406140,2,Coimbatore,2025-05-05,44457.89,SUCCESS,DEPOSIT,RS Puram Branch,C7201,Medical Expenses
T406141,2,Coimbatore,2025-05-05,21737.4,SUCCESS,WITHDRAWAL,RS Puram Branch,C7227,Travel
T406142,2,Coimbatore,2025-05-05,73428.57,SUCCESS,WITHDRAWAL,RS Puram Branch,C1995,Education Fees
T406143,2,Coimbatore,2025-05-05,73974.8,SUCCESS,WITHDRAWAL,RS Puram Branch,C4684,Others
T406144,2,Coimbatore,2025-05-05,99930.88,FAILED,DEPOSIT,RS Puram Branch,C7578,Education Fees
T406145,2,Coimbatore,2025-05-05,77967.88,SUCCESS,DEPOSIT,RS Puram Branch,C7236,Education Fees
T406146,2,Coimbatore,2025-05-05,51150.31,FAILED,WITHDRAWAL,RS Puram Branch,C4168,Loan Payment
T406147,2,Coimbatore,2025-05-05,11109.1,SUCCESS,DEPOSIT,RS Puram Branch,C9511,Loan Payment
T406148,2,Coimbatore,2025-05-05,88865.39,FAILED,TRANSFER,RS Puram Branch,C3595,Shopping
T406149,2,Coimbatore,2025-05-05,56558.83,FAILED,DEPOSIT,RS Puram Branch,C7426,Shopping
T406150,2,Coimbatore,2025-05-05,64384.52,SUCCESS,WITHDRAWAL,RS Puram Branch,C5013,Shopping
T406151,2,Coimbatore,2025-05-05,91282.37,SUCCESS,DEPOSIT,RS Puram Branch,C2487,Education Fees
T406152,2,Coimbatore,2025-05-05,42225.63,FAILED,DEPOSIT,RS Puram Branch,C8801,Shopping
T406153,2,Coimbatore,2025-05-05,43912.56,FAILED,WITHDRAWAL,RS Puram Branch,C8757,Medical Expenses
T406154,2,Coimbatore,2025-05-05,77767.1,SUCCESS,DEPOSIT,RS Puram Branch,C7803,Bill Payment
T406155,2,Coimbatore,2025-05-05,67162.24,FAILED,TRANSFER,RS Puram Branch,C3397,Travel
T406156,2,Coimbatore,2025-05-05,63703.29,SUCCESS,DEPOSIT,RS Puram Branch,C2039,Shopping
T406157,2,Coimbatore,2025-05-05,47366.95,FAILED,DEPOSIT,RS Puram Branch,C9020,Others
T406158,2,Coimbatore,2025-05-05,30963.53,FAILED,DEPOSIT,RS Puram Branch,C6199,Medical Expenses
T406159,2,Coimbatore,2025-05-05,21914.82,SUCCESS,DEPOSIT,RS Puram Branch,C3100,Shopping
T406160,2,Coimbatore,2025-05-05,54498.48,SUCCESS,TRANSFER,RS Puram Branch,C9968,Education Fees
T406161,2,Coimbatore,2025-05-05,48073.19,FAILED,DEPOSIT,RS Puram Branch,C5271,Loan Payment
T406162,2,Coimbatore,2025-05-05,93830.95,SUCCESS,TRANSFER,RS Puram Branch,C4010,Others
T406163,2,Coimbatore,2025-05-05,16665.83,SUCCESS,TRANSFER,RS Puram Branch,C5920,Medical Expenses
T406164,2,Coimbatore,2025-05-05,82809.43,FAILED,TRANSFER,RS Puram Branch,C1692,Others
T406165,2,Coimbatore,2025-05-05,89881.11,FAILED,WITHDRAWAL,RS Puram Branch,C5406,Medical Expenses
T406166,2,Coimbatore,2025-05-05,23696.97,FAILED,TRANSFER,RS Puram Branch,C3369,Bill Payment
T406167,2,Coimbatore,2025-05-05,53637.56,SUCCESS,WITHDRAWAL,RS Puram Branch,C2023,Education Fees
T406168,2,Coimbatore,2025-05-05,23227.04,FAILED,WITHDRAWAL,RS Puram Branch,C6177,Education Fees
T406169,2,Coimbatore,2025-05-05,28858.31,SUCCESS,DEPOSIT,RS Puram Branch,C2619,Bill Payment
T406170,2,Coimbatore,2025-05-05,37267.62,FAILED,WITHDRAWAL,RS Puram Branch,C3597,Loan Payment
T406171,2,Coimbatore,2025-05-05,88522.37,SUCCESS,DEPOSIT,RS Puram Branch,C2363,Others
T406172,2,Coimbatore,2025-05-05,96775.06,SUCCESS,DEPOSIT,RS Puram Branch,C9900,Bill Payment
T406173,2,Coimbatore,2025-05-05,62642.2,SUCCESS,TRANSFER,RS Puram Branch,C6672,Bill Payment
T406174,2,Coimbatore,2025-05-05,11710.44,SUCCESS,WITHDRAWAL,RS Puram Branch,C8670,Others
T406175,2,Coimbatore,2025-05-05,70684.24,FAILED,DEPOSIT,RS Puram Branch,C4666,Others
T406176,2,Coimbatore,2025-05-05,9346.52,SUCCESS,WITHDRAWAL,RS Puram Branch,C6144,Loan Payment
T406177,2,Coimbatore,2025-05-05,20627.31,FAILED,WITHDRAWAL,RS Puram Branch,C5312,Others
T406178,2,Coimbatore,2025-05-05,84797.88,FAILED,WITHDRAWAL,RS Puram Branch,C3465,Bill Payment
T406179,2,Coimbatore,2025-05-05,97335.8,FAILED,TRANSFER,RS Puram Branch,C4909,Education Fees
T406180,2,Coimbatore,2025-05-05,93675.28,FAILED,WITHDRAWAL,RS Puram Branch,C2814,Education Fees
T406181,2,Coimbatore,2025-05-05,40674.41,SUCCESS,WITHDRAWAL,RS Puram Branch,C9144,Shopping
T406182,2,Coimbatore,2025-05-05,15963.88,FAILED,DEPOSIT,RS Puram Branch,C4171,Shopping
T406183,2,Coimbatore,2025-05-05,46375.97,SUCCESS,TRANSFER,RS Puram Branch,C5147,Others
T406184,2,Coimbatore,2025-05-05,83662.88,SUCCESS,DEPOSIT,RS Puram Branch,C1749,Medical Expenses
T406185,2,Coimbatore,2025-05-05,61402.82,FAILED,TRANSFER,RS Puram Branch,C3440,Others
T406186,2,Coimbatore,2025-05-05,40765.7,SUCCESS,WITHDRAWAL,RS Puram Branch,C3824,Travel
T406187,2,Coimbatore,2025-05-05,17512.76,FAILED,WITHDRAWAL,RS Puram Branch,C5903,Education Fees
T406188,2,Coimbatore,2025-05-05,29120.51,FAILED,TRANSFER,RS Puram Branch,C5591,Medical Expenses
T406189,2,Coimbatore,2025-05-05,90292.22,FAILED,DEPOSIT,RS Puram Branch,C5971,Bill Payment
T406190,2,Coimbatore,2025-05-05,53512.47,FAILED,WITHDRAWAL,RS Puram Branch,C8368,Travel
T406191,2,Coimbatore,2025-05-05,16579.59,SUCCESS,DEPOSIT,RS Puram Branch,C6775,Bill Payment
T406192,2,Coimbatore,2025-05-05,20642.44,SUCCESS,TRANSFER,RS Puram Branch,C8647,Travel
T406193,2,Coimbatore,2025-05-05,83493.76,FAILED,WITHDRAWAL,RS Puram Branch,C5827,Shopping
T406194,2,Coimbatore,2025-05-05,75779.4,SUCCESS,TRANSFER,RS Puram Branch,C4578,Travel
T406195,2,Coimbatore,2025-05-05,78999.48,FAILED,DEPOSIT,RS Puram Branch,C3345,Medical Expenses
T406196,2,Coimbatore,2025-05-05,77249.03,FAILED,WITHDRAWAL,RS Puram Branch,C7181,Education Fees
T406197,2,Coimbatore,2025-05-05,58643.57,SUCCESS,TRANSFER,RS Puram Branch,C1830,Others
T406198,2,Coimbatore,2025-05-05,96030.79,FAILED,WITHDRAWAL,RS Puram Branch,C3945,Medical Expenses
T406199,2,Coimbatore,2025-05-05,27863.55,SUCCESS,TRANSFER,RS Puram Branch,C4302,Travel
T406200,2,Coimbatore,2025-05-05,43266.61,FAILED,DEPOSIT,RS Puram Branch,C1686,Shopping
T406201,2,Coimbatore,2025-05-05,41574.28,SUCCESS,DEPOSIT,RS Puram Branch,C2973,Bill Payment
T406202,2,Coimbatore,2025-05-05,521.2,SUCCESS,TRANSFER,RS Puram Branch,C5267,Shopping
T406203,2,Coimbatore,2025-05-05,99028.29,SUCCESS,DEPOSIT,RS Puram Branch,C8518,Loan Payment
T406204,2,Coimbatore,2025-05-05,94131.13,FAILED,DEPOSIT,RS Puram Branch,C1391,Others
T406205,2,Coimbatore,2025-05-05,21997.82,FAILED,WITHDRAWAL,RS Puram Branch,C5526,Bill Payment
T406206,2,Coimbatore,2025-05-05,34263.59,FAILED,WITHDRAWAL,RS Puram Branch,C8149,Travel
T406207,2,Coimbatore,2025-05-05,77521.32,FAILED,DEPOSIT,RS Puram Branch,C4168,Shopping
T406208,2,Coimbatore,2025-05-05,35570.0,FAILED,TRANSFER,RS Puram Branch,C1855,Travel
T406209,2,Coimbatore,2025-05-05,22859.96,FAILED,WITHDRAWAL,RS Puram Branch,C4022,Bill Payment
T406210,2,Coimbatore,2025-05-05,13551.99,FAILED,WITHDRAWAL,RS Puram Branch,C2140,Shopping
T406211,2,Coimbatore,2025-05-05,55141.62,SUCCESS,WITHDRAWAL,RS Puram Branch,C9805,Education Fees
T406212,2,Coimbatore,2025-05-05,15826.11,SUCCESS,TRANSFER,RS Puram Branch,C7160,Education Fees
T406213,2,Coimbatore,2025-05-05,49331.27,SUCCESS,WITHDRAWAL,RS Puram Branch,C4038,Education Fees
T406214,2,Coimbatore,2025-05-05,54759.04,FAILED,WITHDRAWAL,RS Puram Branch,C7833,Shopping
T406215,2,Coimbatore,2025-05-05,94551.82,FAILED,DEPOSIT,RS Puram Branch,C4628,Bill Payment
T406216,2,Coimbatore,2025-05-05,27931.73,SUCCESS,WITHDRAWAL,RS Puram Branch,C1444,Medical Expenses
T406217,2,Coimbatore,2025-05-05,20812.14,SUCCESS,WITHDRAWAL,RS Puram Branch,C2715,Shopping
T406218,2,Coimbatore,2025-05-04,45261.4,SUCCESS,TRANSFER,RS Puram Branch,C6725,Loan Payment
T406219,2,Coimbatore,2025-05-04,54544.47,SUCCESS,WITHDRAWAL,RS Puram Branch,C9875,Education Fees
T406220,2,Coimbatore,2025-05-04,75497.57,FAILED,WITHDRAWAL,RS Puram Branch,C7412,Shopping
T406221,2,Coimbatore,2025-05-04,78130.39,SUCCESS,DEPOSIT,RS Puram Branch,C6046,Others
T406222,2,Coimbatore,2025-05-04,56476.04,FAILED,TRANSFER,RS Puram Branch,C9643,Shopping
T406223,2,Coimbatore,2025-05-04,83006.59,FAILED,DEPOSIT,RS Puram Branch,C3026,Medical Expenses
T406224,2,Coimbatore,2025-05-04,70474.95,FAILED,TRANSFER,RS Puram Branch,C3179,Travel
T406225,2,Coimbatore,2025-05-04,43829.82,SUCCESS,TRANSFER,RS Puram Branch,C8496,Others
T406226,2,Coimbatore,2025-05-04,87180.57,SUCCESS,DEPOSIT,RS Puram Branch,C5789,Loan Payment
T406227,2,Coimbatore,2025-05-04,98288.74,FAILED,DEPOSIT,RS Puram Branch,C3662,Others
T406228,2,Coimbatore,2025-05-04,77462.37,FAILED,TRANSFER,RS Puram Branch,C1119,Loan Payment
T406229,2,Coimbatore,2025-05-04,11046.84,FAILED,TRANSFER,RS Puram Branch,C1220,Bill Payment
T406230,2,Coimbatore,2025-05-04,84512.31,FAILED,WITHDRAWAL,RS Puram Branch,C5224,Medical Expenses
T406231,2,Coimbatore,2025-05-04,72861.91,FAILED,WITHDRAWAL,RS Puram Branch,C8737,Others
T406232,2,Coimbatore,2025-05-04,90126.11,SUCCESS,TRANSFER,RS Puram Branch,C8415,Loan Payment
T406233,2,Coimbatore,2025-05-04,55985.71,SUCCESS,TRANSFER,RS Puram Branch,C5948,Travel
T406234,2,Coimbatore,2025-05-04,39769.1,FAILED,DEPOSIT,RS Puram Branch,C1671,Travel
T406235,2,Coimbatore,2025-05-04,296.51,FAILED,DEPOSIT,RS Puram Branch,C9175,Education Fees
T406236,2,Coimbatore,2025-05-04,861.27,SUCCESS,TRANSFER,RS Puram Branch,C9543,Loan Payment
T406237,2,Coimbatore,2025-05-04,17315.7,FAILED,TRANSFER,RS Puram Branch,C7821,Medical Expenses
T406238,2,Coimbatore,2025-05-04,21546.39,SUCCESS,TRANSFER,RS Puram Branch,C5578,Medical Expenses
T406239,2,Coimbatore,2025-05-04,2457.86,SUCCESS,TRANSFER,RS Puram Branch,C5183,Bill Payment
T406240,2,Coimbatore,2025-05-04,52808.52,SUCCESS,TRANSFER,RS Puram Branch,C2238,Loan Payment
T406241,2,Coimbatore,2025-05-04,13696.55,SUCCESS,WITHDRAWAL,RS Puram Branch,C4255,Medical Expenses
T406242,2,Coimbatore,2025-05-04,77097.84,FAILED,TRANSFER,RS Puram Branch,C1568,Medical Expenses
T406243,2,Coimbatore,2025-05-04,45181.59,SUCCESS,WITHDRAWAL,RS Puram Branch,C6747,Loan Payment
T406244,2,Coimbatore,2025-05-04,32332.55,FAILED,DEPOSIT,RS Puram Branch,C7359,Medical Expenses
T406245,2,Coimbatore,2025-05-04,78947.54,FAILED,WITHDRAWAL,RS Puram Branch,C5161,Travel
T406246,2,Coimbatore,2025-05-04,74680.06,SUCCESS,DEPOSIT,RS Puram Branch,C7615,Bill Payment
T406247,2,Coimbatore,2025-05-04,53665.94,FAILED,DEPOSIT,RS Puram Branch,C4513,Loan Payment
T406248,2,Coimbatore,2025-05-04,90809.29,FAILED,TRANSFER,RS Puram Branch,C5191,Shopping
T406249,2,Coimbatore,2025-05-04,9499.05,FAILED,DEPOSIT,RS Puram Branch,C7702,Others
T406250,2,Coimbatore,2025-05-04,63546.27,FAILED,TRANSFER,RS Puram Branch,C1054,Travel
T406251,2,Coimbatore,2025-05-04,90432.61,FAILED,WITHDRAWAL,RS Puram Branch,C5524,Others
T406252,2,Coimbatore,2025-05-04,34862.48,FAILED,DEPOSIT,RS Puram Branch,C8726,Loan Payment
T406253,2,Coimbatore,2025-05-04,23456.33,FAILED,TRANSFER,RS Puram Branch,C5941,Bill Payment
T406254,2,Coimbatore,2025-05-04,60220.05,FAILED,DEPOSIT,RS Puram Branch,C6519,Others
T406255,2,Coimbatore,2025-05-04,2854.63,FAILED,WITHDRAWAL,RS Puram Branch,C2209,Shopping
T406256,2,Coimbatore,2025-05-04,69082.83,SUCCESS,DEPOSIT,RS Puram Branch,C2620,Shopping
T406257,2,Coimbatore,2025-05-04,72157.72,FAILED,TRANSFER,RS Puram Branch,C9171,Education Fees
T406258,2,Coimbatore,2025-05-04,86927.34,SUCCESS,DEPOSIT,RS Puram Branch,C3327,Loan Payment
T406259,2,Coimbatore,2025-05-04,9483.04,SUCCESS,TRANSFER,RS Puram Branch,C5783,Others
T406260,2,Coimbatore,2025-05-04,97003.74,FAILED,WITHDRAWAL,RS Puram Branch,C4377,Medical Expenses
T406261,2,Coimbatore,2025-05-04,98254.59,SUCCESS,WITHDRAWAL,RS Puram Branch,C8886,Medical Expenses
T406262,2,Coimbatore,2025-05-04,13729.37,SUCCESS,TRANSFER,RS Puram Branch,C4813,Shopping
T406263,2,Coimbatore,2025-05-04,54213.37,FAILED,DEPOSIT,RS Puram Branch,C5938,Medical Expenses
T406264,2,Coimbatore,2025-05-04,40090.51,FAILED,TRANSFER,RS Puram Branch,C3750,Others
T406265,2,Coimbatore,2025-05-04,86291.33,SUCCESS,WITHDRAWAL,RS Puram Branch,C1533,Loan Payment
T406266,2,Coimbatore,2025-05-04,81936.15,SUCCESS,WITHDRAWAL,RS Puram Branch,C8022,Bill Payment
T406267,2,Coimbatore,2025-05-04,86015.31,SUCCESS,DEPOSIT,RS Puram Branch,C1963,Others
T406268,2,Coimbatore,2025-05-04,42538.67,FAILED,TRANSFER,RS Puram Branch,C4287,Loan Payment
T406269,2,Coimbatore,2025-05-04,3066.9,FAILED,WITHDRAWAL,RS Puram Branch,C2619,Bill Payment
T406270,2,Coimbatore,2025-05-04,86032.89,FAILED,TRANSFER,RS Puram Branch,C8388,Education Fees
T406271,2,Coimbatore,2025-05-04,55206.92,SUCCESS,WITHDRAWAL,RS Puram Branch,C1647,Medical Expenses
T406272,2,Coimbatore,2025-05-04,11052.6,SUCCESS,TRANSFER,RS Puram Branch,C2862,Medical Expenses
T406273,2,Coimbatore,2025-05-04,6395.06,FAILED,WITHDRAWAL,RS Puram Branch,C6976,Shopping
T406274,2,Coimbatore,2025-05-04,25819.83,FAILED,WITHDRAWAL,RS Puram Branch,C2009,Medical Expenses
T406275,2,Coimbatore,2025-05-04,72090.3,SUCCESS,DEPOSIT,RS Puram Branch,C3631,Bill Payment
T406276,2,Coimbatore,2025-05-04,88838.88,SUCCESS,WITHDRAWAL,RS Puram Branch,C1431,Others
T406277,2,Coimbatore,2025-05-04,25771.95,SUCCESS,DEPOSIT,RS Puram Branch,C4666,Education Fees
T406278,2,Coimbatore,2025-05-04,540.95,FAILED,WITHDRAWAL,RS Puram Branch,C2826,Medical Expenses
T406279,2,Coimbatore,2025-05-04,70757.24,FAILED,TRANSFER,RS Puram Branch,C9599,Others
T406280,2,Coimbatore,2025-05-04,65386.49,SUCCESS,TRANSFER,RS Puram Branch,C7747,Shopping
T406281,2,Coimbatore,2025-05-04,81806.46,FAILED,DEPOSIT,RS Puram Branch,C9160,Education Fees
T406282,2,Coimbatore,2025-05-04,16535.71,FAILED,DEPOSIT,RS Puram Branch,C4186,Travel
T406283,2,Coimbatore,2025-05-04,93016.36,FAILED,TRANSFER,RS Puram Branch,C3128,Bill Payment
T406284,2,Coimbatore,2025-05-04,92208.01,FAILED,WITHDRAWAL,RS Puram Branch,C3313,Travel
T406285,2,Coimbatore,2025-05-04,80724.19,FAILED,WITHDRAWAL,RS Puram Branch,C9606,Education Fees
T406286,2,Coimbatore,2025-05-04,35774.25,SUCCESS,DEPOSIT,RS Puram Branch,C5246,Education Fees
T406287,2,Coimbatore,2025-05-04,99959.07,SUCCESS,TRANSFER,RS Puram Branch,C8894,Education Fees
T406288,2,Coimbatore,2025-05-04,65994.57,FAILED,TRANSFER,RS Puram Branch,C5944,Others
T406289,2,Coimbatore,2025-05-04,99498.57,FAILED,TRANSFER,RS Puram Branch,C7672,Travel
T406290,2,Coimbatore,2025-05-04,20759.86,SUCCESS,WITHDRAWAL,RS Puram Branch,C2847,Others
T406291,2,Coimbatore,2025-05-04,95952.5,FAILED,WITHDRAWAL,RS Puram Branch,C4570,Travel
T406292,2,Coimbatore,2025-05-04,77695.36,FAILED,TRANSFER,RS Puram Branch,C1720,Medical Expenses
T406293,2,Coimbatore,2025-05-04,38894.7,FAILED,WITHDRAWAL,RS Puram Branch,C1436,Education Fees
T406294,2,Coimbatore,2025-05-04,63622.22,FAILED,TRANSFER,RS Puram Branch,C5799,Shopping
T406295,2,Coimbatore,2025-05-04,99765.72,FAILED,DEPOSIT,RS Puram Branch,C5684,Loan Payment
T406296,2,Coimbatore,2025-05-04,99417.43,SUCCESS,TRANSFER,RS Puram Branch,C1513,Others
T406297,2,Coimbatore,2025-05-04,65240.7,SUCCESS,DEPOSIT,RS Puram Branch,C9696,Medical Expenses
T406298,2,Coimbatore,2025-05-04,78666.71,SUCCESS,TRANSFER,RS Puram Branch,C6251,Education Fees
T406299,2,Coimbatore,2025-05-04,7029.04,SUCCESS,DEPOSIT,RS Puram Branch,C7448,Shopping
T406300,2,Coimbatore,2025-05-04,11455.25,SUCCESS,TRANSFER,RS Puram Branch,C4649,Travel
T406301,2,Coimbatore,2025-05-04,66683.39,SUCCESS,TRANSFER,RS Puram Branch,C2410,Travel
T406302,2,Coimbatore,2025-05-04,11577.36,FAILED,TRANSFER,RS Puram Branch,C2062,Loan Payment
T406303,2,Coimbatore,2025-05-04,60898.31,SUCCESS,WITHDRAWAL,RS Puram Branch,C4332,Travel
T406304,2,Coimbatore,2025-05-04,49610.04,SUCCESS,DEPOSIT,RS Puram Branch,C5140,Shopping
T406305,2,Coimbatore,2025-05-04,91626.47,FAILED,WITHDRAWAL,RS Puram Branch,C2570,Travel
T406306,2,Coimbatore,2025-05-04,66532.55,SUCCESS,WITHDRAWAL,RS Puram Branch,C7869,Medical Expenses
T406307,2,Coimbatore,2025-05-04,44612.98,FAILED,TRANSFER,RS Puram Branch,C2997,Shopping
T406308,2,Coimbatore,2025-05-04,81722.51,FAILED,TRANSFER,RS Puram Branch,C2282,Travel
T406309,2,Coimbatore,2025-05-04,9090.35,FAILED,WITHDRAWAL,RS Puram Branch,C8728,Medical Expenses
T406310,2,Coimbatore,2025-05-04,49325.29,FAILED,DEPOSIT,RS Puram Branch,C8449,Medical Expenses
T406311,2,Coimbatore,2025-05-04,9598.43,FAILED,DEPOSIT,RS Puram Branch,C9317,Shopping
T406312,2,Coimbatore,2025-05-04,25183.6,SUCCESS,DEPOSIT,RS Puram Branch,C6676,Others
T406313,2,Coimbatore,2025-05-04,57757.24,SUCCESS,DEPOSIT,RS Puram Branch,C8290,Education Fees
T406314,2,Coimbatore,2025-05-04,98064.19,SUCCESS,DEPOSIT,RS Puram Branch,C5733,Travel
T406315,2,Coimbatore,2025-05-04,27075.11,FAILED,TRANSFER,RS Puram Branch,C5420,Travel
T406316,2,Coimbatore,2025-05-03,84473.86,FAILED,DEPOSIT,RS Puram Branch,C1430,Others
T406317,2,Coimbatore,2025-05-03,25460.28,FAILED,WITHDRAWAL,RS Puram Branch,C3921,Others
T406318,2,Coimbatore,2025-05-03,20126.45,FAILED,WITHDRAWAL,RS Puram Branch,C4246,Bill Payment
T406319,2,Coimbatore,2025-05-03,64207.85,FAILED,WITHDRAWAL,RS Puram Branch,C6949,Medical Expenses
T406320,2,Coimbatore,2025-05-03,64149.71,FAILED,TRANSFER,RS Puram Branch,C2403,Education Fees
T406321,2,Coimbatore,2025-05-03,51118.97,SUCCESS,WITHDRAWAL,RS Puram Branch,C8677,Bill Payment
T406322,2,Coimbatore,2025-05-03,14563.33,FAILED,WITHDRAWAL,RS Puram Branch,C9498,Others
T406323,2,Coimbatore,2025-05-03,9058.82,FAILED,DEPOSIT,RS Puram Branch,C5320,Shopping
T406324,2,Coimbatore,2025-05-03,2510.27,SUCCESS,DEPOSIT,RS Puram Branch,C4284,Education Fees
T406325,2,Coimbatore,2025-05-03,78588.18,FAILED,WITHDRAWAL,RS Puram Branch,C9428,Others
T406326,2,Coimbatore,2025-05-03,57542.61,SUCCESS,TRANSFER,RS Puram Branch,C8557,Travel
T406327,2,Coimbatore,2025-05-03,32267.43,FAILED,DEPOSIT,RS Puram Branch,C7598,Education Fees
T406328,2,Coimbatore,2025-05-03,93720.59,SUCCESS,WITHDRAWAL,RS Puram Branch,C9652,Education Fees
T406329,2,Coimbatore,2025-05-03,10156.65,FAILED,TRANSFER,RS Puram Branch,C7103,Others
T406330,2,Coimbatore,2025-05-03,87458.02,SUCCESS,TRANSFER,RS Puram Branch,C1522,Others
T406331,2,Coimbatore,2025-05-03,42875.39,SUCCESS,DEPOSIT,RS Puram Branch,C2623,Travel
T406332,2,Coimbatore,2025-05-03,13006.57,FAILED,DEPOSIT,RS Puram Branch,C6844,Others
T406333,2,Coimbatore,2025-05-03,44698.13,SUCCESS,DEPOSIT,RS Puram Branch,C5503,Education Fees
T406334,2,Coimbatore,2025-05-03,99631.02,FAILED,DEPOSIT,RS Puram Branch,C3685,Bill Payment
T406335,2,Coimbatore,2025-05-03,72084.19,SUCCESS,DEPOSIT,RS Puram Branch,C3580,Education Fees
T406336,2,Coimbatore,2025-05-03,86569.52,FAILED,TRANSFER,RS Puram Branch,C2673,Education Fees
T406337,2,Coimbatore,2025-05-03,23011.82,SUCCESS,DEPOSIT,RS Puram Branch,C5867,Others
T406338,2,Coimbatore,2025-05-03,67274.54,SUCCESS,DEPOSIT,RS Puram Branch,C1391,Travel
T406339,2,Coimbatore,2025-05-03,15643.74,FAILED,TRANSFER,RS Puram Branch,C3489,Education Fees
T406340,2,Coimbatore,2025-05-03,20687.32,SUCCESS,TRANSFER,RS Puram Branch,C4055,Education Fees
T406341,2,Coimbatore,2025-05-03,8626.58,FAILED,DEPOSIT,RS Puram Branch,C9503,Shopping
T406342,2,Coimbatore,2025-05-03,92116.55,SUCCESS,TRANSFER,RS Puram Branch,C3157,Shopping
T406343,2,Coimbatore,2025-05-03,359.31,FAILED,DEPOSIT,RS Puram Branch,C7321,Travel
T406344,2,Coimbatore,2025-05-03,46879.86,FAILED,TRANSFER,RS Puram Branch,C9190,Others
T406345,2,Coimbatore,2025-05-03,5853.56,FAILED,WITHDRAWAL,RS Puram Branch,C5359,Others
T406346,2,Coimbatore,2025-05-03,58690.9,FAILED,WITHDRAWAL,RS Puram Branch,C3250,Medical Expenses
T406347,2,Coimbatore,2025-05-03,69429.7,FAILED,WITHDRAWAL,RS Puram Branch,C8109,Bill Payment
T406348,2,Coimbatore,2025-05-03,33030.78,SUCCESS,DEPOSIT,RS Puram Branch,C3732,Loan Payment
T406349,2,Coimbatore,2025-05-03,36385.27,SUCCESS,TRANSFER,RS Puram Branch,C7022,Education Fees
T406350,2,Coimbatore,2025-05-03,48317.65,SUCCESS,TRANSFER,RS Puram Branch,C5490,Bill Payment
T406351,2,Coimbatore,2025-05-03,22786.45,FAILED,TRANSFER,RS Puram Branch,C2830,Others
T406352,2,Coimbatore,2025-05-03,55530.85,SUCCESS,DEPOSIT,RS Puram Branch,C7685,Bill Payment
T406353,2,Coimbatore,2025-05-03,18341.55,SUCCESS,TRANSFER,RS Puram Branch,C5004,Medical Expenses
T406354,2,Coimbatore,2025-05-03,62162.75,FAILED,WITHDRAWAL,RS Puram Branch,C4257,Medical Expenses
T406355,2,Coimbatore,2025-05-03,77016.65,SUCCESS,WITHDRAWAL,RS Puram Branch,C4919,Shopping
T406356,2,Coimbatore,2025-05-03,58289.91,SUCCESS,TRANSFER,RS Puram Branch,C5485,Education Fees
T406357,2,Coimbatore,2025-05-03,49670.37,SUCCESS,DEPOSIT,RS Puram Branch,C1838,Medical Expenses
T406358,2,Coimbatore,2025-05-03,92846.46,FAILED,DEPOSIT,RS Puram Branch,C6682,Education Fees
T406359,2,Coimbatore,2025-05-03,60950.78,FAILED,TRANSFER,RS Puram Branch,C6125,Loan Payment
T406360,2,Coimbatore,2025-05-03,41315.67,FAILED,WITHDRAWAL,RS Puram Branch,C7090,Shopping
T406361,2,Coimbatore,2025-05-03,17219.7,FAILED,TRANSFER,RS Puram Branch,C5816,Bill Payment
T406362,2,Coimbatore,2025-05-03,42237.79,SUCCESS,WITHDRAWAL,RS Puram Branch,C4897,Loan Payment
T406363,2,Coimbatore,2025-05-03,72378.49,FAILED,WITHDRAWAL,RS Puram Branch,C7937,Others
T406364,2,Coimbatore,2025-05-03,55305.01,FAILED,TRANSFER,RS Puram Branch,C5739,Shopping
T406365,2,Coimbatore,2025-05-03,24713.96,FAILED,DEPOSIT,RS Puram Branch,C6721,Others
T406366,2,Coimbatore,2025-05-03,51878.32,SUCCESS,DEPOSIT,RS Puram Branch,C7304,Education Fees
T406367,2,Coimbatore,2025-05-03,66252.45,FAILED,TRANSFER,RS Puram Branch,C2290,Others
T406368,2,Coimbatore,2025-05-03,72315.28,SUCCESS,WITHDRAWAL,RS Puram Branch,C2327,Shopping
T406369,2,Coimbatore,2025-05-03,37220.58,FAILED,WITHDRAWAL,RS Puram Branch,C2601,Others
T406370,2,Coimbatore,2025-05-03,8598.72,SUCCESS,WITHDRAWAL,RS Puram Branch,C8250,Travel
T406371,2,Coimbatore,2025-05-03,34594.83,FAILED,DEPOSIT,RS Puram Branch,C1693,Others
T406372,2,Coimbatore,2025-05-03,47937.64,FAILED,WITHDRAWAL,RS Puram Branch,C2039,Loan Payment
T406373,2,Coimbatore,2025-05-03,38320.84,SUCCESS,DEPOSIT,RS Puram Branch,C2465,Loan Payment
T406374,2,Coimbatore,2025-05-03,79014.11,FAILED,TRANSFER,RS Puram Branch,C7076,Shopping
T406375,2,Coimbatore,2025-05-03,21445.51,SUCCESS,WITHDRAWAL,RS Puram Branch,C9444,Travel
T406376,2,Coimbatore,2025-05-03,1340.38,SUCCESS,DEPOSIT,RS Puram Branch,C6617,Shopping
T406377,2,Coimbatore,2025-05-03,9066.86,SUCCESS,TRANSFER,RS Puram Branch,C6960,Loan Payment
T406378,2,Coimbatore,2025-05-03,96535.93,SUCCESS,DEPOSIT,RS Puram Branch,C7380,Medical Expenses
T406379,2,Coimbatore,2025-05-03,9254.66,SUCCESS,WITHDRAWAL,RS Puram Branch,C6379,Bill Payment
T406380,2,Coimbatore,2025-05-03,66120.25,FAILED,WITHDRAWAL,RS Puram Branch,C4401,Travel
T406381,2,Coimbatore,2025-05-03,30969.29,FAILED,DEPOSIT,RS Puram Branch,C6080,Travel
T406382,2,Coimbatore,2025-05-03,49784.76,SUCCESS,DEPOSIT,RS Puram Branch,C1046,Shopping
T406383,2,Coimbatore,2025-05-03,13448.22,FAILED,TRANSFER,RS Puram Branch,C5220,Education Fees
T406384,2,Coimbatore,2025-05-03,80369.86,SUCCESS,DEPOSIT,RS Puram Branch,C1069,Bill Payment
T406385,2,Coimbatore,2025-05-03,20229.12,SUCCESS,TRANSFER,RS Puram Branch,C8794,Medical Expenses
T406386,2,Coimbatore,2025-05-03,4123.81,SUCCESS,TRANSFER,RS Puram Branch,C7724,Bill Payment
T406387,2,Coimbatore,2025-05-03,58728.93,FAILED,WITHDRAWAL,RS Puram Branch,C7987,Others
T406388,2,Coimbatore,2025-05-03,64799.47,FAILED,DEPOSIT,RS Puram Branch,C7337,Education Fees
T406389,2,Coimbatore,2025-05-03,63387.01,SUCCESS,DEPOSIT,RS Puram Branch,C8357,Medical Expenses
T406390,2,Coimbatore,2025-05-03,64771.76,SUCCESS,DEPOSIT,RS Puram Branch,C1631,Education Fees
T406391,2,Coimbatore,2025-05-03,39840.45,FAILED,DEPOSIT,RS Puram Branch,C9958,Medical Expenses
T406392,2,Coimbatore,2025-05-03,66398.48,SUCCESS,DEPOSIT,RS Puram Branch,C3990,Bill Payment
T406393,2,Coimbatore,2025-05-03,3554.84,FAILED,DEPOSIT,RS Puram Branch,C1321,Education Fees
T406394,2,Coimbatore,2025-05-03,5667.4,FAILED,DEPOSIT,RS Puram Branch,C7756,Education Fees
T406395,2,Coimbatore,2025-05-03,84733.8,SUCCESS,TRANSFER,RS Puram Branch,C3602,Shopping
T406396,2,Coimbatore,2025-05-03,89823.95,FAILED,DEPOSIT,RS Puram Branch,C6304,Loan Payment
T406397,2,Coimbatore,2025-05-03,37320.04,FAILED,WITHDRAWAL,RS Puram Branch,C5881,Bill Payment
T406398,2,Coimbatore,2025-05-03,27928.11,FAILED,TRANSFER,RS Puram Branch,C3783,Medical Expenses
T406399,2,Coimbatore,2025-05-03,71163.76,SUCCESS,WITHDRAWAL,RS Puram Branch,C3951,Medical Expenses
T406400,2,Coimbatore,2025-05-03,63015.47,FAILED,TRANSFER,RS Puram Branch,C5710,Shopping
T406401,2,Coimbatore,2025-05-03,5412.74,SUCCESS,DEPOSIT,RS Puram Branch,C2620,Bill Payment
T406402,2,Coimbatore,2025-05-03,56424.71,FAILED,DEPOSIT,RS Puram Branch,C1575,Others
T406403,2,Coimbatore,2025-05-03,29031.92,FAILED,WITHDRAWAL,RS Puram Branch,C1572,Loan Payment
T406404,2,Coimbatore,2025-05-03,43014.52,FAILED,TRANSFER,RS Puram Branch,C1023,Others
T406405,2,Coimbatore,2025-05-03,28373.71,SUCCESS,TRANSFER,RS Puram Branch,C8877,Others
T406406,2,Coimbatore,2025-05-03,32784.12,FAILED,DEPOSIT,RS Puram Branch,C8071,Travel
T406407,2,Coimbatore,2025-05-03,92732.46,SUCCESS,WITHDRAWAL,RS Puram Branch,C8044,Others
T406408,2,Coimbatore,2025-05-03,99328.64,FAILED,DEPOSIT,RS Puram Branch,C8503,Others
T406409,2,Coimbatore,2025-05-03,34967.15,FAILED,WITHDRAWAL,RS Puram Branch,C6065,Education Fees
