TRANSACTION_ID,BRANCH_ID,CITY,DATE,AMOUNT,STATUS,TRANSACTION_TYPE,BRANCH_NAME,CUSTOMER_ID,PURPOSE
T406410,3,Coimbatore,2025-05-09,97516.29,SUCCESS,DEPOSIT,Peelamedu Branch,C9473,Others
T406411,3,Coimbatore,2025-05-09,38379.01,SUCCESS,DEPOSIT,Peelamedu Branch,C8330,Loan Payment
T406412,3,Coimbatore,2025-05-09,5042.0,FAILED,DEPOSIT,Peelamedu Branch,C2736,Loan Payment
T406413,3,Coimbatore,2025-05-09,7631.58,SUCCESS,TRANSFER,Peelamedu Branch,C6794,Medical Expenses
T406414,3,Coimbatore,2025-05-09,294.49,FAILED,WITHDRAWAL,Peelamedu Branch,C6191,Loan Payment
T406415,3,Coimbatore,2025-05-09,51081.96,FAILED,TRANSFER,Peelamedu Branch,C3633,Shopping
T406416,3,Coimbatore,2025-05-09,66087.35,FAILED,DEPOSIT,Peelamedu Branch,C2900,Loan Payment
T406417,3,Coimbatore,2025-05-09,94505.58,SUCCESS,TRANSFER,Peelamedu Branch,C7592,Education Fees
T406418,3,Coimbatore,2025-05-09,24506.69,SUCCESS,TRANSFER,Peelamedu Branch,C6141,Travel
T406419,3,Coimbatore,2025-05-09,56995.64,SUCCESS,TRANSFER,Peelamedu Branch,C7060,Medical Expenses
T406420,3,Coimbatore,2025-05-09,8709.49,FAILED,WITHDRAWAL,Peelamedu Branch,C1847,Shopping
T406421,3,Coimbatore,2025-05-09,74145.55,FAILED,TRANSFER,Peelamedu Branch,C8669,Education Fees
T406422,3,Coimbatore,2025-05-09,98690.83,FAILED,DEPOSIT,Peelamedu Branch,C1926,Travel
T406423,3,Coimbatore,2025-05-09,11628.77,FAILED,TRANSFER,Peelamedu Branch,C1525,Medical Expenses
T406424,3,Coimbatore,2025-05-09,99514.01,FAILED,DEPOSIT,Peelamedu Branch,C1250,Others
T406425,3,Coimbatore,2025-05-09,45201.72,SUCCESS,TRANSFER,Peelamedu Branch,C3137,Bill Payment
T406426,3,Coimbatore,2025-05-09,49106.43,FAILED,WITHDRAWAL,Peelamedu Branch,C8856,Bill Payment
T406427,3,Coimbatore,2025-05-09,41111.15,FAILED,DEPOSIT,Peelamedu Branch,C6753,Travel
T406428,3,Coimbatore,2025-05-09,31338.43,SUCCESS,TRANSFER,Peelamedu Branch,C2509,Travel
T406429,3,Coimbatore,2025-05-09,86882.03,FAILED,DEPOSIT,Peelamedu Branch,C4552,Travel
T406430,3,Coimbatore,2025-05-09,97423.43,SUCCESS,WITHDRAWAL,Peelamedu Branch,C2901,Bill Payment
T406431,3,Coimbatore,2025-05-09,30569.05,FAILED,TRANSFER,Peelamedu Branch,C9443,Medical Expenses
T406432,3,Coimbatore,2025-05-09,34106.93,SUCCESS,TRANSFER,Peelamedu Branch,C2057,Travel
T406433,3,Coimbatore,2025-05-09,97372.31,FAILED,WITHDRAWAL,Peelamedu Branch,C3302,Medical Expenses
T406434,3,Coimbatore,2025-05-09,48545.65,FAILED,WITHDRAWAL,Peelamedu Branch,C3085,Medical Expenses
T406435,3,Coimbatore,2025-05-09,82344.8,SUCCESS,DEPOSIT,Peelamedu Branch,C8718,Education Fees
T406436,3,Coimbatore,2025-05-09,87483.63,FAILED,TRANSFER,Peelamedu Branch,C5699,Medical Expenses
T406437,3,Coimbatore,2025-05-09,42645.78,FAILED,TRANSFER,Peelamedu Branch,C3881,Medical Expenses
T406438,3,Coimbatore,2025-05-09,32219.12,SUCCESS,TRANSFER,Peelamedu Branch,C5122,Others
T406439,3,Coimbatore,2025-05-09,5763.55,SUCCESS,DEPOSIT,Peelamedu Branch,C1070,Education Fees
T406440,3,Coimbatore,2025-05-09,68775.19,SUCCESS,TRANSFER,Peelamedu Branch,C7572,Bill Payment
T406441,3,Coimbatore,2025-05-09,32779.85,FAILED,DEPOSIT,Peelamedu Branch,C3755,Others
T406442,3,Coimbatore,2025-05-09,43684.7,FAILED,DEPOSIT,Peelamedu Branch,C3916,Loan Payment
T406443,3,Coimbatore,2025-05-09,96685.02,SUCCESS,TRANSFER,Peelamedu Branch,C5589,Others
T406444,3,Coimbatore,2025-05-09,52392.36,FAILED,WITHDRAWAL,Peelamedu Branch,C4975,Shopping
T406445,3,Coimbatore,2025-05-09,12741.28,SUCCESS,WITHDRAWAL,Peelamedu Branch,C5295,Loan Payment
T406446,3,Coimbatore,2025-05-09,55591.81,FAILED,TRANSFER,Peelamedu Branch,C5501,Shopping
T406447,3,Coimbatore,2025-05-09,76369.62,SUCCESS,DEPOSIT,Peelamedu Branch,C2031,Others
T406448,3,Coimbatore,2025-05-09,3014.89,FAILED,WITHDRAWAL,Peelamedu Branch,C7018,Loan Payment
T406449,3,Coimbatore,2025-05-09,70533.75,SUCCESS,TRANSFER,Peelamedu Branch,C7185,Loan Payment
T406450,3,Coimbatore,2025-05-09,37807.45,SUCCESS,TRANSFER,Peelamedu Branch,C4475,Others
T406451,3,Coimbatore,2025-05-09,47267.91,SUCCESS,WITHDRAWAL,Peelamedu Branch,C6628,Others
T406452,3,Coimbatore,2025-05-09,67562.78,SUCCESS,WITHDRAWAL,Peelamedu Branch,C7786,Travel
T406453,3,Coimbatore,2025-05-09,38899.41,SUCCESS,TRANSFER,Peelamedu Branch,C9047,Medical Expenses
T406454,3,Coimbatore,2025-05-09,65205.9,FAILED,DEPOSIT,Peelamedu Branch,C3346,Education Fees
T406455,3,Coimbatore,2025-05-09,66658.49,SUCCESS,DEPOSIT,Peelamedu Branch,C9626,Others
T406456,3,Coimbatore,2025-05-09,3954.87,SUCCESS,TRANSFER,Peelamedu Branch,C2412,Medical Expenses
T406457,3,Coimbatore,2025-05-09,44965.41,FAILED,DEPOSIT,Peelamedu Branch,C9603,Travel
T406458,3,Coimbatore,2025-05-09,92333.86,FAILED,WITHDRAWAL,Peelamedu Branch,C8824,Bill Payment
T406459,3,Coimbatore,2025-05-09,82671.58,SUCCESS,TRANSFER,Peelamedu Branch,C1429,Education Fees
T406460,3,Coimbatore,2025-05-09,75639.79,SUCCESS,TRANSFER,Peelamedu Branch,C4689,Shopping
T406461,3,Coimbatore,2025-05-09,10175.01,FAILED,TRANSFER,Peelamedu Branch,C9422,Loan Payment
T406462,3,Coimbatore,2025-05-09,63266.1,FAILED,TRANSFER,Peelamedu Branch,C2196,Medical Expenses
T406463,3,Coimbatore,2025-05-09,76006.84,SUCCESS,WITHDRAWAL,Peelamedu Branch,C9389,Loan Payment
T406464,3,Coimbatore,2025-05-09,7518.85,SUCCESS,TRANSFER,Peelamedu Branch,C5483,Education Fees
T406465,3,Coimbatore,2025-05-09,27893.92,FAILED,WITHDRAWAL,Peelamedu Branch,C8433,Others
T406466,3,Coimbatore,2025-05-09,58966.79,FAILED,WITHDRAWAL,Peelamedu Branch,C1909,Shopping
T406467,3,Coimbatore,2025-05-09,69536.37,FAILED,WITHDRAWAL,Peelamedu Branch,C6188,Others
T406468,3,Coimbatore,2025-05-09,72451.55,FAILED,WITHDRAWAL,Peelamedu Branch,C8427,Bill Payment
T406469,3,Coimbatore,2025-05-09,70206.81,SUCCESS,TRANSFER,Peelamedu Branch,C5499,Others
T406470,3,Coimbatore,2025-05-09,22610.71,SUCCESS,WITHDRAWAL,Peelamedu Branch,C5902,Education Fees
T406471,3,Coimbatore,2025-05-09,80142.05,FAILED,TRANSFER,Peelamedu Branch,C4916,Loan Payment
T406472,3,Coimbatore,2025-05-09,8933.1,SUCCESS,WITHDRAWAL,Peelamedu Branch,C2573,Others
T406473,3,Coimbatore,2025-05-09,18059.32,FAILED,DEPOSIT,Peelamedu Branch,C9073,Others
T406474,3,Coimbatore,2025-05-09,34543.78,FAILED,WITHDRAWAL,Peelamedu Branch,C3713,Loan Payment
T406475,3,Coimbatore,2025-05-09,39507.66,FAILED,TRANSFER,Peelamedu Branch,C5372,Education Fees
T406476,3,Coimbatore,2025-05-09,3898.17,SUCCESS,DEPOSIT,Peelamedu Branch,C9190,Education Fees
T406477,3,Coimbatore,2025-05-09,96905.78,FAILED,DEPOSIT,Peelamedu Branch,C7238,Shopping
T406478,3,Coimbatore,2025-05-09,98043.62,FAILED,WITHDRAWAL,Peelamedu Branch,C9970,Travel
T406479,3,Coimbatore,2025-05-09,11014.67,FAILED,DEPOSIT,Peelamedu Branch,C4904,Travel
T406480,3,Coimbatore,2025-05-09,8350.38,SUCCESS,DEPOSIT,Peelamedu Branch,C3233,Education Fees
T406481,3,Coimbatore,2025-05-09,49841.61,SUCCESS,WITHDRAWAL,Peelamedu Branch,C7154,Bill Payment
T406482,3,Coimbatore,2025-05-09,63843.12,FAILED,DEPOSIT,Peelamedu Branch,C7982,Loan Payment
T406483,3,Coimbatore,2025-05-09,91321.53,SUCCESS,WITHDRAWAL,Peelamedu Branch,C3867,Shopping
T406484,3,Coimbatore,2025-05-09,28666.62,SUCCESS,DEPOSIT,Peelamedu Branch,C1148,Medical Expenses
T406485,3,Coimbatore,2025-05-08,67829.13,SUCCESS,WITHDRAWAL,Peelamedu Branch,C9427,Bill Payment
T406486,3,Coimbatore,2025-05-08,87908.02,SUCCESS,WITHDRAWAL,Peelamedu Branch,C3989,Loan Payment
T406487,3,Coimbatore,2025-05-08,48705.4,FAILED,TRANSFER,Peelamedu Branch,C9751,Travel
T406488,3,Coimbatore,2025-05-08,98891.11,SUCCESS,TRANSFER,Peelamedu Branch,C6825,Shopping
T406489,3,Coimbatore,2025-05-08,18302.51,SUCCESS,DEPOSIT,Peelamedu Branch,C7663,Education Fees
T406490,3,Coimbatore,2025-05-08,61260.98,SUCCESS,TRANSFER,Peelamedu Branch,C1787,Medical Expenses
T406491,3,Coimbatore,2025-05-08,45921.08,SUCCESS,DEPOSIT,Peelamedu Branch,C5306,Medical Expenses
T406492,3,Coimbatore,2025-05-08,81252.78,FAILED,TRANSFER,Peelamedu Branch,C1420,Travel
T406493,3,Coimbatore,2025-05-08,39580.56,FAILED,WITHDRAWAL,Peelamedu Branch,C3377,Medical Expenses
T406494,3,Coimbatore,2025-05-08,46464.8,FAILED,WITHDRAWAL,Peelamedu Branch,C9067,Bill Payment
T406495,3,Coimbatore,2025-05-08,13516.42,SUCCESS,TRANSFER,Peelamedu Branch,C4660,Travel
T406496,3,Coimbatore,2025-05-08,8053.45,SUCCESS,WITHDRAWAL,Peelamedu Branch,C8300,Travel
T406497,3,Coimbatore,2025-05-08,38760.95,FAILED,TRANSFER,Peelamedu Branch,C7018,Travel
T406498,3,Coimbatore,2025-05-08,1821.72,FAILED,DEPOSIT,Peelamedu Branch,C3210,Shopping
T406499,3,Coimbatore,2025-05-08,39618.95,SUCCESS,DEPOSIT,Peelamedu Branch,C1814,Shopping
T406500,3,Coimbatore,2025-05-08,9720.82,SUCCESS,WITHDRAWAL,Peelamedu Branch,C6492,Others
T406501,3,Coimbatore,2025-05-08,30172.85,SUCCESS,DEPOSIT,Peelamedu Branch,C8520,Loan Payment
T406502,3,Coimbatore,2025-05-08,76424.92,SUCCESS,DEPOSIT,Peelamedu Branch,C2131,Shopping
T406503,3,Coimbatore,2025-05-08,68347.73,FAILED,DEPOSIT,Peelamedu Branch,C6580,Loan Payment
T406504,3,Coimbatore,2025-05-08,58766.6,FAILED,WITHDRAWAL,Peelamedu Branch,C4653,Loan Payment
T406505,3,Coimbatore,2025-05-08,82639.17,FAILED,DEPOSIT,Peelamedu Branch,C7484,Others
T406506,3,Coimbatore,2025-05-08,56582.19,SUCCESS,TRANSFER,Peelamedu Branch,C9360,Travel
T406507,3,Coimbatore,2025-05-08,43185.67,FAILED,TRANSFER,Peelamedu Branch,C5801,Medical Expenses
T406508,3,Coimbatore,2025-05-08,656.02,FAILED,DEPOSIT,Peelamedu Branch,C7633,Others
T406509,3,Coimbatore,2025-05-08,79898.53,SUCCESS,DEPOSIT,Peelamedu Branch,C5968,Medical Expenses
T406510,3,Coimbatore,2025-05-08,83964.19,SUCCESS,WITHDRAWAL,Peelamedu Branch,C6579,Education Fees
T406511,3,Coimbatore,2025-05-08,56004.32,FAILED,TRANSFER,Peelamedu Branch,C7704,Loan Payment
T406512,3,Coimbatore,2025-05-08,12946.09,SUCCESS,TRANSFER,Peelamedu Branch,C7774,Medical Expenses
T406513,3,Coimbatore,2025-05-08,86364.11,SUCCESS,WITHDRAWAL,Peelamedu Branch,C5086,Shopping
T406514,3,Coimbatore,2025-05-08,50772.69,FAILED,DEPOSIT,Peelamedu Branch,C9323,Others
T406515,3,Coimbatore,2025-05-08,29024.53,FAILED,TRANSFER,Peelamedu Branch,C3613,Education Fees
T406516,3,Coimbatore,2025-05-08,62269.76,FAILED,DEPOSIT,Peelamedu Branch,C5171,Bill Payment
T406517,3,Coimbatore,2025-05-08,39053.45,SUCCESS,TRANSFER,Peelamedu Branch,C9121,Bill Payment
T406518,3,Coimbatore,2025-05-08,48719.3,FAILED,TRANSFER,Peelamedu Branch,C3406,Travel
T406519,3,Coimbatore,2025-05-08,88706.89,SUCCESS,TRANSFER,Peelamedu Branch,C5695,Loan Payment
T406520,3,Coimbatore,2025-05-08,16919.99,SUCCESS,TRANSFER,Peelamedu Branch,C5051,Travel
T406521,3,Coimbatore,2025-05-08,6832.87,FAILED,DEPOSIT,Peelamedu Branch,C4317,Travel
T406522,3,Coimbatore,2025-05-08,79172.84,FAILED,DEPOSIT,Peelamedu Branch,C5685,Medical Expenses
T406523,3,Coimbatore,2025-05-08,83891.87,FAILED,DEPOSIT,Peelamedu Branch,C6764,Education Fees
T406524,3,Coimbatore,2025-05-08,48465.74,SUCCESS,WITHDRAWAL,Peelamedu Branch,C9268,Others
T406525,3,Coimbatore,2025-05-08,72766.68,FAILED,DEPOSIT,Peelamedu Branch,C9741,Shopping
T406526,3,Coimbatore,2025-05-08,12099.16,FAILED,TRANSFER,Peelamedu Branch,C3174,Others
T406527,3,Coimbatore,2025-05-08,58615.38,SUCCESS,TRANSFER,Peelamedu Branch,C7597,Others
T406528,3,Coimbatore,2025-05-08,34970.38,SUCCESS,DEPOSIT,Peelamedu Branch,C1602,Bill Payment
T406529,3,Coimbatore,2025-05-08,5095.4,SUCCESS,DEPOSIT,Peelamedu Branch,C5330,Education Fees
T406530,3,Coimbatore,2025-05-08,7785.8,FAILED,TRANSFER,Peelamedu Branch,C1871,Shopping
T406531,3,Coimbatore,2025-05-08,38140.37,FAILED,TRANSFER,Peelamedu Branch,C9057,Medical Expenses
T406532,3,Coimbatore,2025-05-08,7352.6,FAILED,TRANSFER,Peelamedu Branch,C3549,Others
T406533,3,Coimbatore,2025-05-08,88655.68,FAILED,DEPOSIT,Peelamedu Branch,C2156,Others
T406534,3,Coimbatore,2025-05-08,66137.47,SUCCESS,TRANSFER,Peelamedu Branch,C9561,Shopping
T406535,3,Coimbatore,2025-05-08,1358.09,FAILED,DEPOSIT,Peelamedu Branch,C5755,Travel
T406536,3,Coimbatore,2025-05-08,58407.22,FAILED,WITHDRAWAL,Peelamedu Branch,C4531,Others
T406537,3,Coimbatore,2025-05-08,43143.27,FAILED,TRANSFER,Peelamedu Branch,C9389,Bill Payment
T406538,3,Coimbatore,2025-05-08,10331.59,SUCCESS,TRANSFER,Peelamedu Branch,C8937,Shopping
T406539,3,Coimbatore,2025-05-08,59972.94,FAILED,TRANSFER,Peelamedu Branch,C1970,Education Fees
T406540,3,Coimbatore,2025-05-08,89644.9,FAILED,WITHDRAWAL,Peelamedu Branch,C8819,Loan Payment
T406541,3,Coimbatore,2025-05-08,46157.26,FAILED,DEPOSIT,Peelamedu Branch,C3990,Shopping
T406542,3,Coimbatore,2025-05-08,53413.47,SUCCESS,DEPOSIT,Peelamedu Branch,C6068,Others
T406543,3,Coimbatore,2025-05-08,14154.24,FAILED,DEPOSIT,Peelamedu Branch,C7259,Education Fees
T406544,3,Coimbatore,2025-05-08,81177.25,SUCCESS,DEPOSIT,Peelamedu Branch,C4676,Others
T406545,3,Coimbatore,2025-05-08,51664.86,FAILED,DEPOSIT,Peelamedu Branch,C5935,Bill Payment
T406546,3,Coimbatore,2025-05-08,2655.77,FAILED,WITHDRAWAL,Peelamedu Branch,C3242,Loan Payment
T406547,3,Coimbatore,2025-05-08,94788.16,SUCCESS,DEPOSIT,Peelamedu Branch,C3143,Education Fees
T406548,3,Coimbatore,2025-05-08,34045.44,FAILED,TRANSFER,Peelamedu Branch,C4332,Loan Payment
T406549,3,Coimbatore,2025-05-08,38013.4,FAILED,WITHDRAWAL,Peelamedu Branch,C6982,Loan Payment
T406550,3,Coimbatore,2025-05-08,96756.06,SUCCESS,DEPOSIT,Peelamedu Branch,C5173,Bill Payment
T406551,3,Coimbatore,2025-05-08,20528.24,SUCCESS,WITHDRAWAL,Peelamedu Branch,C6668,Others
T406552,3,Coimbatore,2025-05-08,22124.64,SUCCESS,TRANSFER,Peelamedu Branch,C5127,Travel
T406553,3,Coimbatore,2025-05-08,3546.9,SUCCESS,DEPOSIT,Peelamedu Branch,C4658,Medical Expenses
T406554,3,Coimbatore,2025-05-08,34635.24,FAILED,DEPOSIT,Peelamedu Branch,C2748,Education Fees
T406555,3,Coimbatore,2025-05-08,76976.35,SUCCESS,TRANSFER,Peelamedu Branch,C7820,Travel
T406556,3,Coimbatore,2025-05-08,72141.82,FAILED,WITHDRAWAL,Peelamedu Branch,C8880,Loan Payment
T406557,3,Coimbatore,2025-05-08,14903.27,SUCCESS,TRANSFER,Peelamedu Branch,C9789,Bill Payment
T406558,3,Coimbatore,2025-05-08,99213.39,SUCCESS,DEPOSIT,Peelamedu Branch,C6322,Shopping
T406559,3,Coimbatore,2025-05-08,32935.56,FAILED,TRANSFER,Peelamedu Branch,C4748,Others
T406560,3,Coimbatore,2025-05-08,89925.85,FAILED,DEPOSIT,Peelamedu Branch,C1565,Shopping
T406561,3,Coimbatore,2025-05-08,38741.86,FAILED,DEPOSIT,Peelamedu Branch,C4654,Shopping
T406562,3,Coimbatore,2025-05-08,2729.09,FAILED,WITHDRAWAL,Peelamedu Branch,C4000,Bill Payment
T406563,3,Coimbatore,2025-05-08,22039.25,SUCCESS,DEPOSIT,Peelamedu Branch,C3333,Shopping
T406564,3,Coimbatore,2025-05-08,13660.43,SUCCESS,WITHDRAWAL,Peelamedu Branch,C2482,Others
T406565,3,Coimbatore,2025-05-08,12634.45,SUCCESS,DEPOSIT,Peelamedu Branch,C9802,Loan Payment
T406566,3,Coimbatore,2025-05-08,47015.6,FAILED,TRANSFER,Peelamedu Branch,C9446,Bill Payment
T406567,3,Coimbatore,2025-05-08,18243.69,FAILED,WITHDRAWAL,Peelamedu Branch,C4238,Shopping
T406568,3,Coimbatore,2025-05-08,66203.73,FAILED,WITHDRAWAL,Peelamedu Branch,C3088,Others
T406569,3,Coimbatore,2025-05-08,95893.65,SUCCESS,WITHDRAWAL,Peelamedu Branch,C4811,Bill Payment
T406570,3,Coimbatore,2025-05-08,95034.51,FAILED,DEPOSIT,Peelamedu Branch,C1516,Medical Expenses
T406571,3,Coimbatore,2025-05-08,42953.94,SUCCESS,WITHDRAWAL,Peelamedu Branch,C3577,Shopping
T406572,3,Coimbatore,2025-05-08,75957.84,SUCCESS,DEPOSIT,Peelamedu Branch,C6460,Shopping
T406573,3,Coimbatore,2025-05-07,94219.55,FAILED,DEPOSIT,Peelamedu Branch,C2699,Medical Expenses
T406574,3,Coimbatore,2025-05-07,25855.19,FAILED,WITHDRAWAL,Peelamedu Branch,C8777,Bill Payment
T406575,3,Coimbatore,2025-05-07,10488.26,FAILED,WITHDRAWAL,Peelamedu Branch,C3766,Others
T406576,3,Coimbatore,2025-05-07,29153.17,SUCCESS,TRANSFER,Peelamedu Branch,C4829,Medical Expenses
T406577,3,Coimbatore,2025-05-07,66789.96,FAILED,WITHDRAWAL,Peelamedu Branch,C5941,Medical Expenses
T406578,3,Coimbatore,2025-05-07,40445.68,FAILED,TRANSFER,Peelamedu Branch,C1901,Others
T406579,3,Coimbatore,2025-05-07,27397.53,SUCCESS,WITHDRAWAL,Peelamedu Branch,C4804,Bill Payment
T406580,3,Coimbatore,2025-05-07,13567.93,SUCCESS,TRANSFER,Peelamedu Branch,C2624,Bill Payment
T406581,3,Coimbatore,2025-05-07,32798.16,SUCCESS,TRANSFER,Peelamedu Branch,C2295,Shopping
T406582,3,Coimbatore,2025-05-07,94997.2,SUCCESS,TRANSFER,Peelamedu Branch,C2750,Medical Expenses
T406583,3,Coimbatore,2025-05-07,90299.28,SUCCESS,WITHDRAWAL,Peelamedu Branch,C7398,Education Fees
T406584,3,Coimbatore,2025-05-07,77636.28,FAILED,TRANSFER,Peelamedu Branch,C1109,Shopping
T406585,3,Coimbatore,2025-05-07,45135.51,FAILED,DEPOSIT,Peelamedu Branch,C3305,Others
T406586,3,Coimbatore,2025-05-07,66743.13,SUCCESS,DEPOSIT,Peelamedu Branch,C1123,Bill Payment
T406587,3,Coimbatore,2025-05-07,3945.24,FAILED,WITHDRAWAL,Peelamedu Branch,C5798,Loan Payment
T406588,3,Coimbatore,2025-05-07,60605.99,SUCCESS,TRANSFER,Peelamedu Branch,C7664,Education Fees
T406589,3,Coimbatore,2025-05-07,538.57,SUCCESS,TRANSFER,Peelamedu Branch,C5944,Loan Payment
T406590,3,Coimbatore,2025-05-07,47883.63,FAILED,TRANSFER,Peelamedu Branch,C6663,Loan Payment
T406591,3,Coimbatore,2025-05-07,59406.46,SUCCESS,WITHDRAWAL,Peelamedu Branch,C7269,Travel
T406592,3,Coimbatore,2025-05-07,69436.11,SUCCESS,WITHDRAWAL,Peelamedu Branch,C5925,Shopping
T406593,3,Coimbatore,2025-05-07,96169.36,FAILED,DEPOSIT,Peelamedu Branch,C4551,Shopping
T406594,3,Coimbatore,2025-05-07,14560.53,SUCCESS,DEPOSIT,Peelamedu Branch,C8100,Education Fees
T406595,3,Coimbatore,2025-05-07,76138.1,SUCCESS,WITHDRAWAL,Peelamedu Branch,C7325,Shopping
T406596,3,Coimbatore,2025-05-07,97404.59,SUCCESS,DEPOSIT,Peelamedu Branch,C4525,Others
T406597,3,Coimbatore,2025-05-07,85295.64,FAILED,WITHDRAWAL,Peelamedu Branch,C6131,Travel
T406598,3,Coimbatore,2025-05-07,53957.87,FAILED,WITHDRAWAL,Peelamedu Branch,C3406,Loan Payment
T406599,3,Coimbatore,2025-05-07,10316.83,SUCCESS,TRANSFER,Peelamedu Branch,C7068,Education Fees
T406600,3,Coimbatore,2025-05-07,2485.51,SUCCESS,TRANSFER,Peelamedu Branch,C6123,Medical Expenses
T406601,3,Coimbatore,2025-05-07,99204.99,FAILED,TRANSFER,Peelamedu Branch,C5341,Shopping
T406602,3,Coimbatore,2025-05-07,70865.63,FAILED,DEPOSIT,Peelamedu Branch,C9012,Others
T406603,3,Coimbatore,2025-05-07,38061.89,FAILED,TRANSFER,Peelamedu Branch,C4032,Loan Payment
T406604,3,Coimbatore,2025-05-07,25970.64,FAILED,WITHDRAWAL,Peelamedu Branch,C3460,Others
T406605,3,Coimbatore,2025-05-07,97266.26,SUCCESS,DEPOSIT,Peelamedu Branch,C8762,Medical Expenses
T406606,3,Coimbatore,2025-05-07,43325.57,FAILED,WITHDRAWAL,Peelamedu Branch,C3472,Medical Expenses
T406607,3,Coimbatore,2025-05-07,73229.33,FAILED,WITHDRAWAL,Peelamedu Branch,C4116,Others
T406608,3,Coimbatore,2025-05-07,65581.96,SUCCESS,TRANSFER,Peelamedu Branch,C9301,Loan Payment
T406609,3,Coimbatore,2025-05-07,65912.69,SUCCESS,WITHDRAWAL,Peelamedu Branch,C3512,Loan Payment
T406610,3,Coimbatore,2025-05-07,90729.83,FAILED,TRANSFER,Peelamedu Branch,C7588,Education Fees
T406611,3,Coimbatore,2025-05-07,80554.52,FAILED,TRANSFER,Peelamedu Branch,C7538,Bill Payment
T406612,3,Coimbatore,2025-05-07,55390.31,FAILED,TRANSFER,Peelamedu Branch,C9898,Others
T406613,3,Coimbatore,2025-05-07,29246.88,FAILED,TRANSFER,Peelamedu Branch,C3262,Bill Payment
T406614,3,Coimbatore,2025-05-07,8389.63,SUCCESS,DEPOSIT,Peelamedu Branch,C4013,Shopping
T406615,3,Coimbatore,2025-05-07,23448.56,FAILED,TRANSFER,Peelamedu Branch,C8844,Others
T406616,3,Coimbatore,2025-05-07,73092.24,SUCCESS,TRANSFER,Peelamedu Branch,C2620,Medical Expenses
T406617,3,Coimbatore,2025-05-07,31387.34,SUCCESS,TRANSFER,Peelamedu Branch,C3836,Others
T406618,3,Coimbatore,2025-05-07,53437.91,FAILED,TRANSFER,Peelamedu Branch,C3266,Medical Expenses
T406619,3,Coimbatore,2025-05-07,19804.66,SUCCESS,WITHDRAWAL,Peelamedu Branch,C2410,Education Fees
T406620,3,Coimbatore,2025-05-07,9354.1,SUCCESS,WITHDRAWAL,Peelamedu Branch,C8279,Bill Payment
T406621,3,Coimbatore,2025-05-07,57990.66,SUCCESS,WITHDRAWAL,Peelamedu Branch,C8706,Others
T406622,3,Coimbatore,2025-05-07,89328.37,SUCCESS,WITHDRAWAL,Peelamedu Branch,C1078,Others
T406623,3,Coimbatore,2025-05-07,11062.23,SUCCESS,WITHDRAWAL,Peelamedu Branch,C5686,Shopping
T406624,3,Coimbatore,2025-05-07,88762.6,FAILED,DEPOSIT,Peelamedu Branch,C9234,Medical Expenses
T406625,3,Coimbatore,2025-05-07,4813.78,SUCCESS,WITHDRAWAL,Peelamedu Branch,C2687,Travel
T406626,3,Coimbatore,2025-05-07,96402.56,SUCCESS,TRANSFER,Peelamedu Branch,C9057,Medical Expenses
T406627,3,Coimbatore,2025-05-07,18869.87,SUCCESS,DEPOSIT,Peelamedu Branch,C5683,Others
T406628,3,Coimbatore,2025-05-07,54869.11,FAILED,DEPOSIT,Peelamedu Branch,C1053,Bill Payment
T406629,3,Coimbatore,2025-05-07,36807.31,SUCCESS,WITHDRAWAL,Peelamedu Branch,C8481,Loan Payment
T406630,3,Coimbatore,2025-05-07,90462.88,FAILED,DEPOSIT,Peelamedu Branch,C3860,Education Fees
T406631,3,Coimbatore,2025-05-07,20169.25,FAILED,WITHDRAWAL,Peelamedu Branch,C7697,Bill Payment
T406632,3,Coimbatore,2025-05-07,80570.6,FAILED,WITHDRAWAL,Peelamedu Branch,C4961,Education Fees
T406633,3,Coimbatore,2025-05-07,19714.12,FAILED,TRANSFER,Peelamedu Branch,C8311,Shopping
T406634,3,Coimbatore,2025-05-07,3090.13,FAILED,TRANSFER,Peelamedu Branch,C1939,Medical Expenses
T406635,3,Coimbatore,2025-05-07,57539.87,FAILED,DEPOSIT,Peelamedu Branch,C1983,Travel
T406636,3,Coimbatore,2025-05-07,53091.22,SUCCESS,TRANSFER,Peelamedu Branch,C2923,Shopping
T406637,3,Coimbatore,2025-05-07,52057.93,SUCCESS,WITHDRAWAL,Peelamedu Branch,C4877,Education Fees
T406638,3,Coimbatore,2025-05-07,72287.67,SUCCESS,WITHDRAWAL,Peelamedu Branch,C5232,Travel
T406639,3,Coimbatore,2025-05-07,32275.68,FAILED,DEPOSIT,Peelamedu Branch,C9269,Bill Payment
T406640,3,Coimbatore,2025-05-07,73261.42,SUCCESS,TRANSFER,Peelamedu Branch,C8517,Loan Payment
T406641,3,Coimbatore,2025-05-07,86646.49,FAILED,DEPOSIT,Peelamedu Branch,C1827,Travel
T406642,3,Coimbatore,2025-05-07,86788.45,SUCCESS,WITHDRAWAL,Peelamedu Branch,C9905,Loan Payment
T406643,3,Coimbatore,2025-05-07,70793.89,FAILED,TRANSFER,Peelamedu Branch,C2913,Others
T406644,3,Coimbatore,2025-05-07,6385.43,FAILED,TRANSFER,Peelamedu Branch,C8927,Shopping
T406645,3,Coimbatore,2025-05-07,40116.76,SUCCESS,TRANSFER,Peelamedu Branch,C7893,Bill Payment
T406646,3,Coimbatore,2025-05-07,17608.45,FAILED,WITHDRAWAL,Peelamedu Branch,C7072,Medical Expenses
T406647,3,Coimbatore,2025-05-06,52139.34,SUCCESS,WITHDRAWAL,Peelamedu Branch,C8283,Loan Payment
T406648,3,Coimbatore,2025-05-06,65448.28,FAILED,TRANSFER,Peelamedu Branch,C1584,Bill Payment
T406649,3,Coimbatore,2025-05-06,16171.48,SUCCESS,TRANSFER,Peelamedu Branch,C7685,Education Fees
T406650,3,Coimbatore,2025-05-06,20460.2,FAILED,TRANSFER,Peelamedu Branch,C6962,Shopping
T406651,3,Coimbatore,2025-05-06,63561.19,FAILED,WITHDRAWAL,Peelamedu Branch,C2445,Others
T406652,3,Coimbatore,2025-05-06,10682.77,SUCCESS,WITHDRAWAL,Peelamedu Branch,C5088,Education Fees
T406653,3,Coimbatore,2025-05-06,99450.63,FAILED,WITHDRAWAL,Peelamedu Branch,C8003,Shopping
T406654,3,Coimbatore,2025-05-06,85360.49,SUCCESS,TRANSFER,Peelamedu Branch,C6767,Others
T406655,3,Coimbatore,2025-05-06,37699.71,SUCCESS,TRANSFER,Peelamedu Branch,C3615,Shopping
T406656,3,Coimbatore,2025-05-06,25378.15,FAILED,TRANSFER,Peelamedu Branch,C6538,Others
T406657,3,Coimbatore,2025-05-06,87874.27,FAILED,DEPOSIT,Peelamedu Branch,C8607,Others
T406658,3,Coimbatore,2025-05-06,24721.14,SUCCESS,TRANSFER,Peelamedu Branch,C6300,Loan Payment
T406659,3,Coimbatore,2025-05-06,29286.16,SUCCESS,TRANSFER,Peelamedu Branch,C7994,Medical Expenses
T406660,3,Coimbatore,2025-05-06,50421.61,FAILED,TRANSFER,Peelamedu Branch,C5511,Travel
T406661,3,Coimbatore,2025-05-06,1414.89,FAILED,WITHDRAWAL,Peelamedu Branch,C5885,Medical Expenses
T406662,3,Coimbatore,2025-05-06,48601.66,SUCCESS,WITHDRAWAL,Peelamedu Branch,C3898,Others
T406663,3,Coimbatore,2025-05-06,82776.77,FAILED,WITHDRAWAL,Peelamedu Branch,C8858,Medical Expenses
T406664,3,Coimbatore,2025-05-06,41205.43,SUCCESS,DEPOSIT,Peelamedu Branch,C7957,Bill Payment
T406665,3,Coimbatore,2025-05-06,42133.47,SUCCESS,DEPOSIT,Peelamedu Branch,C2374,Education Fees
T406666,3,Coimbatore,2025-05-06,63790.07,SUCCESS,WITHDRAWAL,Peelamedu Branch,C7570,Travel
T406667,3,Coimbatore,2025-05-06,82492.65,FAILED,TRANSFER,Peelamedu Branch,C1792,Education Fees
T406668,3,Coimbatore,2025-05-06,28014.52,FAILED,DEPOSIT,Peelamedu Branch,C7804,Education Fees
T406669,3,Coimbatore,2025-05-06,51334.16,FAILED,DEPOSIT,Peelamedu Branch,C9859,Education Fees
T406670,3,Coimbatore,2025-05-06,20886.76,FAILED,TRANSFER,Peelamedu Branch,C5979,Education Fees
T406671,3,Coimbatore,2025-05-06,72861.65,SUCCESS,TRANSFER,Peelamedu Branch,C2322,Travel
T406672,3,Coimbatore,2025-05-06,71049.49,SUCCESS,TRANSFER,Peelamedu Branch,C4977,Travel
T406673,3,Coimbatore,2025-05-06,58462.69,FAILED,WITHDRAWAL,Peelamedu Branch,C3144,Medical Expenses
T406674,3,Coimbatore,2025-05-06,85279.71,FAILED,DEPOSIT,Peelamedu Branch,C2650,Medical Expenses
T406675,3,Coimbatore,2025-05-06,9435.02,FAILED,WITHDRAWAL,Peelamedu Branch,C8550,Medical Expenses
T406676,3,Coimbatore,2025-05-06,41156.32,SUCCESS,WITHDRAWAL,Peelamedu Branch,C4398,Shopping
T406677,3,Coimbatore,2025-05-06,26217.97,SUCCESS,WITHDRAWAL,Peelamedu Branch,C1903,Medical Expenses
T406678,3,Coimbatore,2025-05-06,10728.06,SUCCESS,TRANSFER,Peelamedu Branch,C2963,Others
T406679,3,Coimbatore,2025-05-06,71252.74,SUCCESS,WITHDRAWAL,Peelamedu Branch,C6372,Loan Payment
T406680,3,Coimbatore,2025-05-06,70158.41,SUCCESS,TRANSFER,Peelamedu Branch,C6605,Shopping
T406681,3,Coimbatore,2025-05-06,3861.42,SUCCESS,DEPOSIT,Peelamedu Branch,C9770,Travel
T406682,3,Coimbatore,2025-05-06,51222.52,SUCCESS,TRANSFER,Peelamedu Branch,C4070,Loan Payment
T406683,3,Coimbatore,2025-05-06,49496.52,FAILED,WITHDRAWAL,Peelamedu Branch,C4327,Loan Payment
T406684,3,Coimbatore,2025-05-06,39208.95,FAILED,DEPOSIT,Peelamedu Branch,C4350,Medical Expenses
T406685,3,Coimbatore,2025-05-06,88193.35,FAILED,TRANSFER,Peelamedu Branch,C9740,Medical Expenses
T406686,3,Coimbatore,2025-05-06,11389.14,FAILED,TRANSFER,Peelamedu Branch,C6850,Shopping
T406687,3,Coimbatore,2025-05-06,23368.46,SUCCESS,TRANSFER,Peelamedu Branch,C2652,Education Fees
T406688,3,Coimbatore,2025-05-06,12189.86,SUCCESS,DEPOSIT,Peelamedu Branch,C6640,Education Fees
T406689,3,Coimbatore,2025-05-06,48214.41,SUCCESS,DEPOSIT,Peelamedu Branch,C8799,Others
T406690,3,Coimbatore,2025-05-06,38894.03,SUCCESS,TRANSFER,Peelamedu Branch,C5886,Travel
T406691,3,Coimbatore,2025-05-06,7073.13,FAILED,WITHDRAWAL,Peelamedu Branch,C1554,Loan Payment
T406692,3,Coimbatore,2025-05-06,94818.49,FAILED,TRANSFER,Peelamedu Branch,C4926,Others
T406693,3,Coimbatore,2025-05-06,39675.65,FAILED,WITHDRAWAL,Peelamedu Branch,C5414,Bill Payment
T406694,3,Coimbatore,2025-05-06,53795.26,FAILED,WITHDRAWAL,Peelamedu Branch,C5451,Education Fees
T406695,3,Coimbatore,2025-05-06,96225.83,SUCCESS,DEPOSIT,Peelamedu Branch,C6634,Education Fees
T406696,3,Coimbatore,2025-05-06,16282.49,FAILED,DEPOSIT,Peelamedu Branch,C6020,Travel
T406697,3,Coimbatore,2025-05-06,33352.94,FAILED,TRANSFER,Peelamedu Branch,C2086,Loan Payment
T406698,3,Coimbatore,2025-05-06,17234.63,SUCCESS,DEPOSIT,Peelamedu Branch,C6106,Shopping
T406699,3,Coimbatore,2025-05-06,15577.26,FAILED,WITHDRAWAL,Peelamedu Branch,C7072,Medical Expenses
T406700,3,Coimbatore,2025-05-06,45619.86,FAILED,WITHDRAWAL,Peelamedu Branch,C4515,Medical Expenses
T406701,3,Coimbatore,2025-05-06,10289.13,SUCCESS,WITHDRAWAL,Peelamedu Branch,C2880,Shopping
T406702,3,Coimbatore,2025-05-06,50320.18,SUCCESS,TRANSFER,Peelamedu Branch,C3485,Medical Expenses
T406703,3,Coimbatore,2025-05-06,88699.6,SUCCESS,DEPOSIT,Peelamedu Branch,C2489,Education Fees
T406704,3,Coimbatore,2025-05-06,45990.94,SUCCESS,DEPOSIT,Peelamedu Branch,C8256,Loan Payment
T406705,3,Coimbatore,2025-05-06,7234.11,SUCCESS,DEPOSIT,Peelamedu Branch,C7619,Medical Expenses
T406706,3,Coimbatore,2025-05-06,54273.19,FAILED,TRANSFER,Peelamedu Branch,C4911,Loan Payment
T406707,3,Coimbatore,2025-05-06,21660.46,FAILED,DEPOSIT,Peelamedu Branch,C1177,Travel
T406708,3,Coimbatore,2025-05-06,2714.4,SUCCESS,WITHDRAWAL,Peelamedu Branch,C9031,Bill Payment
T406709,3,Coimbatore,2025-05-06,39440.23,SUCCESS,TRANSFER,Peelamedu Branch,C7977,Travel
T406710,3,Coimbatore,2025-05-06,86577.55,FAILED,WITHDRAWAL,Peelamedu Branch,C5967,Others
T406711,3,Coimbatore,2025-05-06,7102.97,SUCCESS,TRANSFER,Peelamedu Branch,C3803,Medical Expenses
T406712,3,Coimbatore,2025-05-06,50095.42,FAILED,WITHDRAWAL,Peelamedu Branch,C2997,Bill Payment
T406713,3,Coimbatore,2025-05-06,27772.52,SUCCESS,TRANSFER,Peelamedu Branch,C1355,Shopping
T406714,3,Coimbatore,2025-05-06,68000.86,SUCCESS,TRANSFER,Peelamedu Branch,C6327,Travel
T406715,3,Coimbatore,2025-05-06,29998.58,SUCCESS,DEPOSIT,Peelamedu Branch,C5547,Bill Payment
T406716,3,Coimbatore,2025-05-06,62327.36,SUCCESS,TRANSFER,Peelamedu Branch,C5649,Others
T406717,3,Coimbatore,2025-05-06,51857.66,FAILED,WITHDRAWAL,Peelamedu Branch,C4680,Bill Payment
T406718,3,Coimbatore,2025-05-06,26310.88,SUCCESS,DEPOSIT,Peelamedu Branch,C8979,Shopping
T406719,3,Coimbatore,2025-05-06,18169.17,SUCCESS,DEPOSIT,Peelamedu Branch,C7617,Shopping
T406720,3,Coimbatore,2025-05-06,98961.28,SUCCESS,WITHDRAWAL,Peelamedu Branch,C4478,Loan Payment
T406721,3,Coimbatore,2025-05-06,61346.3,SUCCESS,DEPOSIT,Peelamedu Branch,C3871,Shopping
T406722,3,Coimbatore,2025-05-06,17177.12,SUCCESS,WITHDRAWAL,Peelamedu Branch,C2159,Medical Expenses
T406723,3,Coimbatore,2025-05-06,12263.94,SUCCESS,DEPOSIT,Peelamedu Branch,C4176,Others
T406724,3,Coimbatore,2025-05-06,50150.53,SUCCESS,TRANSFER,Peelamedu Branch,C6441,Others
T406725,3,Coimbatore,2025-05-06,38706.64,FAILED,DEPOSIT,Peelamedu Branch,C2865,Others
T406726,3,Coimbatore,2025-05-06,96573.53,FAILED,WITHDRAWAL,Peelamedu Branch,C3083,Loan Payment
T406727,3,Coimbatore,2025-05-06,287.54,SUCCESS,TRANSFER,Peelamedu Branch,C1944,Loan Payment
T406728,3,Coimbatore,2025-05-06,68231.42,SUCCESS,TRANSFER,Peelamedu Branch,C1952,Shopping
T406729,3,Coimbatore,2025-05-06,33237.8,SUCCESS,DEPOSIT,Peelamedu Branch,C1322,Bill Payment
T406730,3,Coimbatore,2025-05-06,65874.68,SUCCESS,TRANSFER,Peelamedu Branch,C6979,Travel
T406731,3,Coimbatore,2025-05-06,27094.49,SUCCESS,WITHDRAWAL,Peelamedu Branch,C5400,Education Fees
T406732,3,Coimbatore,2025-05-06,66833.42,SUCCESS,WITHDRAWAL,Peelamedu Branch,C9727,Medical Expenses
T406733,3,Coimbatore,2025-05-06,40066.97,FAILED,DEPOSIT,Peelamedu Branch,C8484,Bill Payment
T406734,3,Coimbatore,2025-05-06,21224.96,FAILED,WITHDRAWAL,Peelamedu Branch,C3054,Travel
T406735,3,Coimbatore,2025-05-05,47613.43,FAILED,WITHDRAWAL,Peelamedu Branch,C1908,Bill Payment
T406736,3,Coimbatore,2025-05-05,15975.35,SUCCESS,WITHDRAWAL,Peelamedu Branch,C9433,Others
T406737,3,Coimbatore,2025-05-05,14551.38,FAILED,TRANSFER,Peelamedu Branch,C5028,Education Fees
T406738,3,Coimbatore,2025-05-05,38025.84,SUCCESS,WITHDRAWAL,Peelamedu Branch,C4909,Shopping
T406739,3,Coimbatore,2025-05-05,78561.74,SUCCESS,WITHDRAWAL,Peelamedu Branch,C1788,Others
T406740,3,Coimbatore,2025-05-05,18547.26,SUCCESS,TRANSFER,Peelamedu Branch,C5806,Others
T406741,3,Coimbatore,2025-05-05,5398.18,FAILED,WITHDRAWAL,Peelamedu Branch,C4601,Education Fees
T406742,3,Coimbatore,2025-05-05,19265.62,SUCCESS,WITHDRAWAL,Peelamedu Branch,C5938,Education Fees
T406743,3,Coimbatore,2025-05-05,88569.59,FAILED,DEPOSIT,Peelamedu Branch,C9986,Others
T406744,3,Coimbatore,2025-05-05,67892.5,FAILED,DEPOSIT,Peelamedu Branch,C7880,Education Fees
T406745,3,Coimbatore,2025-05-05,17712.76,SUCCESS,WITHDRAWAL,Peelamedu Branch,C5832,Others
T406746,3,Coimbatore,2025-05-05,31419.95,FAILED,WITHDRAWAL,Peelamedu Branch,C6387,Shopping
T406747,3,Coimbatore,2025-05-05,59158.76,FAILED,WITHDRAWAL,Peelamedu Branch,C7022,Medical Expenses
T406748,3,Coimbatore,2025-05-05,60328.08,SUCCESS,WITHDRAWAL,Peelamedu Branch,C8618,Shopping
T406749,3,Coimbatore,2025-05-05,28390.0,FAILED,TRANSFER,Peelamedu Branch,C3859,Shopping
T406750,3,Coimbatore,2025-05-05,46790.2,SUCCESS,TRANSFER,Peelamedu Branch,C6027,Medical Expenses
T406751,3,Coimbatore,2025-05-05,41967.2,SUCCESS,WITHDRAWAL,Peelamedu Branch,C3918,Travel
T406752,3,Coimbatore,2025-05-05,79446.51,SUCCESS,TRANSFER,Peelamedu Branch,C4418,Loan Payment
T406753,3,Coimbatore,2025-05-05,56285.04,SUCCESS,WITHDRAWAL,Peelamedu Branch,C5885,Travel
T406754,3,Coimbatore,2025-05-05,74671.52,SUCCESS,DEPOSIT,Peelamedu Branch,C5386,Travel
T406755,3,Coimbatore,2025-05-05,46765.19,FAILED,WITHDRAWAL,Peelamedu Branch,C8301,Bill Payment
T406756,3,Coimbatore,2025-05-05,19871.97,SUCCESS,WITHDRAWAL,Peelamedu Branch,C5265,Shopping
T406757,3,Coimbatore,2025-05-05,98460.15,SUCCESS,TRANSFER,Peelamedu Branch,C2541,Loan Payment
T406758,3,Coimbatore,2025-05-05,69027.62,SUCCESS,WITHDRAWAL,Peelamedu Branch,C7757,Shopping
T406759,3,Coimbatore,2025-05-05,34772.54,FAILED,DEPOSIT,Peelamedu Branch,C9337,Medical Expenses
T406760,3,Coimbatore,2025-05-05,87756.86,FAILED,TRANSFER,Peelamedu Branch,C9147,Travel
T406761,3,Coimbatore,2025-05-05,9009.57,FAILED,DEPOSIT,Peelamedu Branch,C1159,Others
T406762,3,Coimbatore,2025-05-05,46077.01,SUCCESS,WITHDRAWAL,Peelamedu Branch,C2454,Loan Payment
T406763,3,Coimbatore,2025-05-05,66049.4,SUCCESS,DEPOSIT,Peelamedu Branch,C9578,Medical Expenses
T406764,3,Coimbatore,2025-05-05,24047.59,SUCCESS,DEPOSIT,Peelamedu Branch,C7220,Travel
T406765,3,Coimbatore,2025-05-05,4394.26,FAILED,DEPOSIT,Peelamedu Branch,C3319,Bill Payment
T406766,3,Coimbatore,2025-05-05,34745.81,FAILED,TRANSFER,Peelamedu Branch,C1305,Others
T406767,3,Coimbatore,2025-05-05,98580.77,FAILED,WITHDRAWAL,Peelamedu Branch,C5323,Shopping
T406768,3,Coimbatore,2025-05-05,93395.42,FAILED,DEPOSIT,Peelamedu Branch,C4173,Medical Expenses
T406769,3,Coimbatore,2025-05-05,83747.96,FAILED,DEPOSIT,Peelamedu Branch,C1447,Travel
T406770,3,Coimbatore,2025-05-05,53964.07,FAILED,WITHDRAWAL,Peelamedu Branch,C1403,Loan Payment
T406771,3,Coimbatore,2025-05-05,30113.3,FAILED,DEPOSIT,Peelamedu Branch,C9243,Medical Expenses
T406772,3,Coimbatore,2025-05-05,5413.92,SUCCESS,DEPOSIT,Peelamedu Branch,C3598,Education Fees
T406773,3,Coimbatore,2025-05-05,39264.27,FAILED,WITHDRAWAL,Peelamedu Branch,C6684,Loan Payment
T406774,3,Coimbatore,2025-05-05,96791.18,FAILED,DEPOSIT,Peelamedu Branch,C8261,Others
T406775,3,Coimbatore,2025-05-05,72490.61,SUCCESS,TRANSFER,Peelamedu Branch,C9413,Medical Expenses
T406776,3,Coimbatore,2025-05-05,58641.31,FAILED,WITHDRAWAL,Peelamedu Branch,C5990,Medical Expenses
T406777,3,Coimbatore,2025-05-05,12930.38,SUCCESS,TRANSFER,Peelamedu Branch,C6393,Bill Payment
T406778,3,Coimbatore,2025-05-05,17246.92,FAILED,DEPOSIT,Peelamedu Branch,C3870,Bill Payment
T406779,3,Coimbatore,2025-05-05,73405.29,FAILED,DEPOSIT,Peelamedu Branch,C2170,Medical Expenses
T406780,3,Coimbatore,2025-05-05,45357.88,FAILED,TRANSFER,Peelamedu Branch,C7518,Bill Payment
T406781,3,Coimbatore,2025-05-05,48531.68,FAILED,DEPOSIT,Peelamedu Branch,C8172,Loan Payment
T406782,3,Coimbatore,2025-05-05,26704.32,SUCCESS,TRANSFER,Peelamedu Branch,C9539,Medical Expenses
T406783,3,Coimbatore,2025-05-05,23075.78,SUCCESS,DEPOSIT,Peelamedu Branch,C4512,Loan Payment
T406784,3,Coimbatore,2025-05-05,97664.16,FAILED,TRANSFER,Peelamedu Branch,C5943,Others
T406785,3,Coimbatore,2025-05-05,47346.16,SUCCESS,WITHDRAWAL,Peelamedu Branch,C2706,Medical Expenses
T406786,3,Coimbatore,2025-05-05,6772.97,SUCCESS,TRANSFER,Peelamedu Branch,C7234,Education Fees
T406787,3,Coimbatore,2025-05-05,70075.93,SUCCESS,DEPOSIT,Peelamedu Branch,C9252,Others
T406788,3,Coimbatore,2025-05-05,55684.36,FAILED,TRANSFER,Peelamedu Branch,C5100,Education Fees
T406789,3,Coimbatore,2025-05-05,51796.73,FAILED,TRANSFER,Peelamedu Branch,C1886,Medical Expenses
T406790,3,Coimbatore,2025-05-05,55245.45,SUCCESS,WITHDRAWAL,Peelamedu Branch,C1511,Shopping
T406791,3,Coimbatore,2025-05-05,2968.17,SUCCESS,WITHDRAWAL,Peelamedu Branch,C2302,Others
T406792,3,Coimbatore,2025-05-05,20127.64,FAILED,DEPOSIT,Peelamedu Branch,C8722,Bill Payment
T406793,3,Coimbatore,2025-05-05,19272.61,FAILED,WITHDRAWAL,Peelamedu Branch,C5340,Bill Payment
T406794,3,Coimbatore,2025-05-05,55539.61,SUCCESS,TRANSFER,Peelamedu Branch,C3517,Others
T406795,3,Coimbatore,2025-05-05,27795.49,FAILED,DEPOSIT,Peelamedu Branch,C2815,Medical Expenses
T406796,3,Coimbatore,2025-05-05,59234.24,SUCCESS,TRANSFER,Peelamedu Branch,C4606,Others
T406797,3,Coimbatore,2025-05-05,17802.86,SUCCESS,DEPOSIT,Peelamedu Branch,C5103,Shopping
T406798,3,Coimbatore,2025-05-05,63704.97,FAILED,TRANSFER,Peelamedu Branch,C9214,Shopping
T406799,3,Coimbatore,2025-05-05,63060.36,SUCCESS,DEPOSIT,Peelamedu Branch,C5675,Loan Payment
T406800,3,Coimbatore,2025-05-05,2813.38,FAILED,WITHDRAWAL,Peelamedu Branch,C9287,Education Fees
T406801,3,Coimbatore,2025-05-05,76877.86,FAILED,TRANSFER,Peelamedu Branch,C3775,Others
T406802,3,Coimbatore,2025-05-05,13354.68,SUCCESS,WITHDRAWAL,Peelamedu Branch,C3303,Others
T406803,3,Coimbatore,2025-05-05,43921.17,SUCCESS,TRANSFER,Peelamedu Branch,C3940,Shopping
T406804,3,Coimbatore,2025-05-05,42325.45,SUCCESS,DEPOSIT,Peelamedu Branch,C4408,Shopping
T406805,3,Coimbatore,2025-05-05,72792.02,FAILED,DEPOSIT,Peelamedu Branch,C7094,Others
T406806,3,Coimbatore,2025-05-05,18823.28,SUCCESS,TRANSFER,Peelamedu Branch,C7298,Shopping
T406807,3,Coimbatore,2025-05-05,43630.52,SUCCESS,TRANSFER,Peelamedu Branch,C2504,Others
T406808,3,Coimbatore,2025-05-05,22841.13,FAILED,WITHDRAWAL,Peelamedu Branch,C9057,Shopping
T406809,3,Coimbatore,2025-05-05,6639.79,FAILED,DEPOSIT,Peelamedu Branch,C1129,Travel
T406810,3,Coimbatore,2025-05-05,38585.45,FAILED,DEPOSIT,Peelamedu Branch,C3124,Medical Expenses
T406811,3,Coimbatore,2025-05-05,25660.8,FAILED,WITHDRAWAL,Peelamedu Branch,C2773,Others
T406812,3,Coimbatore,2025-05-05,12231.75,SUCCESS,TRANSFER,Peelamedu Branch,C7847,Others
T406813,3,Coimbatore,2025-05-05,73780.52,SUCCESS,DEPOSIT,Peelamedu Branch,C7438,Travel
T406814,3,Coimbatore,2025-05-05,84017.18,SUCCESS,TRANSFER,Peelamedu Branch,C5595,Bill Payment
T406815,3,Coimbatore,2025-05-05,82444.52,SUCCESS,WITHDRAWAL,Peelamedu Branch,C7041,Others
T406816,3,Coimbatore,2025-05-05,68998.14,SUCCESS,WITHDRAWAL,Peelamedu Branch,C9278,Bill Payment
T406817,3,Coimbatore,2025-05-05,28322.09,FAILED,WITHDRAWAL,Peelamedu Branch,C3233,Others
T406818,3,Coimbatore,2025-05-05,68170.22,SUCCESS,WITHDRAWAL,Peelamedu Branch,C9239,Bill Payment
T406819,3,Coimbatore,2025-05-05,88074.6,SUCCESS,WITHDRAWAL,Peelamedu Branch,C2549,Medical Expenses
T406820,3,Coimbatore,2025-05-05,61185.49,FAILED,WITHDRAWAL,Peelamedu Branch,C4923,Others
T406821,3,Coimbatore,2025-05-05,90264.49,FAILED,DEPOSIT,Peelamedu Branch,C9125,Medical Expenses
T406822,3,Coimbatore,2025-05-04,18574.48,FAILED,DEPOSIT,Peelamedu Branch,C7911,Medical Expenses
T406823,3,Coimbatore,2025-05-04,49484.57,FAILED,WITHDRAWAL,Peelamedu Branch,C8982,Shopping
T406824,3,Coimbatore,2025-05-04,72011.31,FAILED,DEPOSIT,Peelamedu Branch,C5510,Travel
T406825,3,Coimbatore,2025-05-04,72434.69,FAILED,DEPOSIT,Peelamedu Branch,C7488,Others
T406826,3,Coimbatore,2025-05-04,34735.78,SUCCESS,WITHDRAWAL,Peelamedu Branch,C9764,Bill Payment
T406827,3,Coimbatore,2025-05-04,80593.81,FAILED,WITHDRAWAL,Peelamedu Branch,C7419,Bill Payment
T406828,3,Coimbatore,2025-05-04,70406.13,FAILED,DEPOSIT,Peelamedu Branch,C9612,Medical Expenses
T406829,3,Coimbatore,2025-05-04,29455.55,SUCCESS,TRANSFER,Peelamedu Branch,C9166,Travel
T406830,3,Coimbatore,2025-05-04,13050.68,SUCCESS,WITHDRAWAL,Peelamedu Branch,C7787,Bill Payment
T406831,3,Coimbatore,2025-05-04,21682.64,SUCCESS,DEPOSIT,Peelamedu Branch,C6580,Loan Payment
T406832,3,Coimbatore,2025-05-04,42845.28,SUCCESS,TRANSFER,Peelamedu Branch,C2405,Medical Expenses
T406833,3,Coimbatore,2025-05-04,26790.96,FAILED,WITHDRAWAL,Peelamedu Branch,C3321,Loan Payment
T406834,3,Coimbatore,2025-05-04,84455.44,SUCCESS,DEPOSIT,Peelamedu Branch,C5676,Medical Expenses
T406835,3,Coimbatore,2025-05-04,13893.3,FAILED,DEPOSIT,Peelamedu Branch,C5732,Loan Payment
T406836,3,Coimbatore,2025-05-04,61994.16,SUCCESS,WITHDRAWAL,Peelamedu Branch,C7747,Travel
T406837,3,Coimbatore,2025-05-04,29900.56,SUCCESS,TRANSFER,Peelamedu Branch,C2640,Shopping
T406838,3,Coimbatore,2025-05-04,20898.01,FAILED,WITHDRAWAL,Peelamedu Branch,C8631,Medical Expenses
T406839,3,Coimbatore,2025-05-04,21606.71,FAILED,DEPOSIT,Peelamedu Branch,C7616,Bill Payment
T406840,3,Coimbatore,2025-05-04,88186.04,FAILED,TRANSFER,Peelamedu Branch,C5498,Bill Payment
T406841,3,Coimbatore,2025-05-04,20469.56,FAILED,DEPOSIT,Peelamedu Branch,C9576,Medical Expenses
T406842,3,Coimbatore,2025-05-04,14782.23,FAILED,TRANSFER,Peelamedu Branch,C4791,Bill Payment
T406843,3,Coimbatore,2025-05-04,82428.69,SUCCESS,TRANSFER,Peelamedu Branch,C4001,Travel
T406844,3,Coimbatore,2025-05-04,11317.57,FAILED,TRANSFER,Peelamedu Branch,C7567,Medical Expenses
T406845,3,Coimbatore,2025-05-04,85396.59,SUCCESS,TRANSFER,Peelamedu Branch,C2858,Medical Expenses
T406846,3,Coimbatore,2025-05-04,20782.53,SUCCESS,DEPOSIT,Peelamedu Branch,C8293,Bill Payment
T406847,3,Coimbatore,2025-05-04,86195.03,SUCCESS,WITHDRAWAL,Peelamedu Branch,C5438,Others
T406848,3,Coimbatore,2025-05-04,6143.61,SUCCESS,DEPOSIT,Peelamedu Branch,C7580,Medical Expenses
T406849,3,Coimbatore,2025-05-04,74706.38,FAILED,TRANSFER,Peelamedu Branch,C1339,Medical Expenses
T406850,3,Coimbatore,2025-05-04,52427.02,FAILED,TRANSFER,Peelamedu Branch,C8731,Education Fees
T406851,3,Coimbatore,2025-05-04,55544.33,FAILED,DEPOSIT,Peelamedu Branch,C7596,Loan Payment
T406852,3,Coimbatore,2025-05-04,60282.69,FAILED,DEPOSIT,Peelamedu Branch,C8666,Shopping
T406853,3,Coimbatore,2025-05-04,35006.2,SUCCESS,WITHDRAWAL,Peelamedu Branch,C5123,Shopping
T406854,3,Coimbatore,2025-05-04,82670.67,SUCCESS,DEPOSIT,Peelamedu Branch,C2500,Others
T406855,3,Coimbatore,2025-05-04,59281.21,FAILED,WITHDRAWAL,Peelamedu Branch,C2399,Others
T406856,3,Coimbatore,2025-05-04,64770.73,SUCCESS,TRANSFER,Peelamedu Branch,C5306,Education Fees
T406857,3,Coimbatore,2025-05-04,51408.94,SUCCESS,TRANSFER,Peelamedu Branch,C9347,Education Fees
T406858,3,Coimbatore,2025-05-04,49865.63,FAILED,DEPOSIT,Peelamedu Branch,C7849,Medical Expenses
T406859,3,Coimbatore,2025-05-04,69289.05,FAILED,DEPOSIT,Peelamedu Branch,C6919,Others
T406860,3,Coimbatore,2025-05-04,97667.74,SUCCESS,WITHDRAWAL,Peelamedu Branch,C1821,Education Fees
T406861,3,Coimbatore,2025-05-04,29981.98,SUCCESS,DEPOSIT,Peelamedu Branch,C2433,Travel
T406862,3,Coimbatore,2025-05-04,36302.38,SUCCESS,WITHDRAWAL,Peelamedu Branch,C7538,Travel
T406863,3,Coimbatore,2025-05-04,77529.49,FAILED,TRANSFER,Peelamedu Branch,C9408,Medical Expenses
T406864,3,Coimbatore,2025-05-04,83217.1,FAILED,WITHDRAWAL,Peelamedu Branch,C6345,Travel
T406865,3,Coimbatore,2025-05-04,3310.3,FAILED,DEPOSIT,Peelamedu Branch,C1587,Travel
T406866,3,Coimbatore,2025-05-04,97108.23,SUCCESS,DEPOSIT,Peelamedu Branch,C5188,Shopping
T406867,3,Coimbatore,2025-05-04,27995.08,SUCCESS,DEPOSIT,Peelamedu Branch,C9484,Bill Payment
T406868,3,Coimbatore,2025-05-04,44500.56,FAILED,TRANSFER,Peelamedu Branch,C8742,Travel
T406869,3,Coimbatore,2025-05-04,16324.88,FAILED,WITHDRAWAL,Peelamedu Branch,C6414,Travel
T406870,3,Coimbatore,2025-05-04,68902.4,SUCCESS,DEPOSIT,Peelamedu Branch,C2739,Medical Expenses
T406871,3,Coimbatore,2025-05-04,53834.98,FAILED,TRANSFER,Peelamedu Branch,C3295,Medical Expenses
T406872,3,Coimbatore,2025-05-04,55215.46,FAILED,WITHDRAWAL,Peelamedu Branch,C2295,Medical Expenses
T406873,3,Coimbatore,2025-05-04,9731.95,SUCCESS,WITHDRAWAL,Peelamedu Branch,C3418,Shopping
T406874,3,Coimbatore,2025-05-04,60504.78,SUCCESS,TRANSFER,Peelamedu Branch,C5773,Medical Expenses
T406875,3,Coimbatore,2025-05-04,2292.26,FAILED,DEPOSIT,Peelamedu Branch,C9674,Medical Expenses
T406876,3,Coimbatore,2025-05-04,49431.61,SUCCESS,TRANSFER,Peelamedu Branch,C2981,Education Fees
T406877,3,Coimbatore,2025-05-04,65608.33,FAILED,TRANSFER,Peelamedu Branch,C9568,Travel
T406878,3,Coimbatore,2025-05-04,78417.61,FAILED,TRANSFER,Peelamedu Branch,C3558,Loan Payment
T406879,3,Coimbatore,2025-05-04,75216.73,FAILED,TRANSFER,Peelamedu Branch,C1781,Travel
T406880,3,Coimbatore,2025-05-04,26789.77,SUCCESS,TRANSFER,Peelamedu Branch,C8291,Loan Payment
T406881,3,Coimbatore,2025-05-04,23509.01,FAILED,DEPOSIT,Peelamedu Branch,C3063,Bill Payment
T406882,3,Coimbatore,2025-05-04,58744.46,SUCCESS,DEPOSIT,Peelamedu Branch,C1937,Medical Expenses
T406883,3,Coimbatore,2025-05-04,1347.9,FAILED,DEPOSIT,Peelamedu Branch,C7496,Education Fees
T406884,3,Coimbatore,2025-05-04,39857.75,FAILED,WITHDRAWAL,Peelamedu Branch,C1543,Medical Expenses
T406885,3,Coimbatore,2025-05-04,22668.28,FAILED,WITHDRAWAL,Peelamedu Branch,C6465,Education Fees
T406886,3,Coimbatore,2025-05-04,63215.46,SUCCESS,TRANSFER,Peelamedu Branch,C9525,Shopping
T406887,3,Coimbatore,2025-05-04,15348.54,FAILED,TRANSFER,Peelamedu Branch,C6909,Travel
T406888,3,Coimbatore,2025-05-04,97653.14,SUCCESS,WITHDRAWAL,Peelamedu Branch,C2771,Medical Expenses
T406889,3,Coimbatore,2025-05-04,4777.4,SUCCESS,DEPOSIT,Peelamedu Branch,C7730,Shopping
T406890,3,Coimbatore,2025-05-04,48315.84,FAILED,TRANSFER,Peelamedu Branch,C1364,Medical Expenses
T406891,3,Coimbatore,2025-05-04,12171.07,FAILED,WITHDRAWAL,Peelamedu Branch,C5445,Others
T406892,3,Coimbatore,2025-05-04,95197.1,SUCCESS,WITHDRAWAL,Peelamedu Branch,C7916,Travel
T406893,3,Coimbatore,2025-05-04,83110.31,FAILED,DEPOSIT,Peelamedu Branch,C2705,Education Fees
T406894,3,Coimbatore,2025-05-04,38477.82,SUCCESS,WITHDRAWAL,Peelamedu Branch,C1558,Travel
T406895,3,Coimbatore,2025-05-04,55449.34,SUCCESS,TRANSFER,Peelamedu Branch,C8960,Bill Payment
T406896,3,Coimbatore,2025-05-04,97008.73,FAILED,DEPOSIT,Peelamedu Branch,C1591,Medical Expenses
T406897,3,Coimbatore,2025-05-04,23097.32,SUCCESS,DEPOSIT,Peelamedu Branch,C8980,Medical Expenses
T406898,3,Coimbatore,2025-05-04,50687.23,SUCCESS,TRANSFER,Peelamedu Branch,C8416,Education Fees
T406899,3,Coimbatore,2025-05-04,57172.97,FAILED,WITHDRAWAL,Peelamedu Branch,C4044,Others
T406900,3,Coimbatore,2025-05-04,98638.22,SUCCESS,DEPOSIT,Peelamedu Branch,C6841,Others
T406901,3,Coimbatore,2025-05-04,24836.02,FAILED,TRANSFER,Peelamedu Branch,C3221,Bill Payment
T406902,3,Coimbatore,2025-05-04,47000.26,SUCCESS,DEPOSIT,Peelamedu Branch,C3145,Bill Payment
T406903,3,Coimbatore,2025-05-04,62782.5,FAILED,TRANSFER,Peelamedu Branch,C1607,Medical Expenses
T406904,3,Coimbatore,2025-05-04,83908.27,SUCCESS,WITHDRAWAL,Peelamedu Branch,C9901,Travel
T406905,3,Coimbatore,2025-05-04,38198.36,SUCCESS,TRANSFER,Peelamedu Branch,C7856,Travel
T406906,3,Coimbatore,2025-05-04,45129.97,FAILED,DEPOSIT,Peelamedu Branch,C2703,Others
T406907,3,Coimbatore,2025-05-04,17816.7,SUCCESS,DEPOSIT,Peelamedu Branch,C9029,Shopping
T406908,3,Coimbatore,2025-05-04,49833.28,SUCCESS,WITHDRAWAL,Peelamedu Branch,C4505,Travel
T406909,3,Coimbatore,2025-05-04,65754.6,FAILED,DEPOSIT,Peelamedu Branch,C5412,Education Fees
T406910,3,Coimbatore,2025-05-04,83578.47,FAILED,DEPOSIT,Peelamedu Branch,C4759,Others
T406911,3,Coimbatore,2025-05-04,16695.51,SUCCESS,TRANSFER,Peelamedu Branch,C8459,Education Fees
T406912,3,Coimbatore,2025-05-04,10540.7,SUCCESS,DEPOSIT,Peelamedu Branch,C4412,Education Fees
T406913,3,Coimbatore,2025-05-04,71465.55,FAILED,TRANSFER,Peelamedu Branch,C7573,Bill Payment
T406914,3,Coimbatore,2025-05-04,14723.87,FAILED,DEPOSIT,Peelamedu Branch,C9615,Travel
T406915,3,Coimbatore,2025-05-04,6849.68,SUCCESS,WITHDRAWAL,Peelamedu Branch,C8642,Travel
T406916,3,Coimbatore,2025-05-03,4286.46,FAILED,WITHDRAWAL,Peelamedu Branch,C4145,Others
T406917,3,Coimbatore,2025-05-03,7065.05,FAILED,WITHDRAWAL,Peelamedu Branch,C2769,Medical Expenses
T406918,3,Coimbatore,2025-05-03,84891.04,FAILED,WITHDRAWAL,Peelamedu Branch,C6800,Medical Expenses
T406919,3,Coimbatore,2025-05-03,65431.31,SUCCESS,DEPOSIT,Peelamedu Branch,C2729,Bill Payment
T406920,3,Coimbatore,2025-05-03,24513.39,SUCCESS,DEPOSIT,Peelamedu Branch,C7167,Travel
T406921,3,Coimbatore,2025-05-03,57278.39,SUCCESS,TRANSFER,Peelamedu Branch,C7457,Others
T406922,3,Coimbatore,2025-05-03,94780.87,FAILED,TRANSFER,Peelamedu Branch,C8031,Others
T406923,3,Coimbatore,2025-05-03,70290.66,SUCCESS,TRANSFER,Peelamedu Branch,C3131,Travel
T406924,3,Coimbatore,2025-05-03,24930.81,SUCCESS,TRANSFER,Peelamedu Branch,C5191,Shopping
T406925,3,Coimbatore,2025-05-03,90832.81,FAILED,WITHDRAWAL,Peelamedu Branch,C8727,Medical Expenses
T406926,3,Coimbatore,2025-05-03,3223.16,FAILED,DEPOSIT,Peelamedu Branch,C7042,Travel
T406927,3,Coimbatore,2025-05-03,72274.73,FAILED,TRANSFER,Peelamedu Branch,C3025,Others
T406928,3,Coimbatore,2025-05-03,70921.26,SUCCESS,TRANSFER,Peelamedu Branch,C6005,Travel
T406929,3,Coimbatore,2025-05-03,76958.93,FAILED,WITHDRAWAL,Peelamedu Branch,C5189,Bill Payment
T406930,3,Coimbatore,2025-05-03,37391.51,FAILED,TRANSFER,Peelamedu Branch,C3333,Loan Payment
T406931,3,Coimbatore,2025-05-03,72950.95,FAILED,WITHDRAWAL,Peelamedu Branch,C6705,Travel
T406932,3,Coimbatore,2025-05-03,37756.96,SUCCESS,DEPOSIT,Peelamedu Branch,C2611,Bill Payment
T406933,3,Coimbatore,2025-05-03,44219.61,SUCCESS,DEPOSIT,Peelamedu Branch,C9850,Travel
T406934,3,Coimbatore,2025-05-03,37436.38,FAILED,WITHDRAWAL,Peelamedu Branch,C5047,Medical Expenses
T406935,3,Coimbatore,2025-05-03,78560.56,FAILED,DEPOSIT,Peelamedu Branch,C2873,Bill Payment
T406936,3,Coimbatore,2025-05-03,98100.67,FAILED,TRANSFER,Peelamedu Branch,C2920,Others
T406937,3,Coimbatore,2025-05-03,55270.29,SUCCESS,DEPOSIT,Peelamedu Branch,C1850,Bill Payment
T406938,3,Coimbatore,2025-05-03,62022.92,FAILED,TRANSFER,Peelamedu Branch,C6402,Shopping
T406939,3,Coimbatore,2025-05-03,51587.38,SUCCESS,WITHDRAWAL,Peelamedu Branch,C6865,Travel
T406940,3,Coimbatore,2025-05-03,7782.3,FAILED,TRANSFER,Peelamedu Branch,C8476,Travel
T406941,3,Coimbatore,2025-05-03,10952.91,FAILED,TRANSFER,Peelamedu Branch,C3851,Medical Expenses
T406942,3,Coimbatore,2025-05-03,29303.8,FAILED,WITHDRAWAL,Peelamedu Branch,C7358,Bill Payment
T406943,3,Coimbatore,2025-05-03,96231.57,SUCCESS,WITHDRAWAL,Peelamedu Branch,C9336,Loan Payment
T406944,3,Coimbatore,2025-05-03,33588.96,FAILED,WITHDRAWAL,Peelamedu Branch,C3855,Medical Expenses
T406945,3,Coimbatore,2025-05-03,64229.95,SUCCESS,TRANSFER,Peelamedu Branch,C6898,Shopping
T406946,3,Coimbatore,2025-05-03,94756.73,SUCCESS,DEPOSIT,Peelamedu Branch,C3112,Bill Payment
T406947,3,Coimbatore,2025-05-03,38727.0,FAILED,WITHDRAWAL,Peelamedu Branch,C3923,Medical Expenses
T406948,3,Coimbatore,2025-05-03,46509.64,SUCCESS,WITHDRAWAL,Peelamedu Branch,C1877,Education Fees
T406949,3,Coimbatore,2025-05-03,84304.7,FAILED,WITHDRAWAL,Peelamedu Branch,C9754,Others
T406950,3,Coimbatore,2025-05-03,38282.18,FAILED,DEPOSIT,Peelamedu Branch,C3999,Education Fees
T406951,3,Coimbatore,2025-05-03,88673.13,SUCCESS,TRANSFER,Peelamedu Branch,C2144,Bill Payment
T406952,3,Coimbatore,2025-05-03,86988.12,SUCCESS,DEPOSIT,Peelamedu Branch,C2505,Loan Payment
T406953,3,Coimbatore,2025-05-03,10041.89,FAILED,TRANSFER,Peelamedu Branch,C5909,Loan Payment
T406954,3,Coimbatore,2025-05-03,71948.06,SUCCESS,DEPOSIT,Peelamedu Branch,C2473,Shopping
T406955,3,Coimbatore,2025-05-03,85059.92,SUCCESS,TRANSFER,Peelamedu Branch,C5255,Medical Expenses
T406956,3,Coimbatore,2025-05-03,26770.37,FAILED,DEPOSIT,Peelamedu Branch,C8216,Education Fees
T406957,3,Coimbatore,2025-05-03,23486.23,SUCCESS,TRANSFER,Peelamedu Branch,C2271,Shopping
T406958,3,Coimbatore,2025-05-03,41271.86,FAILED,DEPOSIT,Peelamedu Branch,C9241,Shopping
T406959,3,Coimbatore,2025-05-03,49975.66,SUCCESS,DEPOSIT,Peelamedu Branch,C2551,Loan Payment
T406960,3,Coimbatore,2025-05-03,89297.87,FAILED,WITHDRAWAL,Peelamedu Branch,C4381,Shopping
T406961,3,Coimbatore,2025-05-03,7497.61,SUCCESS,TRANSFER,Peelamedu Branch,C3702,Education Fees
T406962,3,Coimbatore,2025-05-03,53474.98,SUCCESS,WITHDRAWAL,Peelamedu Branch,C1758,Medical Expenses
T406963,3,Coimbatore,2025-05-03,26735.11,FAILED,DEPOSIT,Peelamedu Branch,C8222,Loan Payment
T406964,3,Coimbatore,2025-05-03,52918.36,SUCCESS,WITHDRAWAL,Peelamedu Branch,C3362,Shopping
T406965,3,Coimbatore,2025-05-03,40499.69,FAILED,DEPOSIT,Peelamedu Branch,C2049,Shopping
T406966,3,Coimbatore,2025-05-03,86554.94,FAILED,WITHDRAWAL,Peelamedu Branch,C3012,Travel
T406967,3,Coimbatore,2025-05-03,82456.8,SUCCESS,DEPOSIT,Peelamedu Branch,C6695,Education Fees
T406968,3,Coimbatore,2025-05-03,34653.08,SUCCESS,TRANSFER,Peelamedu Branch,C8865,Bill Payment
T406969,3,Coimbatore,2025-05-03,59119.3,SUCCESS,DEPOSIT,Peelamedu Branch,C7377,Bill Payment
T406970,3,Coimbatore,2025-05-03,32877.57,SUCCESS,DEPOSIT,Peelamedu Branch,C6218,Medical Expenses
T406971,3,Coimbatore,2025-05-03,9115.98,FAILED,TRANSFER,Peelamedu Branch,C5228,Others
T406972,3,Coimbatore,2025-05-03,3550.34,SUCCESS,DEPOSIT,Peelamedu Branch,C7546,Bill Payment
T406973,3,Coimbatore,2025-05-03,86402.96,SUCCESS,DEPOSIT,Peelamedu Branch,C2904,Bill Payment
T406974,3,Coimbatore,2025-05-03,61811.3,FAILED,WITHDRAWAL,Peelamedu Branch,C1168,Others
T406975,3,Coimbatore,2025-05-03,59878.16,FAILED,WITHDRAWAL,Peelamedu Branch,C3330,Medical Expenses
T406976,3,Coimbatore,2025-05-03,27743.46,SUCCESS,WITHDRAWAL,Peelamedu Branch,C5681,Education Fees
T406977,3,Coimbatore,2025-05-03,37671.19,SUCCESS,WITHDRAWAL,Peelamedu Branch,C9110,Travel
T406978,3,Coimbatore,2025-05-03,89375.17,FAILED,DEPOSIT,Peelamedu Branch,C3099,Bill Payment
T406979,3,Coimbatore,2025-05-03,25036.18,SUCCESS,DEPOSIT,Peelamedu Branch,C8499,Medical Expenses
T406980,3,Coimbatore,2025-05-03,16503.78,SUCCESS,WITHDRAWAL,Peelamedu Branch,C7947,Education Fees
T406981,3,Coimbatore,2025-05-03,89971.18,FAILED,WITHDRAWAL,Peelamedu Branch,C5996,Medical Expenses
T406982,3,Coimbatore,2025-05-03,33545.99,FAILED,TRANSFER,Peelamedu Branch,C9807,Bill Payment
T406983,3,Coimbatore,2025-05-03,52113.85,SUCCESS,WITHDRAWAL,Peelamedu Branch,C1228,Medical Expenses
T406984,3,Coimbatore,2025-05-03,54750.6,FAILED,DEPOSIT,Peelamedu Branch,C6782,Loan Payment
T406985,3,Coimbatore,2025-05-03,97287.6,SUCCESS,DEPOSIT,Peelamedu Branch,C3247,Education Fees
T406986,3,Coimbatore,2025-05-03,85739.82,SUCCESS,DEPOSIT,Peelamedu Branch,C7868,Loan Payment
T406987,3,Coimbatore,2025-05-03,24131.51,FAILED,WITHDRAWAL,Peelamedu Branch,C4952,Others
T406988,3,Coimbatore,2025-05-03,96519.09,SUCCESS,DEPOSIT,Peelamedu Branch,C2694,Education Fees
T406989,3,Coimbatore,2025-05-03,53526.21,SUCCESS,DEPOSIT,Peelamedu Branch,C5924,Loan Payment
T406990,3,Coimbatore,2025-05-03,84619.42,FAILED,DEPOSIT,Peelamedu Branch,C9409,Education Fees
T406991,3,Coimbatore,2025-05-03,53672.49,SUCCESS,DEPOSIT,Peelamedu Branch,C2989,Loan Payment
T406992,3,Coimbatore,2025-05-03,21905.86,FAILED,DEPOSIT,Peelamedu Branch,C6646,Bill Payment
T406993,3,Coimbatore,2025-05-03,33250.91,SUCCESS,TRANSFER,Peelamedu Branch,C8502,Medical Expenses
T406994,3,Coimbatore,2025-05-03,85773.67,SUCCESS,DEPOSIT,Peelamedu Branch,C9402,Education Fees
T406995,3,Coimbatore,2025-05-03,17848.7,FAILED,TRANSFER,Peelamedu Branch,C9885,Loan Payment
T406996,3,Coimbatore,2025-05-03,47977.64,FAILED,DEPOSIT,Peelamedu Branch,C3824,Bill Payment
T406997,3,Coimbatore,2025-05-03,33033.88,FAILED,WITHDRAWAL,Peelamedu Branch,C9619,Travel
T406998,3,Coimbatore,2025-05-03,65851.18,SUCCESS,TRANSFER,Peelamedu Branch,C7484,Travel
T406999,3,Coimbatore,2025-05-03,44102.2,SUCCESS,DEPOSIT,Peelamedu Branch,C7193,Medical Expenses
T407000,3,Coimbatore,2025-05-03,67019.2,SUCCESS,WITHDRAWAL,Peelamedu Branch,C7252,Education Fees
T407001,3,Coimbatore,2025-05-03,10382.38,FAILED,TRANSFER,Peelamedu Branch,C3928,Travel
T407002,3,Coimbatore,2025-05-03,92618.86,FAILED,TRANSFER,Peelamedu Branch,C1758,Others
