TRANSACTION_ID,BRANCH_ID,CITY,DATE,AMOUNT,STATUS,TRANSACTION_TYPE,BRANCH_NAME,CUSTOMER_ID,PURPOSE
T402761,1,Salem,2025-05-09,54932.47,FAILED,WITHDRAWAL,Fairlands Branch,C2367,Shopping
T402762,1,Salem,2025-05-09,68887.46,FAILED,DEPOSIT,Fairlands Branch,C7852,Others
T402763,1,Salem,2025-05-09,84284.84,FAILED,TRANSFER,Fairlands Branch,C1046,Travel
T402764,1,Salem,2025-05-09,50222.89,SUCCESS,DEPOSIT,Fairlands Branch,C1336,Education Fees
T402765,1,Salem,2025-05-09,45067.97,SUCCESS,TRANSFER,Fairlands Branch,C2395,Loan Payment
T402766,1,Salem,2025-05-09,74583.05,FAILED,DEPOSIT,Fairlands Branch,C6642,Others
T402767,1,Salem,2025-05-09,46009.52,FAILED,DEPOSIT,Fairlands Branch,C3328,Others
T402768,1,Salem,2025-05-09,86866.67,FAILED,TRANSFER,Fairlands Branch,C7333,Bill Payment
T402769,1,Salem,2025-05-09,9498.49,SUCCESS,WITHDRAWAL,Fairlands Branch,C4823,Education Fees
T402770,1,Salem,2025-05-09,39385.17,SUCCESS,WITHDRAWAL,Fairlands Branch,C8832,Travel
T402771,1,Salem,2025-05-09,529.85,SUCCESS,TRANSFER,Fairlands Branch,C6437,Shopping
T402772,1,Salem,2025-05-09,97630.53,FAILED,WITHDRAWAL,Fairlands Branch,C4358,Shopping
T402773,1,Salem,2025-05-09,84003.27,SUCCESS,WITHDRAWAL,Fairlands Branch,C7713,Bill Payment
T402774,1,Salem,2025-05-09,80510.1,FAILED,DEPOSIT,Fairlands Branch,C2865,Shopping
T402775,1,Salem,2025-05-09,68111.88,SUCCESS,DEPOSIT,Fairlands Branch,C4899,Travel
T402776,1,Salem,2025-05-09,83996.55,SUCCESS,DEPOSIT,Fairlands Branch,C5829,Bill Payment
T402777,1,Salem,2025-05-09,2683.69,SUCCESS,DEPOSIT,Fairlands Branch,C2104,Education Fees
T402778,1,Salem,2025-05-09,70992.11,FAILED,DEPOSIT,Fairlands Branch,C5059,Medical Expenses
T402779,1,Salem,2025-05-09,31680.9,FAILED,TRANSFER,Fairlands Branch,C1759,Bill Payment
T402780,1,Salem,2025-05-09,67933.38,FAILED,TRANSFER,Fairlands Branch,C1841,Bill Payment
T402781,1,Salem,2025-05-09,23398.7,FAILED,TRANSFER,Fairlands Branch,C1564,Education Fees
T402782,1,Salem,2025-05-09,65241.06,SUCCESS,DEPOSIT,Fairlands Branch,C1085,Shopping
T402783,1,Salem,2025-05-09,25667.75,FAILED,DEPOSIT,Fairlands Branch,C2358,Others
T402784,1,Salem,2025-05-09,3007.53,SUCCESS,DEPOSIT,Fairlands Branch,C3944,Medical Expenses
T402785,1,Salem,2025-05-09,25724.74,SUCCESS,WITHDRAWAL,Fairlands Branch,C9889,Medical Expenses
T402786,1,Salem,2025-05-09,88411.69,FAILED,TRANSFER,Fairlands Branch,C3097,Travel
T402787,1,Salem,2025-05-09,15985.26,FAILED,TRANSFER,Fairlands Branch,C7249,Shopping
T402788,1,Salem,2025-05-09,94405.54,FAILED,WITHDRAWAL,Fairlands Branch,C2077,Shopping
T402789,1,Salem,2025-05-09,38285.52,SUCCESS,WITHDRAWAL,Fairlands Branch,C4225,Shopping
T402790,1,Salem,2025-05-09,49040.91,SUCCESS,WITHDRAWAL,Fairlands Branch,C7983,Shopping
T402791,1,Salem,2025-05-09,93208.3,FAILED,TRANSFER,Fairlands Branch,C1704,Education Fees
T402792,1,Salem,2025-05-09,72840.95,SUCCESS,TRANSFER,Fairlands Branch,C7076,Medical Expenses
T402793,1,Salem,2025-05-09,91544.56,SUCCESS,DEPOSIT,Fairlands Branch,C5412,Shopping
T402794,1,Salem,2025-05-09,47167.65,FAILED,WITHDRAWAL,Fairlands Branch,C8696,Medical Expenses
T402795,1,Salem,2025-05-09,62615.48,SUCCESS,WITHDRAWAL,Fairlands Branch,C2633,Travel
T402796,1,Salem,2025-05-09,62797.73,SUCCESS,TRANSFER,Fairlands Branch,C8153,Travel
T402797,1,Salem,2025-05-09,87952.3,FAILED,TRANSFER,Fairlands Branch,C4226,Education Fees
T402798,1,Salem,2025-05-09,50451.71,SUCCESS,DEPOSIT,Fairlands Branch,C1432,Shopping
T402799,1,Salem,2025-05-09,44011.36,SUCCESS,TRANSFER,Fairlands Branch,C1451,Shopping
T402800,1,Salem,2025-05-09,43970.67,SUCCESS,WITHDRAWAL,Fairlands Branch,C9862,Shopping
T402801,1,Salem,2025-05-09,67023.79,FAILED,TRANSFER,Fairlands Branch,C3076,Travel
T402802,1,Salem,2025-05-09,96396.27,SUCCESS,WITHDRAWAL,Fairlands Branch,C7037,Loan Payment
T402803,1,Salem,2025-05-09,78443.4,FAILED,TRANSFER,Fairlands Branch,C5999,Medical Expenses
T402804,1,Salem,2025-05-09,31338.1,SUCCESS,TRANSFER,Fairlands Branch,C6508,Medical Expenses
T402805,1,Salem,2025-05-09,9844.13,SUCCESS,WITHDRAWAL,Fairlands Branch,C8145,Medical Expenses
T402806,1,Salem,2025-05-09,9662.09,FAILED,DEPOSIT,Fairlands Branch,C5808,Loan Payment
T402807,1,Salem,2025-05-09,57868.58,SUCCESS,WITHDRAWAL,Fairlands Branch,C1122,Bill Payment
T402808,1,Salem,2025-05-09,22115.7,SUCCESS,TRANSFER,Fairlands Branch,C4973,Bill Payment
T402809,1,Salem,2025-05-09,31355.6,FAILED,TRANSFER,Fairlands Branch,C7290,Loan Payment
T402810,1,Salem,2025-05-09,9907.78,SUCCESS,TRANSFER,Fairlands Branch,C4225,Bill Payment
T402811,1,Salem,2025-05-09,47640.76,FAILED,WITHDRAWAL,Fairlands Branch,C4953,Bill Payment
T402812,1,Salem,2025-05-09,83106.63,FAILED,TRANSFER,Fairlands Branch,C7379,Medical Expenses
T402813,1,Salem,2025-05-09,24707.44,FAILED,TRANSFER,Fairlands Branch,C4219,Shopping
T402814,1,Salem,2025-05-09,85399.08,SUCCESS,TRANSFER,Fairlands Branch,C2463,Shopping
T402815,1,Salem,2025-05-09,65984.9,SUCCESS,WITHDRAWAL,Fairlands Branch,C7110,Others
T402816,1,Salem,2025-05-09,50295.47,SUCCESS,WITHDRAWAL,Fairlands Branch,C7920,Travel
T402817,1,Salem,2025-05-09,47518.74,SUCCESS,TRANSFER,Fairlands Branch,C8164,Bill Payment
T402818,1,Salem,2025-05-09,70157.45,FAILED,DEPOSIT,Fairlands Branch,C5701,Education Fees
T402819,1,Salem,2025-05-08,80232.47,FAILED,DEPOSIT,Fairlands Branch,C6927,Education Fees
T402820,1,Salem,2025-05-08,11857.9,SUCCESS,DEPOSIT,Fairlands Branch,C4027,Bill Payment
T402821,1,Salem,2025-05-08,20456.52,SUCCESS,TRANSFER,Fairlands Branch,C1271,Loan Payment
T402822,1,Salem,2025-05-08,58786.04,FAILED,DEPOSIT,Fairlands Branch,C3147,Travel
T402823,1,Salem,2025-05-08,63001.36,FAILED,TRANSFER,Fairlands Branch,C1938,Loan Payment
T402824,1,Salem,2025-05-08,41951.91,FAILED,TRANSFER,Fairlands Branch,C5279,Others
T402825,1,Salem,2025-05-08,56383.8,SUCCESS,TRANSFER,Fairlands Branch,C8088,Shopping
T402826,1,Salem,2025-05-08,39561.6,FAILED,TRANSFER,Fairlands Branch,C1709,Others
T402827,1,Salem,2025-05-08,44314.69,FAILED,TRANSFER,Fairlands Branch,C8267,Education Fees
T402828,1,Salem,2025-05-08,41099.21,SUCCESS,DEPOSIT,Fairlands Branch,C8233,Education Fees
T402829,1,Salem,2025-05-08,34195.0,SUCCESS,WITHDRAWAL,Fairlands Branch,C3853,Bill Payment
T402830,1,Salem,2025-05-08,32648.55,SUCCESS,TRANSFER,Fairlands Branch,C1771,Travel
T402831,1,Salem,2025-05-08,30403.32,SUCCESS,DEPOSIT,Fairlands Branch,C2587,Education Fees
T402832,1,Salem,2025-05-08,26922.79,FAILED,TRANSFER,Fairlands Branch,C4554,Bill Payment
T402833,1,Salem,2025-05-08,88330.44,FAILED,TRANSFER,Fairlands Branch,C3831,Others
T402834,1,Salem,2025-05-08,69263.02,FAILED,DEPOSIT,Fairlands Branch,C4839,Bill Payment
T402835,1,Salem,2025-05-08,88269.09,FAILED,TRANSFER,Fairlands Branch,C6513,Education Fees
T402836,1,Salem,2025-05-08,25621.53,SUCCESS,WITHDRAWAL,Fairlands Branch,C9544,Travel
T402837,1,Salem,2025-05-08,61885.66,SUCCESS,DEPOSIT,Fairlands Branch,C5952,Shopping
T402838,1,Salem,2025-05-08,8081.08,FAILED,WITHDRAWAL,Fairlands Branch,C4142,Travel
T402839,1,Salem,2025-05-08,98567.58,SUCCESS,TRANSFER,Fairlands Branch,C2746,Education Fees
T402840,1,Salem,2025-05-08,40081.59,SUCCESS,DEPOSIT,Fairlands Branch,C9617,Shopping
T402841,1,Salem,2025-05-08,73709.21,FAILED,DEPOSIT,Fairlands Branch,C2694,Loan Payment
T402842,1,Salem,2025-05-08,85258.55,FAILED,WITHDRAWAL,Fairlands Branch,C8052,Travel
T402843,1,Salem,2025-05-08,27608.2,SUCCESS,TRANSFER,Fairlands Branch,C5598,Education Fees
T402844,1,Salem,2025-05-08,53654.75,SUCCESS,DEPOSIT,Fairlands Branch,C9445,Travel
T402845,1,Salem,2025-05-08,63287.03,SUCCESS,TRANSFER,Fairlands Branch,C6818,Medical Expenses
T402846,1,Salem,2025-05-08,10891.39,FAILED,WITHDRAWAL,Fairlands Branch,C1579,Others
T402847,1,Salem,2025-05-08,32227.97,SUCCESS,TRANSFER,Fairlands Branch,C4102,Shopping
T402848,1,Salem,2025-05-08,11386.68,SUCCESS,DEPOSIT,Fairlands Branch,C8972,Loan Payment
T402849,1,Salem,2025-05-08,45047.4,FAILED,TRANSFER,Fairlands Branch,C4900,Bill Payment
T402850,1,Salem,2025-05-08,57163.63,FAILED,WITHDRAWAL,Fairlands Branch,C4781,Medical Expenses
T402851,1,Salem,2025-05-08,17885.0,FAILED,TRANSFER,Fairlands Branch,C9365,Others
T402852,1,Salem,2025-05-08,21195.16,FAILED,WITHDRAWAL,Fairlands Branch,C8363,Shopping
T402853,1,Salem,2025-05-08,69409.43,SUCCESS,TRANSFER,Fairlands Branch,C1400,Loan Payment
T402854,1,Salem,2025-05-08,13870.08,SUCCESS,TRANSFER,Fairlands Branch,C2845,Education Fees
T402855,1,Salem,2025-05-08,92512.61,FAILED,WITHDRAWAL,Fairlands Branch,C8478,Travel
T402856,1,Salem,2025-05-08,37692.97,SUCCESS,TRANSFER,Fairlands Branch,C3889,Education Fees
T402857,1,Salem,2025-05-08,85355.51,SUCCESS,DEPOSIT,Fairlands Branch,C8600,Travel
T402858,1,Salem,2025-05-08,31762.7,FAILED,DEPOSIT,Fairlands Branch,C2049,Education Fees
T402859,1,Salem,2025-05-08,91332.42,FAILED,WITHDRAWAL,Fairlands Branch,C2114,Education Fees
T402860,1,Salem,2025-05-08,73441.39,SUCCESS,DEPOSIT,Fairlands Branch,C6847,Education Fees
T402861,1,Salem,2025-05-08,10847.87,FAILED,TRANSFER,Fairlands Branch,C2285,Others
T402862,1,Salem,2025-05-08,69929.67,FAILED,DEPOSIT,Fairlands Branch,C3534,Others
T402863,1,Salem,2025-05-08,98588.54,FAILED,WITHDRAWAL,Fairlands Branch,C3845,Bill Payment
T402864,1,Salem,2025-05-08,52825.95,SUCCESS,DEPOSIT,Fairlands Branch,C1238,Bill Payment
T402865,1,Salem,2025-05-08,6843.68,FAILED,TRANSFER,Fairlands Branch,C1343,Others
T402866,1,Salem,2025-05-08,60356.28,SUCCESS,TRANSFER,Fairlands Branch,C6369,Others
T402867,1,Salem,2025-05-08,8662.3,SUCCESS,WITHDRAWAL,Fairlands Branch,C9426,Medical Expenses
T402868,1,Salem,2025-05-08,62075.53,SUCCESS,DEPOSIT,Fairlands Branch,C3470,Bill Payment
T402869,1,Salem,2025-05-08,42167.01,FAILED,TRANSFER,Fairlands Branch,C6144,Shopping
T402870,1,Salem,2025-05-08,78216.02,FAILED,TRANSFER,Fairlands Branch,C6717,Loan Payment
T402871,1,Salem,2025-05-08,25761.24,SUCCESS,WITHDRAWAL,Fairlands Branch,C4867,Loan Payment
T402872,1,Salem,2025-05-08,3196.49,SUCCESS,WITHDRAWAL,Fairlands Branch,C7833,Medical Expenses
T402873,1,Salem,2025-05-08,67147.06,FAILED,WITHDRAWAL,Fairlands Branch,C5684,Shopping
T402874,1,Salem,2025-05-08,1499.12,SUCCESS,TRANSFER,Fairlands Branch,C7455,Others
T402875,1,Salem,2025-05-08,50198.47,FAILED,TRANSFER,Fairlands Branch,C8167,Bill Payment
T402876,1,Salem,2025-05-08,98069.91,FAILED,WITHDRAWAL,Fairlands Branch,C7760,Travel
T402877,1,Salem,2025-05-08,37908.18,FAILED,DEPOSIT,Fairlands Branch,C7409,Others
T402878,1,Salem,2025-05-08,13378.91,SUCCESS,TRANSFER,Fairlands Branch,C6853,Travel
T402879,1,Salem,2025-05-08,39045.0,SUCCESS,WITHDRAWAL,Fairlands Branch,C1119,Loan Payment
T402880,1,Salem,2025-05-07,30804.85,SUCCESS,WITHDRAWAL,Fairlands Branch,C3225,Education Fees
T402881,1,Salem,2025-05-07,78647.84,SUCCESS,WITHDRAWAL,Fairlands Branch,C2162,Medical Expenses
T402882,1,Salem,2025-05-07,94086.99,FAILED,WITHDRAWAL,Fairlands Branch,C9073,Others
T402883,1,Salem,2025-05-07,80937.63,SUCCESS,DEPOSIT,Fairlands Branch,C1547,Medical Expenses
T402884,1,Salem,2025-05-07,26612.64,FAILED,DEPOSIT,Fairlands Branch,C5403,Bill Payment
T402885,1,Salem,2025-05-07,48393.64,SUCCESS,WITHDRAWAL,Fairlands Branch,C3250,Education Fees
T402886,1,Salem,2025-05-07,17732.64,FAILED,WITHDRAWAL,Fairlands Branch,C4129,Others
T402887,1,Salem,2025-05-07,88067.35,FAILED,WITHDRAWAL,Fairlands Branch,C3409,Education Fees
T402888,1,Salem,2025-05-07,77690.08,SUCCESS,TRANSFER,Fairlands Branch,C1268,Education Fees
T402889,1,Salem,2025-05-07,4840.47,SUCCESS,WITHDRAWAL,Fairlands Branch,C9058,Loan Payment
T402890,1,Salem,2025-05-07,27446.62,FAILED,WITHDRAWAL,Fairlands Branch,C2297,Travel
T402891,1,Salem,2025-05-07,22342.42,SUCCESS,WITHDRAWAL,Fairlands Branch,C1999,Education Fees
T402892,1,Salem,2025-05-07,74015.24,FAILED,TRANSFER,Fairlands Branch,C3772,Travel
T402893,1,Salem,2025-05-07,94286.25,FAILED,WITHDRAWAL,Fairlands Branch,C6139,Shopping
T402894,1,Salem,2025-05-07,4352.5,SUCCESS,TRANSFER,Fairlands Branch,C6125,Loan Payment
T402895,1,Salem,2025-05-07,16496.16,FAILED,WITHDRAWAL,Fairlands Branch,C2773,Others
T402896,1,Salem,2025-05-07,73629.97,SUCCESS,WITHDRAWAL,Fairlands Branch,C8169,Others
T402897,1,Salem,2025-05-07,52333.17,FAILED,TRANSFER,Fairlands Branch,C5905,Medical Expenses
T402898,1,Salem,2025-05-07,76249.06,FAILED,WITHDRAWAL,Fairlands Branch,C2741,Others
T402899,1,Salem,2025-05-07,80901.27,FAILED,DEPOSIT,Fairlands Branch,C7926,Others
T402900,1,Salem,2025-05-07,26606.66,SUCCESS,WITHDRAWAL,Fairlands Branch,C5398,Others
T402901,1,Salem,2025-05-07,78320.58,FAILED,DEPOSIT,Fairlands Branch,C6152,Others
T402902,1,Salem,2025-05-07,58489.2,FAILED,WITHDRAWAL,Fairlands Branch,C1385,Education Fees
T402903,1,Salem,2025-05-07,19677.13,FAILED,WITHDRAWAL,Fairlands Branch,C4084,Medical Expenses
T402904,1,Salem,2025-05-07,76433.51,FAILED,WITHDRAWAL,Fairlands Branch,C9345,Loan Payment
T402905,1,Salem,2025-05-07,86014.91,SUCCESS,TRANSFER,Fairlands Branch,C1453,Travel
T402906,1,Salem,2025-05-07,91719.9,SUCCESS,WITHDRAWAL,Fairlands Branch,C6398,Loan Payment
T402907,1,Salem,2025-05-07,70707.86,FAILED,TRANSFER,Fairlands Branch,C6255,Medical Expenses
T402908,1,Salem,2025-05-07,21410.7,FAILED,WITHDRAWAL,Fairlands Branch,C4777,Shopping
T402909,1,Salem,2025-05-07,43062.87,SUCCESS,DEPOSIT,Fairlands Branch,C3374,Shopping
T402910,1,Salem,2025-05-07,73558.4,SUCCESS,DEPOSIT,Fairlands Branch,C9392,Bill Payment
T402911,1,Salem,2025-05-07,96300.93,FAILED,DEPOSIT,Fairlands Branch,C8074,Loan Payment
T402912,1,Salem,2025-05-07,837.63,SUCCESS,TRANSFER,Fairlands Branch,C8163,Travel
T402913,1,Salem,2025-05-07,68804.27,SUCCESS,TRANSFER,Fairlands Branch,C8162,Bill Payment
T402914,1,Salem,2025-05-07,33196.83,SUCCESS,WITHDRAWAL,Fairlands Branch,C8475,Others
T402915,1,Salem,2025-05-07,48163.4,FAILED,TRANSFER,Fairlands Branch,C7873,Loan Payment
T402916,1,Salem,2025-05-07,4134.34,SUCCESS,DEPOSIT,Fairlands Branch,C7254,Bill Payment
T402917,1,Salem,2025-05-07,83534.33,SUCCESS,DEPOSIT,Fairlands Branch,C6913,Travel
T402918,1,Salem,2025-05-07,32770.85,SUCCESS,TRANSFER,Fairlands Branch,C7374,Travel
T402919,1,Salem,2025-05-07,33826.84,SUCCESS,TRANSFER,Fairlands Branch,C2722,Bill Payment
T402920,1,Salem,2025-05-07,10032.28,SUCCESS,DEPOSIT,Fairlands Branch,C5366,Bill Payment
T402921,1,Salem,2025-05-07,79805.9,FAILED,TRANSFER,Fairlands Branch,C8557,Travel
T402922,1,Salem,2025-05-07,98295.61,SUCCESS,WITHDRAWAL,Fairlands Branch,C1544,Travel
T402923,1,Salem,2025-05-07,38029.39,FAILED,WITHDRAWAL,Fairlands Branch,C8592,Bill Payment
T402924,1,Salem,2025-05-07,95824.1,FAILED,DEPOSIT,Fairlands Branch,C5177,Shopping
T402925,1,Salem,2025-05-07,33214.43,FAILED,WITHDRAWAL,Fairlands Branch,C3894,Bill Payment
T402926,1,Salem,2025-05-07,1145.18,SUCCESS,TRANSFER,Fairlands Branch,C6783,Travel
T402927,1,Salem,2025-05-07,67246.49,FAILED,WITHDRAWAL,Fairlands Branch,C5468,Others
T402928,1,Salem,2025-05-07,67537.93,FAILED,DEPOSIT,Fairlands Branch,C4699,Education Fees
T402929,1,Salem,2025-05-07,54662.05,SUCCESS,WITHDRAWAL,Fairlands Branch,C7274,Shopping
T402930,1,Salem,2025-05-07,71888.0,FAILED,WITHDRAWAL,Fairlands Branch,C4565,Travel
T402931,1,Salem,2025-05-07,4972.62,FAILED,TRANSFER,Fairlands Branch,C4510,Others
T402932,1,Salem,2025-05-07,41119.8,SUCCESS,WITHDRAWAL,Fairlands Branch,C7186,Bill Payment
T402933,1,Salem,2025-05-07,88430.32,SUCCESS,TRANSFER,Fairlands Branch,C7507,Shopping
T402934,1,Salem,2025-05-07,94344.59,SUCCESS,TRANSFER,Fairlands Branch,C8867,Others
T402935,1,Salem,2025-05-07,48988.64,FAILED,WITHDRAWAL,Fairlands Branch,C7763,Medical Expenses
T402936,1,Salem,2025-05-07,70900.1,SUCCESS,DEPOSIT,Fairlands Branch,C7719,Loan Payment
T402937,1,Salem,2025-05-07,19682.01,SUCCESS,WITHDRAWAL,Fairlands Branch,C3632,Others
T402938,1,Salem,2025-05-07,71665.76,FAILED,TRANSFER,Fairlands Branch,C7912,Education Fees
T402939,1,Salem,2025-05-07,76668.2,SUCCESS,TRANSFER,Fairlands Branch,C4502,Loan Payment
T402940,1,Salem,2025-05-07,18447.83,SUCCESS,WITHDRAWAL,Fairlands Branch,C4284,Bill Payment
T402941,1,Salem,2025-05-07,68243.55,SUCCESS,DEPOSIT,Fairlands Branch,C1094,Shopping
T402942,1,Salem,2025-05-07,21498.65,FAILED,TRANSFER,Fairlands Branch,C4000,Medical Expenses
T402943,1,Salem,2025-05-07,21162.28,FAILED,WITHDRAWAL,Fairlands Branch,C4269,Medical Expenses
T402944,1,Salem,2025-05-07,81824.42,SUCCESS,DEPOSIT,Fairlands Branch,C5634,Medical Expenses
T402945,1,Salem,2025-05-07,13633.61,FAILED,DEPOSIT,Fairlands Branch,C4918,Bill Payment
T402946,1,Salem,2025-05-07,79568.96,SUCCESS,TRANSFER,Fairlands Branch,C4905,Loan Payment
T402947,1,Salem,2025-05-07,88242.27,SUCCESS,WITHDRAWAL,Fairlands Branch,C1455,Travel
T402948,1,Salem,2025-05-07,13056.66,FAILED,WITHDRAWAL,Fairlands Branch,C8157,Shopping
T402949,1,Salem,2025-05-07,3802.93,SUCCESS,TRANSFER,Fairlands Branch,C1523,Others
T402950,1,Salem,2025-05-07,35391.54,FAILED,WITHDRAWAL,Fairlands Branch,C5857,Medical Expenses
T402951,1,Salem,2025-05-07,79820.73,FAILED,DEPOSIT,Fairlands Branch,C9986,Education Fees
T402952,1,Salem,2025-05-07,89186.77,SUCCESS,WITHDRAWAL,Fairlands Branch,C6286,Medical Expenses
T402953,1,Salem,2025-05-07,77118.59,SUCCESS,TRANSFER,Fairlands Branch,C2283,Loan Payment
T402954,1,Salem,2025-05-06,48783.95,FAILED,DEPOSIT,Fairlands Branch,C4741,Travel
T402955,1,Salem,2025-05-06,35880.91,SUCCESS,WITHDRAWAL,Fairlands Branch,C1920,Travel
T402956,1,Salem,2025-05-06,17221.17,FAILED,TRANSFER,Fairlands Branch,C3940,Loan Payment
T402957,1,Salem,2025-05-06,11446.24,SUCCESS,DEPOSIT,Fairlands Branch,C3041,Travel
T402958,1,Salem,2025-05-06,3076.53,FAILED,DEPOSIT,Fairlands Branch,C7068,Shopping
T402959,1,Salem,2025-05-06,78937.43,FAILED,WITHDRAWAL,Fairlands Branch,C6506,Travel
T402960,1,Salem,2025-05-06,90407.18,SUCCESS,DEPOSIT,Fairlands Branch,C5345,Shopping
T402961,1,Salem,2025-05-06,32842.43,SUCCESS,TRANSFER,Fairlands Branch,C7284,Medical Expenses
T402962,1,Salem,2025-05-06,42010.71,FAILED,DEPOSIT,Fairlands Branch,C5705,Travel
T402963,1,Salem,2025-05-06,92254.66,FAILED,WITHDRAWAL,Fairlands Branch,C5940,Travel
T402964,1,Salem,2025-05-06,93891.2,SUCCESS,TRANSFER,Fairlands Branch,C2421,Loan Payment
T402965,1,Salem,2025-05-06,55373.54,FAILED,DEPOSIT,Fairlands Branch,C1527,Medical Expenses
T402966,1,Salem,2025-05-06,51614.47,FAILED,WITHDRAWAL,Fairlands Branch,C5785,Loan Payment
T402967,1,Salem,2025-05-06,42731.3,FAILED,DEPOSIT,Fairlands Branch,C3766,Shopping
T402968,1,Salem,2025-05-06,65364.73,FAILED,DEPOSIT,Fairlands Branch,C3511,Shopping
T402969,1,Salem,2025-05-06,99371.32,SUCCESS,DEPOSIT,Fairlands Branch,C9678,Others
T402970,1,Salem,2025-05-06,68661.95,SUCCESS,DEPOSIT,Fairlands Branch,C4432,Medical Expenses
T402971,1,Salem,2025-05-06,96618.34,FAILED,DEPOSIT,Fairlands Branch,C6336,Medical Expenses
T402972,1,Salem,2025-05-06,51483.03,FAILED,TRANSFER,Fairlands Branch,C3083,Bill Payment
T402973,1,Salem,2025-05-06,37880.04,FAILED,TRANSFER,Fairlands Branch,C7170,Medical Expenses
T402974,1,Salem,2025-05-06,67295.54,SUCCESS,DEPOSIT,Fairlands Branch,C7062,Bill Payment
T402975,1,Salem,2025-05-06,80258.43,FAILED,DEPOSIT,Fairlands Branch,C5827,Education Fees
T402976,1,Salem,2025-05-06,45456.41,SUCCESS,TRANSFER,Fairlands Branch,C5102,Shopping
T402977,1,Salem,2025-05-06,84172.75,FAILED,DEPOSIT,Fairlands Branch,C3729,Bill Payment
T402978,1,Salem,2025-05-06,14564.23,SUCCESS,DEPOSIT,Fairlands Branch,C5814,Shopping
T402979,1,Salem,2025-05-06,28965.24,SUCCESS,TRANSFER,Fairlands Branch,C3986,Medical Expenses
T402980,1,Salem,2025-05-06,94220.11,SUCCESS,TRANSFER,Fairlands Branch,C1052,Medical Expenses
T402981,1,Salem,2025-05-06,40232.09,SUCCESS,DEPOSIT,Fairlands Branch,C3433,Shopping
T402982,1,Salem,2025-05-06,12089.89,SUCCESS,TRANSFER,Fairlands Branch,C9925,Others
T402983,1,Salem,2025-05-06,2674.53,FAILED,DEPOSIT,Fairlands Branch,C7208,Education Fees
T402984,1,Salem,2025-05-06,92111.32,FAILED,TRANSFER,Fairlands Branch,C7825,Travel
T402985,1,Salem,2025-05-06,5358.92,FAILED,DEPOSIT,Fairlands Branch,C5101,Others
T402986,1,Salem,2025-05-06,40462.19,SUCCESS,TRANSFER,Fairlands Branch,C1588,Travel
T402987,1,Salem,2025-05-06,51782.61,FAILED,DEPOSIT,Fairlands Branch,C5465,Loan Payment
T402988,1,Salem,2025-05-06,68488.02,SUCCESS,DEPOSIT,Fairlands Branch,C8803,Travel
T402989,1,Salem,2025-05-06,71229.11,SUCCESS,WITHDRAWAL,Fairlands Branch,C2006,Travel
T402990,1,Salem,2025-05-06,76292.68,FAILED,DEPOSIT,Fairlands Branch,C8746,Education Fees
T402991,1,Salem,2025-05-06,6861.9,FAILED,TRANSFER,Fairlands Branch,C5856,Loan Payment
T402992,1,Salem,2025-05-06,73264.11,FAILED,DEPOSIT,Fairlands Branch,C3232,Loan Payment
T402993,1,Salem,2025-05-06,88125.0,SUCCESS,TRANSFER,Fairlands Branch,C9690,Bill Payment
T402994,1,Salem,2025-05-06,35986.75,FAILED,DEPOSIT,Fairlands Branch,C6034,Medical Expenses
T402995,1,Salem,2025-05-06,18817.4,SUCCESS,WITHDRAWAL,Fairlands Branch,C4626,Others
T402996,1,Salem,2025-05-06,44907.17,SUCCESS,DEPOSIT,Fairlands Branch,C7882,Loan Payment
T402997,1,Salem,2025-05-06,90975.76,SUCCESS,TRANSFER,Fairlands Branch,C5265,Education Fees
T402998,1,Salem,2025-05-06,35980.45,FAILED,TRANSFER,Fairlands Branch,C8366,Shopping
T402999,1,Salem,2025-05-06,5267.79,FAILED,WITHDRAWAL,Fairlands Branch,C4193,Loan Payment
T403000,1,Salem,2025-05-06,28028.61,SUCCESS,DEPOSIT,Fairlands Branch,C2794,Education Fees
T403001,1,Salem,2025-05-06,69645.31,SUCCESS,TRANSFER,Fairlands Branch,C3698,Medical Expenses
T403002,1,Salem,2025-05-06,57068.07,SUCCESS,DEPOSIT,Fairlands Branch,C4309,Others
T403003,1,Salem,2025-05-06,43641.73,SUCCESS,WITHDRAWAL,Fairlands Branch,C3175,Education Fees
T403004,1,Salem,2025-05-06,49117.3,SUCCESS,WITHDRAWAL,Fairlands Branch,C3750,Medical Expenses
T403005,1,Salem,2025-05-06,93358.32,FAILED,TRANSFER,Fairlands Branch,C3306,Bill Payment
T403006,1,Salem,2025-05-06,3276.91,SUCCESS,WITHDRAWAL,Fairlands Branch,C5641,Medical Expenses
T403007,1,Salem,2025-05-06,38252.3,FAILED,TRANSFER,Fairlands Branch,C2086,Loan Payment
T403008,1,Salem,2025-05-06,9089.58,SUCCESS,TRANSFER,Fairlands Branch,C9722,Loan Payment
T403009,1,Salem,2025-05-06,73564.8,FAILED,TRANSFER,Fairlands Branch,C8213,Loan Payment
T403010,1,Salem,2025-05-06,30701.67,SUCCESS,TRANSFER,Fairlands Branch,C9951,Medical Expenses
T403011,1,Salem,2025-05-06,23803.28,FAILED,TRANSFER,Fairlands Branch,C3872,Education Fees
T403012,1,Salem,2025-05-06,45956.13,FAILED,WITHDRAWAL,Fairlands Branch,C9526,Education Fees
T403013,1,Salem,2025-05-06,19165.56,SUCCESS,DEPOSIT,Fairlands Branch,C6403,Others
T403014,1,Salem,2025-05-05,64772.48,SUCCESS,WITHDRAWAL,Fairlands Branch,C8428,Bill Payment
T403015,1,Salem,2025-05-05,4833.13,FAILED,WITHDRAWAL,Fairlands Branch,C8346,Travel
T403016,1,Salem,2025-05-05,26905.98,SUCCESS,DEPOSIT,Fairlands Branch,C1170,Travel
T403017,1,Salem,2025-05-05,51546.92,FAILED,WITHDRAWAL,Fairlands Branch,C2603,Travel
T403018,1,Salem,2025-05-05,61906.52,SUCCESS,DEPOSIT,Fairlands Branch,C1619,Loan Payment
T403019,1,Salem,2025-05-05,65343.71,FAILED,DEPOSIT,Fairlands Branch,C9033,Shopping
T403020,1,Salem,2025-05-05,2119.92,FAILED,DEPOSIT,Fairlands Branch,C1775,Medical Expenses
T403021,1,Salem,2025-05-05,64904.22,SUCCESS,TRANSFER,Fairlands Branch,C1896,Shopping
T403022,1,Salem,2025-05-05,33134.68,FAILED,TRANSFER,Fairlands Branch,C1481,Shopping
T403023,1,Salem,2025-05-05,1848.53,FAILED,DEPOSIT,Fairlands Branch,C6639,Travel
T403024,1,Salem,2025-05-05,99680.83,SUCCESS,TRANSFER,Fairlands Branch,C2699,Shopping
T403025,1,Salem,2025-05-05,26759.36,FAILED,TRANSFER,Fairlands Branch,C1752,Education Fees
T403026,1,Salem,2025-05-05,68397.0,FAILED,WITHDRAWAL,Fairlands Branch,C4148,Education Fees
T403027,1,Salem,2025-05-05,38450.82,FAILED,TRANSFER,Fairlands Branch,C9440,Medical Expenses
T403028,1,Salem,2025-05-05,29648.73,FAILED,DEPOSIT,Fairlands Branch,C5943,Shopping
T403029,1,Salem,2025-05-05,71741.03,SUCCESS,TRANSFER,Fairlands Branch,C9815,Bill Payment
T403030,1,Salem,2025-05-05,71128.87,SUCCESS,DEPOSIT,Fairlands Branch,C3165,Education Fees
T403031,1,Salem,2025-05-05,30078.99,FAILED,DEPOSIT,Fairlands Branch,C1842,Medical Expenses
T403032,1,Salem,2025-05-05,90651.1,SUCCESS,WITHDRAWAL,Fairlands Branch,C6693,Travel
T403033,1,Salem,2025-05-05,17157.4,SUCCESS,TRANSFER,Fairlands Branch,C3695,Medical Expenses
T403034,1,Salem,2025-05-05,52332.39,FAILED,DEPOSIT,Fairlands Branch,C5505,Bill Payment
T403035,1,Salem,2025-05-05,32697.31,SUCCESS,TRANSFER,Fairlands Branch,C1333,Others
T403036,1,Salem,2025-05-05,93016.69,SUCCESS,WITHDRAWAL,Fairlands Branch,C2911,Travel
T403037,1,Salem,2025-05-05,52859.31,SUCCESS,TRANSFER,Fairlands Branch,C3691,Loan Payment
T403038,1,Salem,2025-05-05,39826.87,FAILED,WITHDRAWAL,Fairlands Branch,C1879,Medical Expenses
T403039,1,Salem,2025-05-05,36093.22,SUCCESS,DEPOSIT,Fairlands Branch,C7182,Shopping
T403040,1,Salem,2025-05-05,81918.09,SUCCESS,TRANSFER,Fairlands Branch,C5288,Loan Payment
T403041,1,Salem,2025-05-05,16901.27,FAILED,TRANSFER,Fairlands Branch,C5852,Travel
T403042,1,Salem,2025-05-05,58066.98,FAILED,DEPOSIT,Fairlands Branch,C9561,Shopping
T403043,1,Salem,2025-05-05,10462.23,SUCCESS,TRANSFER,Fairlands Branch,C9657,Others
T403044,1,Salem,2025-05-05,3517.43,SUCCESS,TRANSFER,Fairlands Branch,C2881,Shopping
T403045,1,Salem,2025-05-05,90216.98,FAILED,WITHDRAWAL,Fairlands Branch,C8889,Medical Expenses
T403046,1,Salem,2025-05-05,77586.0,SUCCESS,TRANSFER,Fairlands Branch,C6422,Others
T403047,1,Salem,2025-05-05,56337.97,SUCCESS,DEPOSIT,Fairlands Branch,C3870,Others
T403048,1,Salem,2025-05-05,77247.78,SUCCESS,DEPOSIT,Fairlands Branch,C3008,Bill Payment
T403049,1,Salem,2025-05-05,4364.32,FAILED,DEPOSIT,Fairlands Branch,C6734,Shopping
T403050,1,Salem,2025-05-05,59239.32,SUCCESS,TRANSFER,Fairlands Branch,C1993,Others
T403051,1,Salem,2025-05-05,89808.49,FAILED,DEPOSIT,Fairlands Branch,C1902,Education Fees
T403052,1,Salem,2025-05-05,47410.29,SUCCESS,DEPOSIT,Fairlands Branch,C4442,Others
T403053,1,Salem,2025-05-05,21631.71,SUCCESS,TRANSFER,Fairlands Branch,C4381,Medical Expenses
T403054,1,Salem,2025-05-05,39610.78,SUCCESS,TRANSFER,Fairlands Branch,C4852,Medical Expenses
T403055,1,Salem,2025-05-05,11468.22,SUCCESS,WITHDRAWAL,Fairlands Branch,C3500,Shopping
T403056,1,Salem,2025-05-05,28331.26,SUCCESS,WITHDRAWAL,Fairlands Branch,C3334,Education Fees
T403057,1,Salem,2025-05-05,98782.77,FAILED,WITHDRAWAL,Fairlands Branch,C5625,Bill Payment
T403058,1,Salem,2025-05-05,44166.5,SUCCESS,DEPOSIT,Fairlands Branch,C2446,Loan Payment
T403059,1,Salem,2025-05-05,17968.72,FAILED,WITHDRAWAL,Fairlands Branch,C6620,Bill Payment
T403060,1,Salem,2025-05-05,12777.51,FAILED,DEPOSIT,Fairlands Branch,C7508,Travel
T403061,1,Salem,2025-05-05,27620.42,SUCCESS,TRANSFER,Fairlands Branch,C9107,Loan Payment
T403062,1,Salem,2025-05-05,86726.13,SUCCESS,TRANSFER,Fairlands Branch,C3647,Medical Expenses
T403063,1,Salem,2025-05-05,57457.99,SUCCESS,WITHDRAWAL,Fairlands Branch,C8097,Travel
T403064,1,Salem,2025-05-05,15955.84,FAILED,WITHDRAWAL,Fairlands Branch,C2739,Loan Payment
T403065,1,Salem,2025-05-05,68884.35,SUCCESS,WITHDRAWAL,Fairlands Branch,C7182,Education Fees
T403066,1,Salem,2025-05-05,3639.97,SUCCESS,TRANSFER,Fairlands Branch,C5871,Bill Payment
T403067,1,Salem,2025-05-05,33205.82,FAILED,TRANSFER,Fairlands Branch,C1856,Loan Payment
T403068,1,Salem,2025-05-05,19326.44,SUCCESS,TRANSFER,Fairlands Branch,C1177,Loan Payment
T403069,1,Salem,2025-05-05,30332.29,FAILED,DEPOSIT,Fairlands Branch,C5823,Shopping
T403070,1,Salem,2025-05-05,42799.74,SUCCESS,WITHDRAWAL,Fairlands Branch,C8460,Medical Expenses
T403071,1,Salem,2025-05-05,32184.1,SUCCESS,DEPOSIT,Fairlands Branch,C4030,Loan Payment
T403072,1,Salem,2025-05-05,73027.27,FAILED,TRANSFER,Fairlands Branch,C9232,Travel
T403073,1,Salem,2025-05-05,60788.29,FAILED,DEPOSIT,Fairlands Branch,C4076,Bill Payment
T403074,1,Salem,2025-05-05,93446.83,FAILED,TRANSFER,Fairlands Branch,C1908,Shopping
T403075,1,Salem,2025-05-05,61762.49,FAILED,TRANSFER,Fairlands Branch,C6500,Medical Expenses
T403076,1,Salem,2025-05-05,40729.43,SUCCESS,TRANSFER,Fairlands Branch,C2912,Shopping
T403077,1,Salem,2025-05-05,33583.11,SUCCESS,TRANSFER,Fairlands Branch,C5445,Loan Payment
T403078,1,Salem,2025-05-05,25167.19,FAILED,DEPOSIT,Fairlands Branch,C7654,Travel
T403079,1,Salem,2025-05-05,91817.22,SUCCESS,TRANSFER,Fairlands Branch,C8366,Others
T403080,1,Salem,2025-05-05,59139.96,SUCCESS,DEPOSIT,Fairlands Branch,C9070,Medical Expenses
T403081,1,Salem,2025-05-05,70648.84,SUCCESS,TRANSFER,Fairlands Branch,C4778,Bill Payment
T403082,1,Salem,2025-05-05,55790.45,SUCCESS,WITHDRAWAL,Fairlands Branch,C3234,Education Fees
T403083,1,Salem,2025-05-05,29469.41,FAILED,TRANSFER,Fairlands Branch,C5678,Shopping
T403084,1,Salem,2025-05-05,90127.3,FAILED,WITHDRAWAL,Fairlands Branch,C2204,Loan Payment
T403085,1,Salem,2025-05-05,3186.83,SUCCESS,WITHDRAWAL,Fairlands Branch,C7082,Others
T403086,1,Salem,2025-05-05,25053.01,FAILED,DEPOSIT,Fairlands Branch,C1727,Shopping
T403087,1,Salem,2025-05-05,66159.74,FAILED,WITHDRAWAL,Fairlands Branch,C9094,Shopping
T403088,1,Salem,2025-05-05,60408.66,SUCCESS,WITHDRAWAL,Fairlands Branch,C6397,Loan Payment
T403089,1,Salem,2025-05-05,2810.91,FAILED,WITHDRAWAL,Fairlands Branch,C8486,Education Fees
T403090,1,Salem,2025-05-05,36632.43,FAILED,DEPOSIT,Fairlands Branch,C6489,Bill Payment
T403091,1,Salem,2025-05-04,30966.23,SUCCESS,WITHDRAWAL,Fairlands Branch,C2189,Travel
T403092,1,Salem,2025-05-04,63316.92,SUCCESS,TRANSFER,Fairlands Branch,C7096,Travel
T403093,1,Salem,2025-05-04,59660.32,SUCCESS,TRANSFER,Fairlands Branch,C1915,Travel
T403094,1,Salem,2025-05-04,14378.94,FAILED,DEPOSIT,Fairlands Branch,C7037,Bill Payment
T403095,1,Salem,2025-05-04,44129.94,FAILED,DEPOSIT,Fairlands Branch,C9486,Shopping
T403096,1,Salem,2025-05-04,14065.78,SUCCESS,TRANSFER,Fairlands Branch,C6625,Education Fees
T403097,1,Salem,2025-05-04,26776.84,FAILED,DEPOSIT,Fairlands Branch,C8162,Medical Expenses
T403098,1,Salem,2025-05-04,27508.95,SUCCESS,WITHDRAWAL,Fairlands Branch,C4119,Bill Payment
T403099,1,Salem,2025-05-04,72278.23,SUCCESS,WITHDRAWAL,Fairlands Branch,C3772,Education Fees
T403100,1,Salem,2025-05-04,85831.31,FAILED,DEPOSIT,Fairlands Branch,C8089,Shopping
T403101,1,Salem,2025-05-04,12891.18,FAILED,DEPOSIT,Fairlands Branch,C1372,Travel
T403102,1,Salem,2025-05-04,3300.66,FAILED,WITHDRAWAL,Fairlands Branch,C2978,Others
T403103,1,Salem,2025-05-04,83136.87,FAILED,WITHDRAWAL,Fairlands Branch,C8610,Education Fees
T403104,1,Salem,2025-05-04,69980.79,SUCCESS,DEPOSIT,Fairlands Branch,C4861,Bill Payment
T403105,1,Salem,2025-05-04,84173.7,SUCCESS,WITHDRAWAL,Fairlands Branch,C6703,Bill Payment
T403106,1,Salem,2025-05-04,23468.45,SUCCESS,WITHDRAWAL,Fairlands Branch,C7019,Education Fees
T403107,1,Salem,2025-05-04,60868.99,FAILED,TRANSFER,Fairlands Branch,C3643,Travel
T403108,1,Salem,2025-05-04,14199.96,SUCCESS,DEPOSIT,Fairlands Branch,C5651,Medical Expenses
T403109,1,Salem,2025-05-04,40304.77,FAILED,DEPOSIT,Fairlands Branch,C3354,Education Fees
T403110,1,Salem,2025-05-04,8506.94,SUCCESS,TRANSFER,Fairlands Branch,C9765,Travel
T403111,1,Salem,2025-05-04,94323.71,SUCCESS,DEPOSIT,Fairlands Branch,C6457,Medical Expenses
T403112,1,Salem,2025-05-04,34995.44,FAILED,WITHDRAWAL,Fairlands Branch,C1038,Shopping
T403113,1,Salem,2025-05-04,2169.74,SUCCESS,DEPOSIT,Fairlands Branch,C8012,Shopping
T403114,1,Salem,2025-05-04,70825.21,SUCCESS,WITHDRAWAL,Fairlands Branch,C6629,Loan Payment
T403115,1,Salem,2025-05-04,77696.27,FAILED,DEPOSIT,Fairlands Branch,C3516,Bill Payment
T403116,1,Salem,2025-05-04,77485.77,FAILED,WITHDRAWAL,Fairlands Branch,C9176,Shopping
T403117,1,Salem,2025-05-04,98137.41,FAILED,WITHDRAWAL,Fairlands Branch,C6302,Medical Expenses
T403118,1,Salem,2025-05-04,26541.54,FAILED,WITHDRAWAL,Fairlands Branch,C1269,Others
T403119,1,Salem,2025-05-04,38216.25,FAILED,TRANSFER,Fairlands Branch,C5521,Travel
T403120,1,Salem,2025-05-04,25768.57,SUCCESS,DEPOSIT,Fairlands Branch,C9622,Bill Payment
T403121,1,Salem,2025-05-04,31346.56,SUCCESS,WITHDRAWAL,Fairlands Branch,C5841,Loan Payment
T403122,1,Salem,2025-05-04,37101.95,FAILED,TRANSFER,Fairlands Branch,C1873,Education Fees
T403123,1,Salem,2025-05-04,35916.43,SUCCESS,WITHDRAWAL,Fairlands Branch,C2916,Bill Payment
T403124,1,Salem,2025-05-04,35460.69,SUCCESS,TRANSFER,Fairlands Branch,C6972,Education Fees
T403125,1,Salem,2025-05-04,10504.38,SUCCESS,WITHDRAWAL,Fairlands Branch,C6579,Loan Payment
T403126,1,Salem,2025-05-04,3309.99,SUCCESS,DEPOSIT,Fairlands Branch,C8033,Education Fees
T403127,1,Salem,2025-05-04,54600.7,SUCCESS,TRANSFER,Fairlands Branch,C3860,Loan Payment
T403128,1,Salem,2025-05-04,44768.34,SUCCESS,DEPOSIT,Fairlands Branch,C5900,Bill Payment
T403129,1,Salem,2025-05-04,67596.32,SUCCESS,TRANSFER,Fairlands Branch,C7129,Loan Payment
T403130,1,Salem,2025-05-04,94678.25,SUCCESS,TRANSFER,Fairlands Branch,C5939,Travel
T403131,1,Salem,2025-05-04,11104.0,FAILED,WITHDRAWAL,Fairlands Branch,C5854,Bill Payment
T403132,1,Salem,2025-05-04,66605.63,SUCCESS,WITHDRAWAL,Fairlands Branch,C8909,Loan Payment
T403133,1,Salem,2025-05-04,91164.97,SUCCESS,DEPOSIT,Fairlands Branch,C1079,Bill Payment
T403134,1,Salem,2025-05-04,20584.72,FAILED,WITHDRAWAL,Fairlands Branch,C9128,Loan Payment
T403135,1,Salem,2025-05-04,6592.88,SUCCESS,TRANSFER,Fairlands Branch,C3614,Bill Payment
T403136,1,Salem,2025-05-04,18954.76,SUCCESS,TRANSFER,Fairlands Branch,C5265,Others
T403137,1,Salem,2025-05-04,44229.38,FAILED,TRANSFER,Fairlands Branch,C1476,Travel
T403138,1,Salem,2025-05-04,91085.04,FAILED,TRANSFER,Fairlands Branch,C5291,Others
T403139,1,Salem,2025-05-04,97903.32,FAILED,DEPOSIT,Fairlands Branch,C9702,Medical Expenses
T403140,1,Salem,2025-05-04,96877.64,FAILED,TRANSFER,Fairlands Branch,C8037,Travel
T403141,1,Salem,2025-05-04,71164.31,FAILED,DEPOSIT,Fairlands Branch,C4670,Shopping
T403142,1,Salem,2025-05-04,57951.23,FAILED,DEPOSIT,Fairlands Branch,C2583,Medical Expenses
T403143,1,Salem,2025-05-04,59635.94,FAILED,DEPOSIT,Fairlands Branch,C5181,Loan Payment
T403144,1,Salem,2025-05-04,30818.09,SUCCESS,WITHDRAWAL,Fairlands Branch,C4705,Bill Payment
T403145,1,Salem,2025-05-04,69667.32,SUCCESS,DEPOSIT,Fairlands Branch,C6541,Medical Expenses
T403146,1,Salem,2025-05-04,5083.61,SUCCESS,DEPOSIT,Fairlands Branch,C7950,Loan Payment
T403147,1,Salem,2025-05-04,65777.92,SUCCESS,DEPOSIT,Fairlands Branch,C8313,Loan Payment
T403148,1,Salem,2025-05-04,16547.95,SUCCESS,TRANSFER,Fairlands Branch,C6477,Medical Expenses
T403149,1,Salem,2025-05-04,48172.96,SUCCESS,TRANSFER,Fairlands Branch,C7924,Education Fees
T403150,1,Salem,2025-05-04,89837.36,SUCCESS,TRANSFER,Fairlands Branch,C7336,Medical Expenses
T403151,1,Salem,2025-05-04,78837.12,SUCCESS,TRANSFER,Fairlands Branch,C2422,Travel
T403152,1,Salem,2025-05-04,91434.16,FAILED,DEPOSIT,Fairlands Branch,C7702,Shopping
T403153,1,Salem,2025-05-04,85167.53,FAILED,WITHDRAWAL,Fairlands Branch,C7251,Loan Payment
T403154,1,Salem,2025-05-04,79594.69,FAILED,WITHDRAWAL,Fairlands Branch,C4694,Travel
T403155,1,Salem,2025-05-04,33276.86,SUCCESS,TRANSFER,Fairlands Branch,C6108,Education Fees
T403156,1,Salem,2025-05-04,66265.37,SUCCESS,TRANSFER,Fairlands Branch,C9300,Education Fees
T403157,1,Salem,2025-05-04,51863.16,SUCCESS,DEPOSIT,Fairlands Branch,C4738,Shopping
T403158,1,Salem,2025-05-04,3380.31,FAILED,DEPOSIT,Fairlands Branch,C1479,Shopping
T403159,1,Salem,2025-05-04,84461.18,FAILED,WITHDRAWAL,Fairlands Branch,C1278,Others
T403160,1,Salem,2025-05-04,65990.75,SUCCESS,TRANSFER,Fairlands Branch,C6673,Shopping
T403161,1,Salem,2025-05-04,17877.71,SUCCESS,TRANSFER,Fairlands Branch,C7191,Bill Payment
T403162,1,Salem,2025-05-04,82742.73,SUCCESS,TRANSFER,Fairlands Branch,C1856,Medical Expenses
T403163,1,Salem,2025-05-04,9717.63,FAILED,TRANSFER,Fairlands Branch,C9378,Loan Payment
T403164,1,Salem,2025-05-04,35020.82,SUCCESS,WITHDRAWAL,Fairlands Branch,C1911,Medical Expenses
T403165,1,Salem,2025-05-04,71492.25,SUCCESS,WITHDRAWAL,Fairlands Branch,C9213,Loan Payment
T403166,1,Salem,2025-05-04,96960.23,SUCCESS,WITHDRAWAL,Fairlands Branch,C7769,Medical Expenses
T403167,1,Salem,2025-05-04,35207.13,SUCCESS,DEPOSIT,Fairlands Branch,C6307,Education Fees
T403168,1,Salem,2025-05-04,17771.62,FAILED,TRANSFER,Fairlands Branch,C6977,Medical Expenses
T403169,1,Salem,2025-05-04,27019.58,SUCCESS,WITHDRAWAL,Fairlands Branch,C1380,Shopping
T403170,1,Salem,2025-05-04,14955.27,FAILED,DEPOSIT,Fairlands Branch,C3661,Medical Expenses
T403171,1,Salem,2025-05-04,16699.92,SUCCESS,TRANSFER,Fairlands Branch,C4848,Education Fees
T403172,1,Salem,2025-05-04,28075.49,SUCCESS,TRANSFER,Fairlands Branch,C8149,Loan Payment
T403173,1,Salem,2025-05-04,52250.43,FAILED,TRANSFER,Fairlands Branch,C7472,Others
T403174,1,Salem,2025-05-04,32837.75,SUCCESS,TRANSFER,Fairlands Branch,C2144,Bill Payment
T403175,1,Salem,2025-05-04,28752.04,SUCCESS,DEPOSIT,Fairlands Branch,C1862,Travel
T403176,1,Salem,2025-05-04,78537.31,FAILED,DEPOSIT,Fairlands Branch,C9990,Shopping
T403177,1,Salem,2025-05-04,45689.64,SUCCESS,TRANSFER,Fairlands Branch,C9127,Bill Payment
T403178,1,Salem,2025-05-03,99032.65,FAILED,WITHDRAWAL,Fairlands Branch,C4062,Education Fees
T403179,1,Salem,2025-05-03,37059.04,FAILED,WITHDRAWAL,Fairlands Branch,C8031,Bill Payment
T403180,1,Salem,2025-05-03,11285.4,SUCCESS,WITHDRAWAL,Fairlands Branch,C4381,Bill Payment
T403181,1,Salem,2025-05-03,28593.59,SUCCESS,WITHDRAWAL,Fairlands Branch,C1413,Others
T403182,1,Salem,2025-05-03,29553.73,SUCCESS,DEPOSIT,Fairlands Branch,C2341,Education Fees
T403183,1,Salem,2025-05-03,44322.33,FAILED,DEPOSIT,Fairlands Branch,C3096,Education Fees
T403184,1,Salem,2025-05-03,91061.42,SUCCESS,WITHDRAWAL,Fairlands Branch,C1455,Travel
T403185,1,Salem,2025-05-03,93773.1,FAILED,WITHDRAWAL,Fairlands Branch,C1216,Loan Payment
T403186,1,Salem,2025-05-03,48996.36,FAILED,DEPOSIT,Fairlands Branch,C4741,Shopping
T403187,1,Salem,2025-05-03,11563.68,FAILED,DEPOSIT,Fairlands Branch,C3307,Bill Payment
T403188,1,Salem,2025-05-03,21600.6,SUCCESS,WITHDRAWAL,Fairlands Branch,C7053,Loan Payment
T403189,1,Salem,2025-05-03,25938.08,FAILED,DEPOSIT,Fairlands Branch,C9026,Others
T403190,1,Salem,2025-05-03,23457.33,SUCCESS,TRANSFER,Fairlands Branch,C5276,Travel
T403191,1,Salem,2025-05-03,81656.65,FAILED,DEPOSIT,Fairlands Branch,C4273,Others
T403192,1,Salem,2025-05-03,47720.79,FAILED,WITHDRAWAL,Fairlands Branch,C3792,Medical Expenses
T403193,1,Salem,2025-05-03,61194.86,SUCCESS,TRANSFER,Fairlands Branch,C7345,Medical Expenses
T403194,1,Salem,2025-05-03,66193.7,SUCCESS,DEPOSIT,Fairlands Branch,C9290,Shopping
T403195,1,Salem,2025-05-03,68275.57,FAILED,TRANSFER,Fairlands Branch,C4125,Bill Payment
T403196,1,Salem,2025-05-03,42200.3,SUCCESS,WITHDRAWAL,Fairlands Branch,C3247,Shopping
T403197,1,Salem,2025-05-03,37363.03,FAILED,TRANSFER,Fairlands Branch,C5164,Shopping
T403198,1,Salem,2025-05-03,78448.83,SUCCESS,TRANSFER,Fairlands Branch,C6789,Shopping
T403199,1,Salem,2025-05-03,80441.15,SUCCESS,TRANSFER,Fairlands Branch,C6713,Medical Expenses
T403200,1,Salem,2025-05-03,30422.93,SUCCESS,WITHDRAWAL,Fairlands Branch,C5585,Education Fees
T403201,1,Salem,2025-05-03,38205.42,FAILED,DEPOSIT,Fairlands Branch,C3159,Loan Payment
T403202,1,Salem,2025-05-03,15911.98,FAILED,DEPOSIT,Fairlands Branch,C4506,Bill Payment
T403203,1,Salem,2025-05-03,93081.6,FAILED,DEPOSIT,Fairlands Branch,C7676,Loan Payment
T403204,1,Salem,2025-05-03,49496.58,SUCCESS,WITHDRAWAL,Fairlands Branch,C6628,Others
T403205,1,Salem,2025-05-03,32585.6,SUCCESS,WITHDRAWAL,Fairlands Branch,C1957,Shopping
T403206,1,Salem,2025-05-03,63051.26,FAILED,TRANSFER,Fairlands Branch,C9951,Others
T403207,1,Salem,2025-05-03,42209.2,SUCCESS,TRANSFER,Fairlands Branch,C9876,Medical Expenses
T403208,1,Salem,2025-05-03,75206.42,FAILED,DEPOSIT,Fairlands Branch,C8311,Others
T403209,1,Salem,2025-05-03,93533.28,FAILED,WITHDRAWAL,Fairlands Branch,C8229,Medical Expenses
T403210,1,Salem,2025-05-03,74723.38,SUCCESS,WITHDRAWAL,Fairlands Branch,C4362,Loan Payment
T403211,1,Salem,2025-05-03,47800.6,FAILED,DEPOSIT,Fairlands Branch,C7313,Shopping
T403212,1,Salem,2025-05-03,9775.41,FAILED,DEPOSIT,Fairlands Branch,C8764,Others
T403213,1,Salem,2025-05-03,6317.81,FAILED,WITHDRAWAL,Fairlands Branch,C8128,Loan Payment
T403214,1,Salem,2025-05-03,36743.03,SUCCESS,TRANSFER,Fairlands Branch,C6783,Medical Expenses
T403215,1,Salem,2025-05-03,52982.43,FAILED,TRANSFER,Fairlands Branch,C7388,Shopping
T403216,1,Salem,2025-05-03,73146.16,FAILED,WITHDRAWAL,Fairlands Branch,C2055,Others
T403217,1,Salem,2025-05-03,79145.08,SUCCESS,WITHDRAWAL,Fairlands Branch,C5437,Others
T403218,1,Salem,2025-05-03,88830.64,SUCCESS,TRANSFER,Fairlands Branch,C9284,Travel
T403219,1,Salem,2025-05-03,17337.66,SUCCESS,DEPOSIT,Fairlands Branch,C9827,Travel
T403220,1,Salem,2025-05-03,22558.49,FAILED,TRANSFER,Fairlands Branch,C7496,Shopping
T403221,1,Salem,2025-05-03,94640.8,FAILED,DEPOSIT,Fairlands Branch,C4724,Shopping
T403222,1,Salem,2025-05-03,44389.99,FAILED,DEPOSIT,Fairlands Branch,C6321,Education Fees
T403223,1,Salem,2025-05-03,78387.79,SUCCESS,TRANSFER,Fairlands Branch,C6639,Shopping
T403224,1,Salem,2025-05-03,17097.18,FAILED,DEPOSIT,Fairlands Branch,C3695,Medical Expenses
T403225,1,Salem,2025-05-03,70624.72,SUCCESS,DEPOSIT,Fairlands Branch,C3332,Bill Payment
T403226,1,Salem,2025-05-03,32923.81,SUCCESS,DEPOSIT,Fairlands Branch,C5454,Travel
T403227,1,Salem,2025-05-03,56826.51,FAILED,WITHDRAWAL,Fairlands Branch,C5171,Loan Payment
T403228,1,Salem,2025-05-03,39354.2,SUCCESS,DEPOSIT,Fairlands Branch,C5507,Loan Payment
T403229,1,Salem,2025-05-03,46287.93,SUCCESS,TRANSFER,Fairlands Branch,C4438,Bill Payment
T403230,1,Salem,2025-05-03,27111.08,FAILED,WITHDRAWAL,Fairlands Branch,C7126,Medical Expenses
T403231,1,Salem,2025-05-03,22249.25,SUCCESS,TRANSFER,Fairlands Branch,C1137,Medical Expenses
T403232,1,Salem,2025-05-03,27800.47,SUCCESS,WITHDRAWAL,Fairlands Branch,C1568,Shopping
T403233,1,Salem,2025-05-03,10136.84,FAILED,DEPOSIT,Fairlands Branch,C3543,Travel
T403234,1,Salem,2025-05-03,57343.54,SUCCESS,TRANSFER,Fairlands Branch,C7340,Education Fees
T403235,1,Salem,2025-05-03,72811.35,SUCCESS,WITHDRAWAL,Fairlands Branch,C1018,Education Fees
T403236,1,Salem,2025-05-03,68589.93,FAILED,WITHDRAWAL,Fairlands Branch,C2777,Others
T403237,1,Salem,2025-05-03,45898.64,SUCCESS,TRANSFER,Fairlands Branch,C8110,Education Fees
T403238,1,Salem,2025-05-03,35574.37,SUCCESS,WITHDRAWAL,Fairlands Branch,C2370,Bill Payment
T403239,1,Salem,2025-05-03,20237.18,FAILED,TRANSFER,Fairlands Branch,C6297,Bill Payment
T403240,1,Salem,2025-05-03,95211.99,FAILED,TRANSFER,Fairlands Branch,C4541,Others
T403241,1,Salem,2025-05-03,51747.69,SUCCESS,DEPOSIT,Fairlands Branch,C9738,Loan Payment
T403242,1,Salem,2025-05-03,15607.15,SUCCESS,TRANSFER,Fairlands Branch,C4026,Education Fees
T403243,1,Salem,2025-05-03,75789.6,FAILED,WITHDRAWAL,Fairlands Branch,C4538,Education Fees
T403244,1,Salem,2025-05-03,57483.67,SUCCESS,DEPOSIT,Fairlands Branch,C4395,Education Fees
