TRANSACTION_ID,BRANCH_ID,CITY,DATE,AMOUNT,STATUS,TRANSACTION_TYPE,BRANCH_NAME,CUSTOMER_ID,PURPOSE
T404193,4,Salem,2025-05-09,3349.78,SUCCESS,TRANSFER,Gugai Branch,C3014,Education Fees
T404194,4,Salem,2025-05-09,84944.83,SUCCESS,WITHDRAWAL,Gugai Branch,C3482,Shopping
T404195,4,Salem,2025-05-09,47869.1,SUCCESS,WITHDRAWAL,Gugai Branch,C3764,Others
T404196,4,Salem,2025-05-09,14915.69,SUCCESS,DEPOSIT,Gugai Branch,C2155,Shopping
T404197,4,Salem,2025-05-09,57802.81,SUCCESS,WITHDRAWAL,Gugai Branch,C6482,Loan Payment
T404198,4,Salem,2025-05-09,22012.52,SUCCESS,TRANSFER,Gugai Branch,C8577,Medical Expenses
T404199,4,Salem,2025-05-09,81618.36,SUCCESS,WITHDRAWAL,Gugai Branch,C2440,Medical Expenses
T404200,4,Salem,2025-05-09,41813.95,SUCCESS,WITHDRAWAL,Gugai Branch,C1724,Travel
T404201,4,Salem,2025-05-09,59369.51,FAILED,WITHDRAWAL,Gugai Branch,C2604,Medical Expenses
T404202,4,Salem,2025-05-09,89294.86,SUCCESS,DEPOSIT,Gugai Branch,C7600,Others
T404203,4,Salem,2025-05-09,71677.77,SUCCESS,WITHDRAWAL,Gugai Branch,C9475,Medical Expenses
T404204,4,Salem,2025-05-09,35311.12,FAILED,WITHDRAWAL,Gugai Branch,C5925,Bill Payment
T404205,4,Salem,2025-05-09,90093.7,FAILED,DEPOSIT,Gugai Branch,C3195,Loan Payment
T404206,4,Salem,2025-05-09,81915.5,FAILED,TRANSFER,Gugai Branch,C2744,Travel
T404207,4,Salem,2025-05-09,45295.71,SUCCESS,DEPOSIT,Gugai Branch,C6949,Medical Expenses
T404208,4,Salem,2025-05-09,49974.4,SUCCESS,DEPOSIT,Gugai Branch,C5352,Travel
T404209,4,Salem,2025-05-09,73384.61,SUCCESS,TRANSFER,Gugai Branch,C7257,Travel
T404210,4,Salem,2025-05-09,46615.76,SUCCESS,DEPOSIT,Gugai Branch,C8076,Medical Expenses
T404211,4,Salem,2025-05-09,63413.11,FAILED,WITHDRAWAL,Gugai Branch,C5602,Others
T404212,4,Salem,2025-05-09,51068.0,FAILED,WITHDRAWAL,Gugai Branch,C9548,Education Fees
T404213,4,Salem,2025-05-09,43122.5,SUCCESS,TRANSFER,Gugai Branch,C5494,Shopping
T404214,4,Salem,2025-05-09,53590.73,FAILED,DEPOSIT,Gugai Branch,C5529,Medical Expenses
T404215,4,Salem,2025-05-09,81670.9,SUCCESS,DEPOSIT,Gugai Branch,C6614,Travel
T404216,4,Salem,2025-05-09,30898.47,SUCCESS,WITHDRAWAL,Gugai Branch,C4364,Others
T404217,4,Salem,2025-05-09,77028.06,SUCCESS,WITHDRAWAL,Gugai Branch,C7594,Medical Expenses
T404218,4,Salem,2025-05-09,4887.97,SUCCESS,DEPOSIT,Gugai Branch,C2291,Medical Expenses
T404219,4,Salem,2025-05-09,60971.69,FAILED,TRANSFER,Gugai Branch,C1911,Others
T404220,4,Salem,2025-05-09,63968.31,FAILED,DEPOSIT,Gugai Branch,C8603,Loan Payment
T404221,4,Salem,2025-05-09,66575.09,FAILED,TRANSFER,Gugai Branch,C6675,Travel
T404222,4,Salem,2025-05-09,63403.22,SUCCESS,TRANSFER,Gugai Branch,C9938,Education Fees
T404223,4,Salem,2025-05-09,85524.42,SUCCESS,DEPOSIT,Gugai Branch,C7697,Education Fees
T404224,4,Salem,2025-05-09,33847.69,FAILED,TRANSFER,Gugai Branch,C3563,Medical Expenses
T404225,4,Salem,2025-05-09,24072.09,FAILED,WITHDRAWAL,Gugai Branch,C8272,Shopping
T404226,4,Salem,2025-05-09,66149.3,SUCCESS,DEPOSIT,Gugai Branch,C3277,Education Fees
T404227,4,Salem,2025-05-09,56813.05,SUCCESS,WITHDRAWAL,Gugai Branch,C8811,Medical Expenses
T404228,4,Salem,2025-05-09,33987.08,FAILED,WITHDRAWAL,Gugai Branch,C6477,Education Fees
T404229,4,Salem,2025-05-09,88915.84,SUCCESS,DEPOSIT,Gugai Branch,C5016,Loan Payment
T404230,4,Salem,2025-05-09,47813.1,SUCCESS,TRANSFER,Gugai Branch,C9303,Others
T404231,4,Salem,2025-05-09,34041.6,SUCCESS,DEPOSIT,Gugai Branch,C6825,Others
T404232,4,Salem,2025-05-09,84783.38,FAILED,TRANSFER,Gugai Branch,C5005,Loan Payment
T404233,4,Salem,2025-05-09,83424.86,SUCCESS,DEPOSIT,Gugai Branch,C8016,Travel
T404234,4,Salem,2025-05-09,26944.64,FAILED,DEPOSIT,Gugai Branch,C9355,Travel
T404235,4,Salem,2025-05-09,24505.44,SUCCESS,TRANSFER,Gugai Branch,C1117,Medical Expenses
T404236,4,Salem,2025-05-09,5485.96,SUCCESS,TRANSFER,Gugai Branch,C5760,Others
T404237,4,Salem,2025-05-09,87323.42,SUCCESS,TRANSFER,Gugai Branch,C4100,Medical Expenses
T404238,4,Salem,2025-05-09,18409.97,FAILED,WITHDRAWAL,Gugai Branch,C2255,Travel
T404239,4,Salem,2025-05-09,47397.53,FAILED,DEPOSIT,Gugai Branch,C4628,Others
T404240,4,Salem,2025-05-09,62109.25,SUCCESS,WITHDRAWAL,Gugai Branch,C1740,Education Fees
T404241,4,Salem,2025-05-09,60928.85,FAILED,TRANSFER,Gugai Branch,C7210,Education Fees
T404242,4,Salem,2025-05-09,83412.92,FAILED,DEPOSIT,Gugai Branch,C2443,Bill Payment
T404243,4,Salem,2025-05-09,7011.87,SUCCESS,TRANSFER,Gugai Branch,C9808,Shopping
T404244,4,Salem,2025-05-09,21528.59,SUCCESS,WITHDRAWAL,Gugai Branch,C8969,Loan Payment
T404245,4,Salem,2025-05-09,53641.98,SUCCESS,TRANSFER,Gugai Branch,C7249,Medical Expenses
T404246,4,Salem,2025-05-09,6846.18,FAILED,DEPOSIT,Gugai Branch,C8584,Education Fees
T404247,4,Salem,2025-05-09,88585.17,SUCCESS,WITHDRAWAL,Gugai Branch,C6377,Education Fees
T404248,4,Salem,2025-05-09,98576.35,SUCCESS,WITHDRAWAL,Gugai Branch,C3085,Education Fees
T404249,4,Salem,2025-05-09,21323.99,FAILED,TRANSFER,Gugai Branch,C1296,Others
T404250,4,Salem,2025-05-09,40041.63,SUCCESS,WITHDRAWAL,Gugai Branch,C1315,Bill Payment
T404251,4,Salem,2025-05-09,28815.39,FAILED,DEPOSIT,Gugai Branch,C8256,Travel
T404252,4,Salem,2025-05-09,23184.22,SUCCESS,TRANSFER,Gugai Branch,C8355,Others
T404253,4,Salem,2025-05-09,25159.02,SUCCESS,DEPOSIT,Gugai Branch,C4175,Travel
T404254,4,Salem,2025-05-09,95306.86,FAILED,TRANSFER,Gugai Branch,C5925,Shopping
T404255,4,Salem,2025-05-09,94085.85,FAILED,WITHDRAWAL,Gugai Branch,C8987,Travel
T404256,4,Salem,2025-05-09,70948.19,FAILED,WITHDRAWAL,Gugai Branch,C6874,Others
T404257,4,Salem,2025-05-09,39511.68,FAILED,WITHDRAWAL,Gugai Branch,C1185,Education Fees
T404258,4,Salem,2025-05-09,80706.6,FAILED,WITHDRAWAL,Gugai Branch,C7353,Others
T404259,4,Salem,2025-05-09,86369.71,SUCCESS,TRANSFER,Gugai Branch,C3050,Others
T404260,4,Salem,2025-05-09,11891.39,SUCCESS,DEPOSIT,Gugai Branch,C8649,Travel
T404261,4,Salem,2025-05-09,38189.53,FAILED,DEPOSIT,Gugai Branch,C4161,Shopping
T404262,4,Salem,2025-05-09,57651.55,SUCCESS,TRANSFER,Gugai Branch,C1725,Others
T404263,4,Salem,2025-05-09,46007.56,FAILED,WITHDRAWAL,Gugai Branch,C8031,Shopping
T404264,4,Salem,2025-05-09,87315.31,FAILED,DEPOSIT,Gugai Branch,C3091,Medical Expenses
T404265,4,Salem,2025-05-09,90734.41,FAILED,WITHDRAWAL,Gugai Branch,C4816,Bill Payment
T404266,4,Salem,2025-05-09,81114.12,FAILED,DEPOSIT,Gugai Branch,C4581,Others
T404267,4,Salem,2025-05-09,326.7,SUCCESS,TRANSFER,Gugai Branch,C9733,Others
T404268,4,Salem,2025-05-09,13358.26,FAILED,DEPOSIT,Gugai Branch,C2105,Education Fees
T404269,4,Salem,2025-05-09,2480.1,FAILED,WITHDRAWAL,Gugai Branch,C9183,Others
T404270,4,Salem,2025-05-09,19714.72,FAILED,DEPOSIT,Gugai Branch,C6941,Bill Payment
T404271,4,Salem,2025-05-09,95942.91,SUCCESS,DEPOSIT,Gugai Branch,C4872,Others
T404272,4,Salem,2025-05-09,14145.7,SUCCESS,WITHDRAWAL,Gugai Branch,C5017,Medical Expenses
T404273,4,Salem,2025-05-09,4037.99,FAILED,TRANSFER,Gugai Branch,C8061,Travel
T404274,4,Salem,2025-05-09,19802.13,FAILED,DEPOSIT,Gugai Branch,C2614,Shopping
T404275,4,Salem,2025-05-09,87035.63,SUCCESS,TRANSFER,Gugai Branch,C4830,Shopping
T404276,4,Salem,2025-05-09,6768.66,SUCCESS,TRANSFER,Gugai Branch,C2347,Travel
T404277,4,Salem,2025-05-08,83545.07,FAILED,WITHDRAWAL,Gugai Branch,C1748,Bill Payment
T404278,4,Salem,2025-05-08,69775.93,SUCCESS,TRANSFER,Gugai Branch,C1426,Bill Payment
T404279,4,Salem,2025-05-08,86772.64,FAILED,DEPOSIT,Gugai Branch,C8973,Travel
T404280,4,Salem,2025-05-08,42059.7,FAILED,WITHDRAWAL,Gugai Branch,C5840,Bill Payment
T404281,4,Salem,2025-05-08,78846.09,SUCCESS,WITHDRAWAL,Gugai Branch,C3294,Bill Payment
T404282,4,Salem,2025-05-08,13008.8,FAILED,DEPOSIT,Gugai Branch,C9496,Medical Expenses
T404283,4,Salem,2025-05-08,29656.75,SUCCESS,DEPOSIT,Gugai Branch,C4782,Medical Expenses
T404284,4,Salem,2025-05-08,20271.71,FAILED,TRANSFER,Gugai Branch,C3291,Travel
T404285,4,Salem,2025-05-08,25890.57,FAILED,DEPOSIT,Gugai Branch,C3378,Loan Payment
T404286,4,Salem,2025-05-08,68297.08,FAILED,WITHDRAWAL,Gugai Branch,C8130,Medical Expenses
T404287,4,Salem,2025-05-08,66829.9,SUCCESS,DEPOSIT,Gugai Branch,C1317,Others
T404288,4,Salem,2025-05-08,61313.32,SUCCESS,DEPOSIT,Gugai Branch,C7855,Education Fees
T404289,4,Salem,2025-05-08,29061.8,FAILED,TRANSFER,Gugai Branch,C5762,Shopping
T404290,4,Salem,2025-05-08,97866.32,SUCCESS,TRANSFER,Gugai Branch,C8172,Travel
T404291,4,Salem,2025-05-08,19141.21,SUCCESS,DEPOSIT,Gugai Branch,C2755,Bill Payment
T404292,4,Salem,2025-05-08,77117.02,SUCCESS,WITHDRAWAL,Gugai Branch,C4574,Shopping
T404293,4,Salem,2025-05-08,2011.17,FAILED,WITHDRAWAL,Gugai Branch,C4941,Travel
T404294,4,Salem,2025-05-08,67713.11,SUCCESS,WITHDRAWAL,Gugai Branch,C6105,Medical Expenses
T404295,4,Salem,2025-05-08,27338.98,SUCCESS,DEPOSIT,Gugai Branch,C8132,Bill Payment
T404296,4,Salem,2025-05-08,65207.41,FAILED,TRANSFER,Gugai Branch,C4404,Bill Payment
T404297,4,Salem,2025-05-08,81988.71,SUCCESS,WITHDRAWAL,Gugai Branch,C3419,Medical Expenses
T404298,4,Salem,2025-05-08,96668.19,SUCCESS,WITHDRAWAL,Gugai Branch,C5632,Loan Payment
T404299,4,Salem,2025-05-08,35848.01,FAILED,DEPOSIT,Gugai Branch,C4171,Others
T404300,4,Salem,2025-05-08,93237.97,FAILED,TRANSFER,Gugai Branch,C3667,Loan Payment
T404301,4,Salem,2025-05-08,40908.87,SUCCESS,DEPOSIT,Gugai Branch,C2091,Medical Expenses
T404302,4,Salem,2025-05-08,32076.4,SUCCESS,DEPOSIT,Gugai Branch,C1899,Travel
T404303,4,Salem,2025-05-08,56902.83,FAILED,WITHDRAWAL,Gugai Branch,C9266,Shopping
T404304,4,Salem,2025-05-08,88867.2,SUCCESS,DEPOSIT,Gugai Branch,C3658,Others
T404305,4,Salem,2025-05-08,14614.64,SUCCESS,WITHDRAWAL,Gugai Branch,C9536,Shopping
T404306,4,Salem,2025-05-08,32904.22,SUCCESS,WITHDRAWAL,Gugai Branch,C4758,Shopping
T404307,4,Salem,2025-05-08,41831.23,FAILED,WITHDRAWAL,Gugai Branch,C6375,Medical Expenses
T404308,4,Salem,2025-05-08,32585.96,FAILED,TRANSFER,Gugai Branch,C8445,Education Fees
T404309,4,Salem,2025-05-08,91432.11,FAILED,WITHDRAWAL,Gugai Branch,C9203,Loan Payment
T404310,4,Salem,2025-05-08,37614.3,SUCCESS,DEPOSIT,Gugai Branch,C8978,Others
T404311,4,Salem,2025-05-08,14443.09,SUCCESS,WITHDRAWAL,Gugai Branch,C6690,Others
T404312,4,Salem,2025-05-08,33504.87,SUCCESS,DEPOSIT,Gugai Branch,C3846,Education Fees
T404313,4,Salem,2025-05-08,833.6,SUCCESS,WITHDRAWAL,Gugai Branch,C4839,Shopping
T404314,4,Salem,2025-05-08,56658.69,FAILED,WITHDRAWAL,Gugai Branch,C5718,Shopping
T404315,4,Salem,2025-05-08,26165.35,SUCCESS,DEPOSIT,Gugai Branch,C7137,Education Fees
T404316,4,Salem,2025-05-08,97151.54,SUCCESS,TRANSFER,Gugai Branch,C2967,Others
T404317,4,Salem,2025-05-08,79362.29,SUCCESS,WITHDRAWAL,Gugai Branch,C6853,Education Fees
T404318,4,Salem,2025-05-08,82038.95,SUCCESS,WITHDRAWAL,Gugai Branch,C2688,Others
T404319,4,Salem,2025-05-08,93043.11,SUCCESS,DEPOSIT,Gugai Branch,C4408,Loan Payment
T404320,4,Salem,2025-05-08,94639.49,SUCCESS,WITHDRAWAL,Gugai Branch,C1953,Others
T404321,4,Salem,2025-05-08,89769.94,FAILED,WITHDRAWAL,Gugai Branch,C5059,Travel
T404322,4,Salem,2025-05-08,71061.61,FAILED,TRANSFER,Gugai Branch,C5275,Bill Payment
T404323,4,Salem,2025-05-08,45972.01,FAILED,DEPOSIT,Gugai Branch,C4423,Loan Payment
T404324,4,Salem,2025-05-08,51929.78,FAILED,TRANSFER,Gugai Branch,C4263,Travel
T404325,4,Salem,2025-05-08,41554.64,FAILED,DEPOSIT,Gugai Branch,C9817,Others
T404326,4,Salem,2025-05-08,74927.76,FAILED,DEPOSIT,Gugai Branch,C1557,Bill Payment
T404327,4,Salem,2025-05-08,95320.22,SUCCESS,TRANSFER,Gugai Branch,C7513,Shopping
T404328,4,Salem,2025-05-08,8442.63,FAILED,WITHDRAWAL,Gugai Branch,C4856,Bill Payment
T404329,4,Salem,2025-05-08,91873.07,SUCCESS,WITHDRAWAL,Gugai Branch,C9371,Medical Expenses
T404330,4,Salem,2025-05-08,61970.04,FAILED,DEPOSIT,Gugai Branch,C5806,Education Fees
T404331,4,Salem,2025-05-08,19597.44,FAILED,TRANSFER,Gugai Branch,C7379,Medical Expenses
T404332,4,Salem,2025-05-08,55879.95,FAILED,WITHDRAWAL,Gugai Branch,C7280,Shopping
T404333,4,Salem,2025-05-08,89441.33,SUCCESS,DEPOSIT,Gugai Branch,C8842,Travel
T404334,4,Salem,2025-05-08,10841.78,SUCCESS,TRANSFER,Gugai Branch,C7197,Education Fees
T404335,4,Salem,2025-05-08,73501.56,SUCCESS,TRANSFER,Gugai Branch,C3269,Shopping
T404336,4,Salem,2025-05-08,56784.23,FAILED,WITHDRAWAL,Gugai Branch,C1986,Medical Expenses
T404337,4,Salem,2025-05-08,86834.51,SUCCESS,WITHDRAWAL,Gugai Branch,C9358,Education Fees
T404338,4,Salem,2025-05-08,8121.58,FAILED,DEPOSIT,Gugai Branch,C4364,Medical Expenses
T404339,4,Salem,2025-05-08,42281.09,SUCCESS,DEPOSIT,Gugai Branch,C6004,Travel
T404340,4,Salem,2025-05-08,43023.14,FAILED,DEPOSIT,Gugai Branch,C9170,Shopping
T404341,4,Salem,2025-05-08,88661.6,SUCCESS,WITHDRAWAL,Gugai Branch,C5875,Education Fees
T404342,4,Salem,2025-05-08,136.71,SUCCESS,TRANSFER,Gugai Branch,C7181,Others
T404343,4,Salem,2025-05-08,90549.35,SUCCESS,WITHDRAWAL,Gugai Branch,C3618,Travel
T404344,4,Salem,2025-05-08,31198.28,FAILED,WITHDRAWAL,Gugai Branch,C1696,Travel
T404345,4,Salem,2025-05-08,59883.93,SUCCESS,TRANSFER,Gugai Branch,C8521,Education Fees
T404346,4,Salem,2025-05-08,30788.19,FAILED,DEPOSIT,Gugai Branch,C9990,Loan Payment
T404347,4,Salem,2025-05-08,29512.92,FAILED,DEPOSIT,Gugai Branch,C7174,Loan Payment
T404348,4,Salem,2025-05-08,69871.63,SUCCESS,DEPOSIT,Gugai Branch,C8004,Loan Payment
T404349,4,Salem,2025-05-08,61397.79,SUCCESS,WITHDRAWAL,Gugai Branch,C3871,Medical Expenses
T404350,4,Salem,2025-05-08,34575.22,SUCCESS,TRANSFER,Gugai Branch,C2677,Travel
T404351,4,Salem,2025-05-08,65174.98,FAILED,WITHDRAWAL,Gugai Branch,C7656,Loan Payment
T404352,4,Salem,2025-05-08,37221.75,SUCCESS,DEPOSIT,Gugai Branch,C8472,Education Fees
T404353,4,Salem,2025-05-08,76843.95,SUCCESS,TRANSFER,Gugai Branch,C4990,Others
T404354,4,Salem,2025-05-08,22453.97,FAILED,TRANSFER,Gugai Branch,C8582,Bill Payment
T404355,4,Salem,2025-05-08,5704.45,SUCCESS,TRANSFER,Gugai Branch,C6782,Loan Payment
T404356,4,Salem,2025-05-08,4967.9,SUCCESS,DEPOSIT,Gugai Branch,C8216,Loan Payment
T404357,4,Salem,2025-05-07,34501.19,FAILED,WITHDRAWAL,Gugai Branch,C6662,Shopping
T404358,4,Salem,2025-05-07,59710.21,FAILED,WITHDRAWAL,Gugai Branch,C6071,Education Fees
T404359,4,Salem,2025-05-07,68586.26,SUCCESS,DEPOSIT,Gugai Branch,C1530,Shopping
T404360,4,Salem,2025-05-07,8315.95,SUCCESS,DEPOSIT,Gugai Branch,C9748,Education Fees
T404361,4,Salem,2025-05-07,72234.61,SUCCESS,TRANSFER,Gugai Branch,C3428,Shopping
T404362,4,Salem,2025-05-07,11864.88,SUCCESS,TRANSFER,Gugai Branch,C7325,Medical Expenses
T404363,4,Salem,2025-05-07,30450.81,SUCCESS,WITHDRAWAL,Gugai Branch,C2953,Medical Expenses
T404364,4,Salem,2025-05-07,17491.45,SUCCESS,WITHDRAWAL,Gugai Branch,C9018,Others
T404365,4,Salem,2025-05-07,19788.56,FAILED,TRANSFER,Gugai Branch,C8898,Travel
T404366,4,Salem,2025-05-07,61590.36,SUCCESS,TRANSFER,Gugai Branch,C6692,Others
T404367,4,Salem,2025-05-07,33995.87,FAILED,WITHDRAWAL,Gugai Branch,C5437,Loan Payment
T404368,4,Salem,2025-05-07,82990.88,FAILED,DEPOSIT,Gugai Branch,C5909,Education Fees
T404369,4,Salem,2025-05-07,21551.99,SUCCESS,WITHDRAWAL,Gugai Branch,C9734,Education Fees
T404370,4,Salem,2025-05-07,92197.69,SUCCESS,WITHDRAWAL,Gugai Branch,C3113,Travel
T404371,4,Salem,2025-05-07,61402.82,FAILED,DEPOSIT,Gugai Branch,C2548,Shopping
T404372,4,Salem,2025-05-07,43154.58,SUCCESS,DEPOSIT,Gugai Branch,C4463,Travel
T404373,4,Salem,2025-05-07,95860.9,SUCCESS,DEPOSIT,Gugai Branch,C2803,Travel
T404374,4,Salem,2025-05-07,33847.48,SUCCESS,TRANSFER,Gugai Branch,C3800,Medical Expenses
T404375,4,Salem,2025-05-07,82227.11,FAILED,TRANSFER,Gugai Branch,C3201,Loan Payment
T404376,4,Salem,2025-05-07,34146.37,SUCCESS,TRANSFER,Gugai Branch,C3729,Medical Expenses
T404377,4,Salem,2025-05-07,42288.63,SUCCESS,WITHDRAWAL,Gugai Branch,C8629,Others
T404378,4,Salem,2025-05-07,76618.05,SUCCESS,TRANSFER,Gugai Branch,C4865,Travel
T404379,4,Salem,2025-05-07,74631.13,FAILED,DEPOSIT,Gugai Branch,C6329,Medical Expenses
T404380,4,Salem,2025-05-07,66737.02,SUCCESS,TRANSFER,Gugai Branch,C6045,Education Fees
T404381,4,Salem,2025-05-07,69916.7,SUCCESS,DEPOSIT,Gugai Branch,C3970,Bill Payment
T404382,4,Salem,2025-05-07,94820.82,SUCCESS,DEPOSIT,Gugai Branch,C5999,Bill Payment
T404383,4,Salem,2025-05-07,72373.54,FAILED,TRANSFER,Gugai Branch,C8194,Education Fees
T404384,4,Salem,2025-05-07,43661.77,FAILED,WITHDRAWAL,Gugai Branch,C1222,Shopping
T404385,4,Salem,2025-05-07,95534.74,FAILED,WITHDRAWAL,Gugai Branch,C3689,Travel
T404386,4,Salem,2025-05-07,46058.47,FAILED,TRANSFER,Gugai Branch,C4129,Others
T404387,4,Salem,2025-05-07,60851.37,FAILED,DEPOSIT,Gugai Branch,C6799,Others
T404388,4,Salem,2025-05-07,63194.66,FAILED,TRANSFER,Gugai Branch,C2092,Medical Expenses
T404389,4,Salem,2025-05-07,612.71,FAILED,DEPOSIT,Gugai Branch,C5813,Medical Expenses
T404390,4,Salem,2025-05-07,72521.58,SUCCESS,DEPOSIT,Gugai Branch,C6517,Education Fees
T404391,4,Salem,2025-05-07,81308.68,SUCCESS,DEPOSIT,Gugai Branch,C4282,Medical Expenses
T404392,4,Salem,2025-05-07,22787.8,FAILED,WITHDRAWAL,Gugai Branch,C6218,Travel
T404393,4,Salem,2025-05-07,92471.82,SUCCESS,DEPOSIT,Gugai Branch,C7080,Others
T404394,4,Salem,2025-05-07,98713.88,FAILED,DEPOSIT,Gugai Branch,C2456,Education Fees
T404395,4,Salem,2025-05-07,42202.07,FAILED,DEPOSIT,Gugai Branch,C5240,Loan Payment
T404396,4,Salem,2025-05-07,50955.4,FAILED,DEPOSIT,Gugai Branch,C9717,Medical Expenses
T404397,4,Salem,2025-05-07,40246.53,FAILED,TRANSFER,Gugai Branch,C2933,Travel
T404398,4,Salem,2025-05-07,57156.02,SUCCESS,DEPOSIT,Gugai Branch,C8258,Others
T404399,4,Salem,2025-05-07,20899.13,SUCCESS,WITHDRAWAL,Gugai Branch,C8682,Loan Payment
T404400,4,Salem,2025-05-07,79931.48,FAILED,TRANSFER,Gugai Branch,C4498,Travel
T404401,4,Salem,2025-05-07,44169.65,FAILED,WITHDRAWAL,Gugai Branch,C9158,Shopping
T404402,4,Salem,2025-05-07,73691.36,SUCCESS,DEPOSIT,Gugai Branch,C1351,Education Fees
T404403,4,Salem,2025-05-07,53503.47,FAILED,DEPOSIT,Gugai Branch,C2019,Loan Payment
T404404,4,Salem,2025-05-07,8900.82,SUCCESS,TRANSFER,Gugai Branch,C4319,Shopping
T404405,4,Salem,2025-05-07,54879.61,SUCCESS,TRANSFER,Gugai Branch,C9039,Education Fees
T404406,4,Salem,2025-05-07,59493.78,SUCCESS,WITHDRAWAL,Gugai Branch,C5373,Travel
T404407,4,Salem,2025-05-07,62824.82,SUCCESS,WITHDRAWAL,Gugai Branch,C4768,Medical Expenses
T404408,4,Salem,2025-05-07,89333.05,FAILED,WITHDRAWAL,Gugai Branch,C8150,Loan Payment
T404409,4,Salem,2025-05-07,97231.04,FAILED,TRANSFER,Gugai Branch,C7960,Medical Expenses
T404410,4,Salem,2025-05-07,98804.79,FAILED,WITHDRAWAL,Gugai Branch,C6894,Education Fees
T404411,4,Salem,2025-05-07,14502.0,FAILED,WITHDRAWAL,Gugai Branch,C5881,Bill Payment
T404412,4,Salem,2025-05-07,1223.84,FAILED,WITHDRAWAL,Gugai Branch,C2173,Travel
T404413,4,Salem,2025-05-07,53740.0,SUCCESS,WITHDRAWAL,Gugai Branch,C7837,Bill Payment
T404414,4,Salem,2025-05-07,20551.96,FAILED,DEPOSIT,Gugai Branch,C8914,Medical Expenses
T404415,4,Salem,2025-05-07,28791.92,SUCCESS,WITHDRAWAL,Gugai Branch,C5869,Shopping
T404416,4,Salem,2025-05-07,91089.47,SUCCESS,WITHDRAWAL,Gugai Branch,C7093,Medical Expenses
T404417,4,Salem,2025-05-07,20514.64,FAILED,WITHDRAWAL,Gugai Branch,C3193,Bill Payment
T404418,4,Salem,2025-05-07,56234.34,SUCCESS,WITHDRAWAL,Gugai Branch,C6472,Shopping
T404419,4,Salem,2025-05-06,31847.21,SUCCESS,TRANSFER,Gugai Branch,C9615,Travel
T404420,4,Salem,2025-05-06,97851.01,FAILED,DEPOSIT,Gugai Branch,C1469,Loan Payment
T404421,4,Salem,2025-05-06,4131.66,FAILED,TRANSFER,Gugai Branch,C9291,Others
T404422,4,Salem,2025-05-06,60911.04,SUCCESS,TRANSFER,Gugai Branch,C9111,Others
T404423,4,Salem,2025-05-06,96379.32,FAILED,TRANSFER,Gugai Branch,C2448,Medical Expenses
T404424,4,Salem,2025-05-06,14111.82,FAILED,TRANSFER,Gugai Branch,C3411,Loan Payment
T404425,4,Salem,2025-05-06,38781.95,SUCCESS,DEPOSIT,Gugai Branch,C6852,Shopping
T404426,4,Salem,2025-05-06,31594.85,SUCCESS,TRANSFER,Gugai Branch,C3404,Bill Payment
T404427,4,Salem,2025-05-06,94009.29,SUCCESS,DEPOSIT,Gugai Branch,C9507,Education Fees
T404428,4,Salem,2025-05-06,43231.24,SUCCESS,WITHDRAWAL,Gugai Branch,C1660,Shopping
T404429,4,Salem,2025-05-06,32981.28,FAILED,DEPOSIT,Gugai Branch,C9656,Medical Expenses
T404430,4,Salem,2025-05-06,50701.69,FAILED,DEPOSIT,Gugai Branch,C2290,Bill Payment
T404431,4,Salem,2025-05-06,54470.01,FAILED,WITHDRAWAL,Gugai Branch,C3506,Loan Payment
T404432,4,Salem,2025-05-06,3856.22,FAILED,WITHDRAWAL,Gugai Branch,C8183,Loan Payment
T404433,4,Salem,2025-05-06,43484.96,FAILED,WITHDRAWAL,Gugai Branch,C1056,Loan Payment
T404434,4,Salem,2025-05-06,81442.98,FAILED,WITHDRAWAL,Gugai Branch,C9039,Shopping
T404435,4,Salem,2025-05-06,20697.74,FAILED,WITHDRAWAL,Gugai Branch,C4711,Shopping
T404436,4,Salem,2025-05-06,20711.77,FAILED,WITHDRAWAL,Gugai Branch,C5618,Others
T404437,4,Salem,2025-05-06,45903.87,FAILED,DEPOSIT,Gugai Branch,C6945,Travel
T404438,4,Salem,2025-05-06,79168.99,FAILED,DEPOSIT,Gugai Branch,C9204,Loan Payment
T404439,4,Salem,2025-05-06,68556.86,FAILED,WITHDRAWAL,Gugai Branch,C3132,Others
T404440,4,Salem,2025-05-06,27492.24,SUCCESS,DEPOSIT,Gugai Branch,C8935,Travel
T404441,4,Salem,2025-05-06,71001.4,SUCCESS,DEPOSIT,Gugai Branch,C5173,Shopping
T404442,4,Salem,2025-05-06,36939.28,FAILED,WITHDRAWAL,Gugai Branch,C3998,Others
T404443,4,Salem,2025-05-06,88372.56,SUCCESS,DEPOSIT,Gugai Branch,C6759,Travel
T404444,4,Salem,2025-05-06,47042.6,SUCCESS,DEPOSIT,Gugai Branch,C7083,Others
T404445,4,Salem,2025-05-06,25415.79,FAILED,TRANSFER,Gugai Branch,C9409,Others
T404446,4,Salem,2025-05-06,51365.39,SUCCESS,WITHDRAWAL,Gugai Branch,C4108,Education Fees
T404447,4,Salem,2025-05-06,95356.64,FAILED,WITHDRAWAL,Gugai Branch,C6825,Medical Expenses
T404448,4,Salem,2025-05-06,35246.99,FAILED,DEPOSIT,Gugai Branch,C4007,Bill Payment
T404449,4,Salem,2025-05-06,48471.71,FAILED,TRANSFER,Gugai Branch,C7314,Education Fees
T404450,4,Salem,2025-05-06,73868.47,FAILED,WITHDRAWAL,Gugai Branch,C8814,Others
T404451,4,Salem,2025-05-06,62093.56,SUCCESS,TRANSFER,Gugai Branch,C2109,Shopping
T404452,4,Salem,2025-05-06,51117.64,SUCCESS,WITHDRAWAL,Gugai Branch,C3608,Loan Payment
T404453,4,Salem,2025-05-06,9402.62,SUCCESS,WITHDRAWAL,Gugai Branch,C2429,Travel
T404454,4,Salem,2025-05-06,87291.47,SUCCESS,TRANSFER,Gugai Branch,C4139,Shopping
T404455,4,Salem,2025-05-06,6962.03,SUCCESS,DEPOSIT,Gugai Branch,C4435,Shopping
T404456,4,Salem,2025-05-06,46107.54,SUCCESS,TRANSFER,Gugai Branch,C7624,Medical Expenses
T404457,4,Salem,2025-05-06,90430.28,SUCCESS,WITHDRAWAL,Gugai Branch,C7092,Loan Payment
T404458,4,Salem,2025-05-06,83145.39,SUCCESS,TRANSFER,Gugai Branch,C6881,Others
T404459,4,Salem,2025-05-06,41215.17,SUCCESS,WITHDRAWAL,Gugai Branch,C7193,Education Fees
T404460,4,Salem,2025-05-06,94327.14,FAILED,WITHDRAWAL,Gugai Branch,C3187,Others
T404461,4,Salem,2025-05-06,99793.48,SUCCESS,WITHDRAWAL,Gugai Branch,C8311,Education Fees
T404462,4,Salem,2025-05-06,71161.65,FAILED,WITHDRAWAL,Gugai Branch,C4588,Shopping
T404463,4,Salem,2025-05-06,83746.2,SUCCESS,DEPOSIT,Gugai Branch,C9598,Medical Expenses
T404464,4,Salem,2025-05-06,67619.89,SUCCESS,WITHDRAWAL,Gugai Branch,C9479,Travel
T404465,4,Salem,2025-05-06,76561.38,SUCCESS,TRANSFER,Gugai Branch,C2188,Education Fees
T404466,4,Salem,2025-05-06,87191.06,SUCCESS,DEPOSIT,Gugai Branch,C6128,Medical Expenses
T404467,4,Salem,2025-05-06,99013.79,FAILED,DEPOSIT,Gugai Branch,C1649,Loan Payment
T404468,4,Salem,2025-05-06,88232.73,SUCCESS,WITHDRAWAL,Gugai Branch,C5681,Shopping
T404469,4,Salem,2025-05-06,55242.66,SUCCESS,DEPOSIT,Gugai Branch,C9860,Medical Expenses
T404470,4,Salem,2025-05-06,10108.11,FAILED,DEPOSIT,Gugai Branch,C1244,Loan Payment
T404471,4,Salem,2025-05-06,38442.54,FAILED,TRANSFER,Gugai Branch,C4709,Education Fees
T404472,4,Salem,2025-05-06,12325.49,FAILED,DEPOSIT,Gugai Branch,C8220,Education Fees
T404473,4,Salem,2025-05-06,13861.72,SUCCESS,TRANSFER,Gugai Branch,C4104,Loan Payment
T404474,4,Salem,2025-05-06,63992.87,FAILED,DEPOSIT,Gugai Branch,C9177,Education Fees
T404475,4,Salem,2025-05-06,71003.3,FAILED,WITHDRAWAL,Gugai Branch,C2191,Medical Expenses
T404476,4,Salem,2025-05-06,58836.26,FAILED,TRANSFER,Gugai Branch,C5298,Shopping
T404477,4,Salem,2025-05-06,13235.84,SUCCESS,WITHDRAWAL,Gugai Branch,C8624,Medical Expenses
T404478,4,Salem,2025-05-06,16194.79,SUCCESS,TRANSFER,Gugai Branch,C4698,Loan Payment
T404479,4,Salem,2025-05-06,37626.89,FAILED,TRANSFER,Gugai Branch,C2791,Shopping
T404480,4,Salem,2025-05-06,19568.92,SUCCESS,TRANSFER,Gugai Branch,C5886,Loan Payment
T404481,4,Salem,2025-05-06,96162.86,SUCCESS,TRANSFER,Gugai Branch,C7977,Shopping
T404482,4,Salem,2025-05-06,27863.98,SUCCESS,WITHDRAWAL,Gugai Branch,C7759,Medical Expenses
T404483,4,Salem,2025-05-06,97326.76,FAILED,DEPOSIT,Gugai Branch,C4526,Travel
T404484,4,Salem,2025-05-06,69756.39,FAILED,DEPOSIT,Gugai Branch,C7917,Others
T404485,4,Salem,2025-05-06,91359.35,SUCCESS,DEPOSIT,Gugai Branch,C1340,Education Fees
T404486,4,Salem,2025-05-06,69878.42,FAILED,DEPOSIT,Gugai Branch,C6129,Travel
T404487,4,Salem,2025-05-06,22616.7,SUCCESS,WITHDRAWAL,Gugai Branch,C4623,Bill Payment
T404488,4,Salem,2025-05-05,45569.04,FAILED,WITHDRAWAL,Gugai Branch,C6716,Travel
T404489,4,Salem,2025-05-05,18326.19,SUCCESS,WITHDRAWAL,Gugai Branch,C3725,Travel
T404490,4,Salem,2025-05-05,30682.42,SUCCESS,WITHDRAWAL,Gugai Branch,C3896,Bill Payment
T404491,4,Salem,2025-05-05,62920.29,SUCCESS,TRANSFER,Gugai Branch,C1636,Bill Payment
T404492,4,Salem,2025-05-05,50210.95,FAILED,WITHDRAWAL,Gugai Branch,C5885,Education Fees
T404493,4,Salem,2025-05-05,34898.52,FAILED,WITHDRAWAL,Gugai Branch,C3806,Medical Expenses
T404494,4,Salem,2025-05-05,54317.84,SUCCESS,WITHDRAWAL,Gugai Branch,C8511,Loan Payment
T404495,4,Salem,2025-05-05,6803.23,FAILED,TRANSFER,Gugai Branch,C7576,Medical Expenses
T404496,4,Salem,2025-05-05,52527.01,FAILED,DEPOSIT,Gugai Branch,C5027,Bill Payment
T404497,4,Salem,2025-05-05,89068.36,FAILED,TRANSFER,Gugai Branch,C2209,Shopping
T404498,4,Salem,2025-05-05,48058.2,SUCCESS,TRANSFER,Gugai Branch,C7506,Travel
T404499,4,Salem,2025-05-05,12911.49,FAILED,DEPOSIT,Gugai Branch,C4208,Bill Payment
T404500,4,Salem,2025-05-05,71478.16,SUCCESS,WITHDRAWAL,Gugai Branch,C6025,Travel
T404501,4,Salem,2025-05-05,7543.82,SUCCESS,WITHDRAWAL,Gugai Branch,C5804,Travel
T404502,4,Salem,2025-05-05,33620.01,FAILED,WITHDRAWAL,Gugai Branch,C9438,Bill Payment
T404503,4,Salem,2025-05-05,76959.4,SUCCESS,TRANSFER,Gugai Branch,C2604,Travel
T404504,4,Salem,2025-05-05,68791.2,FAILED,WITHDRAWAL,Gugai Branch,C4958,Loan Payment
T404505,4,Salem,2025-05-05,1049.41,SUCCESS,WITHDRAWAL,Gugai Branch,C1529,Others
T404506,4,Salem,2025-05-05,81098.56,FAILED,DEPOSIT,Gugai Branch,C1977,Bill Payment
T404507,4,Salem,2025-05-05,6601.47,FAILED,DEPOSIT,Gugai Branch,C6992,Travel
T404508,4,Salem,2025-05-05,6997.68,SUCCESS,WITHDRAWAL,Gugai Branch,C2667,Medical Expenses
T404509,4,Salem,2025-05-05,59684.09,FAILED,TRANSFER,Gugai Branch,C5638,Medical Expenses
T404510,4,Salem,2025-05-05,8737.97,FAILED,DEPOSIT,Gugai Branch,C2287,Education Fees
T404511,4,Salem,2025-05-05,39198.36,FAILED,TRANSFER,Gugai Branch,C7550,Medical Expenses
T404512,4,Salem,2025-05-05,29743.66,FAILED,WITHDRAWAL,Gugai Branch,C4417,Bill Payment
T404513,4,Salem,2025-05-05,43851.01,SUCCESS,TRANSFER,Gugai Branch,C6089,Education Fees
T404514,4,Salem,2025-05-05,6425.2,FAILED,WITHDRAWAL,Gugai Branch,C3706,Loan Payment
T404515,4,Salem,2025-05-05,45392.76,FAILED,WITHDRAWAL,Gugai Branch,C4545,Loan Payment
T404516,4,Salem,2025-05-05,84611.09,SUCCESS,TRANSFER,Gugai Branch,C6557,Travel
T404517,4,Salem,2025-05-05,92156.43,FAILED,DEPOSIT,Gugai Branch,C4983,Travel
T404518,4,Salem,2025-05-05,15709.85,FAILED,DEPOSIT,Gugai Branch,C6646,Education Fees
T404519,4,Salem,2025-05-05,56086.29,SUCCESS,TRANSFER,Gugai Branch,C9884,Travel
T404520,4,Salem,2025-05-05,77932.65,FAILED,TRANSFER,Gugai Branch,C3415,Education Fees
T404521,4,Salem,2025-05-05,44715.95,SUCCESS,TRANSFER,Gugai Branch,C4781,Others
T404522,4,Salem,2025-05-05,15960.31,SUCCESS,WITHDRAWAL,Gugai Branch,C9730,Medical Expenses
T404523,4,Salem,2025-05-05,9483.76,SUCCESS,DEPOSIT,Gugai Branch,C7796,Others
T404524,4,Salem,2025-05-05,9712.46,SUCCESS,WITHDRAWAL,Gugai Branch,C5089,Education Fees
T404525,4,Salem,2025-05-05,54466.63,FAILED,TRANSFER,Gugai Branch,C3242,Medical Expenses
T404526,4,Salem,2025-05-05,72922.93,SUCCESS,TRANSFER,Gugai Branch,C7446,Others
T404527,4,Salem,2025-05-05,97588.82,SUCCESS,WITHDRAWAL,Gugai Branch,C8285,Others
T404528,4,Salem,2025-05-05,8630.02,SUCCESS,TRANSFER,Gugai Branch,C5262,Bill Payment
T404529,4,Salem,2025-05-05,26835.99,FAILED,WITHDRAWAL,Gugai Branch,C2862,Others
T404530,4,Salem,2025-05-05,43174.58,SUCCESS,DEPOSIT,Gugai Branch,C7067,Others
T404531,4,Salem,2025-05-05,960.03,FAILED,TRANSFER,Gugai Branch,C1624,Loan Payment
T404532,4,Salem,2025-05-05,44668.22,FAILED,WITHDRAWAL,Gugai Branch,C1158,Loan Payment
T404533,4,Salem,2025-05-05,24924.43,FAILED,TRANSFER,Gugai Branch,C7635,Education Fees
T404534,4,Salem,2025-05-05,27011.87,SUCCESS,TRANSFER,Gugai Branch,C4435,Bill Payment
T404535,4,Salem,2025-05-05,96428.34,SUCCESS,DEPOSIT,Gugai Branch,C5672,Others
T404536,4,Salem,2025-05-05,61921.76,FAILED,DEPOSIT,Gugai Branch,C6186,Medical Expenses
T404537,4,Salem,2025-05-05,55081.32,FAILED,WITHDRAWAL,Gugai Branch,C2681,Education Fees
T404538,4,Salem,2025-05-05,75782.32,SUCCESS,TRANSFER,Gugai Branch,C8848,Travel
T404539,4,Salem,2025-05-05,78545.21,SUCCESS,TRANSFER,Gugai Branch,C6668,Bill Payment
T404540,4,Salem,2025-05-05,67090.01,SUCCESS,TRANSFER,Gugai Branch,C8141,Shopping
T404541,4,Salem,2025-05-05,1250.94,FAILED,DEPOSIT,Gugai Branch,C2354,Travel
T404542,4,Salem,2025-05-05,92537.82,FAILED,WITHDRAWAL,Gugai Branch,C5861,Medical Expenses
T404543,4,Salem,2025-05-05,48660.13,FAILED,TRANSFER,Gugai Branch,C6229,Travel
T404544,4,Salem,2025-05-05,1803.41,SUCCESS,WITHDRAWAL,Gugai Branch,C7464,Others
T404545,4,Salem,2025-05-05,93217.36,SUCCESS,DEPOSIT,Gugai Branch,C5209,Medical Expenses
T404546,4,Salem,2025-05-05,80755.45,SUCCESS,DEPOSIT,Gugai Branch,C9640,Loan Payment
T404547,4,Salem,2025-05-05,61957.87,SUCCESS,DEPOSIT,Gugai Branch,C1357,Medical Expenses
T404548,4,Salem,2025-05-05,6323.52,FAILED,WITHDRAWAL,Gugai Branch,C3918,Travel
T404549,4,Salem,2025-05-05,54319.91,SUCCESS,TRANSFER,Gugai Branch,C1613,Loan Payment
T404550,4,Salem,2025-05-05,16972.61,FAILED,DEPOSIT,Gugai Branch,C7112,Others
T404551,4,Salem,2025-05-05,93300.62,SUCCESS,WITHDRAWAL,Gugai Branch,C7385,Bill Payment
T404552,4,Salem,2025-05-05,64941.7,FAILED,TRANSFER,Gugai Branch,C7736,Travel
T404553,4,Salem,2025-05-05,38192.12,SUCCESS,WITHDRAWAL,Gugai Branch,C4100,Shopping
T404554,4,Salem,2025-05-05,86002.22,SUCCESS,TRANSFER,Gugai Branch,C6432,Shopping
T404555,4,Salem,2025-05-05,5752.84,FAILED,DEPOSIT,Gugai Branch,C5700,Shopping
T404556,4,Salem,2025-05-05,6958.09,FAILED,DEPOSIT,Gugai Branch,C5241,Medical Expenses
T404557,4,Salem,2025-05-05,81211.76,FAILED,DEPOSIT,Gugai Branch,C5610,Shopping
T404558,4,Salem,2025-05-05,5213.31,SUCCESS,TRANSFER,Gugai Branch,C2315,Shopping
T404559,4,Salem,2025-05-05,27436.56,SUCCESS,TRANSFER,Gugai Branch,C7036,Medical Expenses
T404560,4,Salem,2025-05-05,60693.64,SUCCESS,TRANSFER,Gugai Branch,C6636,Shopping
T404561,4,Salem,2025-05-05,76662.65,SUCCESS,TRANSFER,Gugai Branch,C3006,Bill Payment
T404562,4,Salem,2025-05-05,12151.39,SUCCESS,TRANSFER,Gugai Branch,C7143,Travel
T404563,4,Salem,2025-05-05,19671.05,FAILED,DEPOSIT,Gugai Branch,C7074,Travel
T404564,4,Salem,2025-05-05,95087.54,FAILED,TRANSFER,Gugai Branch,C7765,Loan Payment
T404565,4,Salem,2025-05-05,78213.26,FAILED,TRANSFER,Gugai Branch,C3171,Shopping
T404566,4,Salem,2025-05-05,28289.08,FAILED,WITHDRAWAL,Gugai Branch,C5663,Loan Payment
T404567,4,Salem,2025-05-05,43133.41,FAILED,DEPOSIT,Gugai Branch,C5418,Medical Expenses
T404568,4,Salem,2025-05-05,19011.98,SUCCESS,DEPOSIT,Gugai Branch,C5788,Loan Payment
T404569,4,Salem,2025-05-05,80128.61,FAILED,TRANSFER,Gugai Branch,C2654,Education Fees
T404570,4,Salem,2025-05-05,47002.55,FAILED,WITHDRAWAL,Gugai Branch,C8201,Others
T404571,4,Salem,2025-05-05,39825.08,SUCCESS,DEPOSIT,Gugai Branch,C5926,Shopping
T404572,4,Salem,2025-05-04,71470.12,SUCCESS,TRANSFER,Gugai Branch,C7129,Bill Payment
T404573,4,Salem,2025-05-04,67881.31,FAILED,WITHDRAWAL,Gugai Branch,C7616,Travel
T404574,4,Salem,2025-05-04,29114.92,SUCCESS,DEPOSIT,Gugai Branch,C3913,Bill Payment
T404575,4,Salem,2025-05-04,62343.37,FAILED,TRANSFER,Gugai Branch,C1378,Education Fees
T404576,4,Salem,2025-05-04,10685.33,SUCCESS,TRANSFER,Gugai Branch,C6629,Travel
T404577,4,Salem,2025-05-04,90989.4,FAILED,DEPOSIT,Gugai Branch,C5536,Travel
T404578,4,Salem,2025-05-04,27754.4,FAILED,WITHDRAWAL,Gugai Branch,C9455,Travel
T404579,4,Salem,2025-05-04,62009.49,FAILED,DEPOSIT,Gugai Branch,C4170,Medical Expenses
T404580,4,Salem,2025-05-04,30013.1,SUCCESS,DEPOSIT,Gugai Branch,C1504,Travel
T404581,4,Salem,2025-05-04,66642.37,FAILED,TRANSFER,Gugai Branch,C4471,Bill Payment
T404582,4,Salem,2025-05-04,72353.12,SUCCESS,WITHDRAWAL,Gugai Branch,C7943,Bill Payment
T404583,4,Salem,2025-05-04,30598.61,FAILED,TRANSFER,Gugai Branch,C9039,Loan Payment
T404584,4,Salem,2025-05-04,29481.79,SUCCESS,TRANSFER,Gugai Branch,C8821,Education Fees
T404585,4,Salem,2025-05-04,32940.61,FAILED,TRANSFER,Gugai Branch,C1945,Loan Payment
T404586,4,Salem,2025-05-04,51641.03,FAILED,DEPOSIT,Gugai Branch,C3322,Shopping
T404587,4,Salem,2025-05-04,93432.23,FAILED,DEPOSIT,Gugai Branch,C2593,Loan Payment
T404588,4,Salem,2025-05-04,91790.68,FAILED,TRANSFER,Gugai Branch,C5729,Education Fees
T404589,4,Salem,2025-05-04,74463.0,SUCCESS,TRANSFER,Gugai Branch,C6496,Education Fees
T404590,4,Salem,2025-05-04,83808.95,FAILED,DEPOSIT,Gugai Branch,C3867,Medical Expenses
T404591,4,Salem,2025-05-04,73949.12,FAILED,WITHDRAWAL,Gugai Branch,C5287,Medical Expenses
T404592,4,Salem,2025-05-04,69280.85,FAILED,TRANSFER,Gugai Branch,C4712,Education Fees
T404593,4,Salem,2025-05-04,98189.45,FAILED,TRANSFER,Gugai Branch,C3034,Shopping
T404594,4,Salem,2025-05-04,6324.12,SUCCESS,TRANSFER,Gugai Branch,C1752,Shopping
T404595,4,Salem,2025-05-04,74825.61,SUCCESS,TRANSFER,Gugai Branch,C8408,Travel
T404596,4,Salem,2025-05-04,55706.13,FAILED,DEPOSIT,Gugai Branch,C5289,Medical Expenses
T404597,4,Salem,2025-05-04,57944.42,SUCCESS,TRANSFER,Gugai Branch,C7346,Education Fees
T404598,4,Salem,2025-05-04,49379.34,SUCCESS,DEPOSIT,Gugai Branch,C1870,Bill Payment
T404599,4,Salem,2025-05-04,18098.9,SUCCESS,TRANSFER,Gugai Branch,C6201,Medical Expenses
T404600,4,Salem,2025-05-04,60264.99,SUCCESS,WITHDRAWAL,Gugai Branch,C6338,Medical Expenses
T404601,4,Salem,2025-05-04,1806.73,SUCCESS,WITHDRAWAL,Gugai Branch,C6201,Travel
T404602,4,Salem,2025-05-04,51154.88,FAILED,DEPOSIT,Gugai Branch,C6270,Loan Payment
T404603,4,Salem,2025-05-04,60287.6,SUCCESS,WITHDRAWAL,Gugai Branch,C8510,Bill Payment
T404604,4,Salem,2025-05-04,2185.33,FAILED,TRANSFER,Gugai Branch,C1967,Travel
T404605,4,Salem,2025-05-04,80094.77,SUCCESS,TRANSFER,Gugai Branch,C7943,Bill Payment
T404606,4,Salem,2025-05-04,77102.35,FAILED,TRANSFER,Gugai Branch,C5672,Travel
T404607,4,Salem,2025-05-04,40135.73,SUCCESS,WITHDRAWAL,Gugai Branch,C8584,Shopping
T404608,4,Salem,2025-05-04,49617.17,SUCCESS,WITHDRAWAL,Gugai Branch,C7970,Loan Payment
T404609,4,Salem,2025-05-04,21241.68,FAILED,DEPOSIT,Gugai Branch,C5956,Education Fees
T404610,4,Salem,2025-05-04,59689.36,FAILED,WITHDRAWAL,Gugai Branch,C5284,Medical Expenses
T404611,4,Salem,2025-05-04,20396.57,FAILED,TRANSFER,Gugai Branch,C4212,Travel
T404612,4,Salem,2025-05-04,74925.13,FAILED,DEPOSIT,Gugai Branch,C6605,Others
T404613,4,Salem,2025-05-04,39210.48,FAILED,DEPOSIT,Gugai Branch,C7181,Travel
T404614,4,Salem,2025-05-04,5745.23,FAILED,DEPOSIT,Gugai Branch,C3418,Medical Expenses
T404615,4,Salem,2025-05-04,41577.36,FAILED,TRANSFER,Gugai Branch,C8139,Shopping
T404616,4,Salem,2025-05-04,64668.29,FAILED,TRANSFER,Gugai Branch,C9131,Others
T404617,4,Salem,2025-05-04,75566.31,FAILED,TRANSFER,Gugai Branch,C6308,Others
T404618,4,Salem,2025-05-04,7276.89,FAILED,WITHDRAWAL,Gugai Branch,C2336,Bill Payment
T404619,4,Salem,2025-05-04,28198.17,FAILED,WITHDRAWAL,Gugai Branch,C6348,Medical Expenses
T404620,4,Salem,2025-05-04,30748.22,FAILED,WITHDRAWAL,Gugai Branch,C5227,Medical Expenses
T404621,4,Salem,2025-05-04,35966.95,SUCCESS,TRANSFER,Gugai Branch,C2387,Education Fees
T404622,4,Salem,2025-05-04,1187.69,FAILED,WITHDRAWAL,Gugai Branch,C2805,Shopping
T404623,4,Salem,2025-05-04,14399.57,SUCCESS,DEPOSIT,Gugai Branch,C8481,Others
T404624,4,Salem,2025-05-04,19128.71,FAILED,TRANSFER,Gugai Branch,C9513,Travel
T404625,4,Salem,2025-05-04,98207.85,SUCCESS,TRANSFER,Gugai Branch,C3999,Loan Payment
T404626,4,Salem,2025-05-04,30330.32,FAILED,DEPOSIT,Gugai Branch,C9087,Education Fees
T404627,4,Salem,2025-05-04,95194.9,FAILED,DEPOSIT,Gugai Branch,C5127,Shopping
T404628,4,Salem,2025-05-04,80454.74,FAILED,TRANSFER,Gugai Branch,C9596,Loan Payment
T404629,4,Salem,2025-05-04,65408.04,FAILED,TRANSFER,Gugai Branch,C6473,Loan Payment
T404630,4,Salem,2025-05-03,63020.65,FAILED,DEPOSIT,Gugai Branch,C2619,Travel
T404631,4,Salem,2025-05-03,89495.94,SUCCESS,DEPOSIT,Gugai Branch,C5912,Travel
T404632,4,Salem,2025-05-03,53806.01,SUCCESS,TRANSFER,Gugai Branch,C8329,Shopping
T404633,4,Salem,2025-05-03,56688.46,SUCCESS,DEPOSIT,Gugai Branch,C5128,Others
T404634,4,Salem,2025-05-03,50835.12,SUCCESS,WITHDRAWAL,Gugai Branch,C6917,Medical Expenses
T404635,4,Salem,2025-05-03,67622.61,FAILED,DEPOSIT,Gugai Branch,C9386,Loan Payment
T404636,4,Salem,2025-05-03,34685.41,SUCCESS,WITHDRAWAL,Gugai Branch,C7331,Bill Payment
T404637,4,Salem,2025-05-03,89979.7,FAILED,WITHDRAWAL,Gugai Branch,C8631,Medical Expenses
T404638,4,Salem,2025-05-03,146.27,SUCCESS,DEPOSIT,Gugai Branch,C7616,Medical Expenses
T404639,4,Salem,2025-05-03,51883.03,FAILED,TRANSFER,Gugai Branch,C4393,Others
T404640,4,Salem,2025-05-03,62327.14,FAILED,TRANSFER,Gugai Branch,C9276,Education Fees
T404641,4,Salem,2025-05-03,42171.01,FAILED,WITHDRAWAL,Gugai Branch,C3223,Travel
T404642,4,Salem,2025-05-03,75809.67,FAILED,WITHDRAWAL,Gugai Branch,C5756,Bill Payment
T404643,4,Salem,2025-05-03,56784.85,SUCCESS,DEPOSIT,Gugai Branch,C3943,Medical Expenses
T404644,4,Salem,2025-05-03,41678.81,FAILED,TRANSFER,Gugai Branch,C9228,Bill Payment
T404645,4,Salem,2025-05-03,63404.9,SUCCESS,WITHDRAWAL,Gugai Branch,C6421,Bill Payment
T404646,4,Salem,2025-05-03,53986.52,FAILED,TRANSFER,Gugai Branch,C9713,Education Fees
T404647,4,Salem,2025-05-03,94730.23,SUCCESS,TRANSFER,Gugai Branch,C9950,Bill Payment
T404648,4,Salem,2025-05-03,76090.9,SUCCESS,WITHDRAWAL,Gugai Branch,C9461,Medical Expenses
T404649,4,Salem,2025-05-03,2472.09,SUCCESS,TRANSFER,Gugai Branch,C7273,Others
T404650,4,Salem,2025-05-03,75817.97,FAILED,WITHDRAWAL,Gugai Branch,C3427,Education Fees
T404651,4,Salem,2025-05-03,85414.45,SUCCESS,TRANSFER,Gugai Branch,C7200,Loan Payment
T404652,4,Salem,2025-05-03,74255.99,FAILED,TRANSFER,Gugai Branch,C5035,Education Fees
T404653,4,Salem,2025-05-03,58639.78,FAILED,WITHDRAWAL,Gugai Branch,C1820,Others
T404654,4,Salem,2025-05-03,65164.09,FAILED,TRANSFER,Gugai Branch,C3517,Others
T404655,4,Salem,2025-05-03,34091.57,SUCCESS,TRANSFER,Gugai Branch,C8147,Loan Payment
T404656,4,Salem,2025-05-03,98394.96,SUCCESS,WITHDRAWAL,Gugai Branch,C3458,Bill Payment
T404657,4,Salem,2025-05-03,98911.54,FAILED,WITHDRAWAL,Gugai Branch,C8260,Others
T404658,4,Salem,2025-05-03,76847.0,FAILED,TRANSFER,Gugai Branch,C7482,Loan Payment
T404659,4,Salem,2025-05-03,86208.0,SUCCESS,WITHDRAWAL,Gugai Branch,C3648,Loan Payment
T404660,4,Salem,2025-05-03,80224.74,FAILED,TRANSFER,Gugai Branch,C8598,Shopping
T404661,4,Salem,2025-05-03,74921.98,SUCCESS,TRANSFER,Gugai Branch,C9452,Travel
T404662,4,Salem,2025-05-03,14090.05,FAILED,DEPOSIT,Gugai Branch,C1263,Medical Expenses
T404663,4,Salem,2025-05-03,77448.58,FAILED,DEPOSIT,Gugai Branch,C4741,Loan Payment
T404664,4,Salem,2025-05-03,58124.21,FAILED,TRANSFER,Gugai Branch,C2138,Education Fees
T404665,4,Salem,2025-05-03,79991.42,SUCCESS,TRANSFER,Gugai Branch,C7143,Others
T404666,4,Salem,2025-05-03,25086.63,SUCCESS,DEPOSIT,Gugai Branch,C2904,Bill Payment
T404667,4,Salem,2025-05-03,44780.95,SUCCESS,WITHDRAWAL,Gugai Branch,C3796,Shopping
T404668,4,Salem,2025-05-03,1807.65,SUCCESS,DEPOSIT,Gugai Branch,C8931,Medical Expenses
T404669,4,Salem,2025-05-03,2845.53,FAILED,WITHDRAWAL,Gugai Branch,C9459,Loan Payment
T404670,4,Salem,2025-05-03,17911.26,FAILED,TRANSFER,Gugai Branch,C1816,Travel
T404671,4,Salem,2025-05-03,84201.48,FAILED,DEPOSIT,Gugai Branch,C7005,Travel
T404672,4,Salem,2025-05-03,7273.05,FAILED,TRANSFER,Gugai Branch,C4996,Education Fees
T404673,4,Salem,2025-05-03,48334.88,SUCCESS,WITHDRAWAL,Gugai Branch,C5070,Travel
T404674,4,Salem,2025-05-03,61055.29,FAILED,TRANSFER,Gugai Branch,C1840,Others
T404675,4,Salem,2025-05-03,79273.9,FAILED,TRANSFER,Gugai Branch,C7760,Education Fees
T404676,4,Salem,2025-05-03,70124.67,FAILED,WITHDRAWAL,Gugai Branch,C5392,Shopping
T404677,4,Salem,2025-05-03,55033.44,SUCCESS,WITHDRAWAL,Gugai Branch,C8136,Shopping
T404678,4,Salem,2025-05-03,55452.41,SUCCESS,TRANSFER,Gugai Branch,C9243,Medical Expenses
T404679,4,Salem,2025-05-03,57650.06,SUCCESS,WITHDRAWAL,Gugai Branch,C4021,Medical Expenses
T404680,4,Salem,2025-05-03,13994.91,SUCCESS,DEPOSIT,Gugai Branch,C4227,Loan Payment
T404681,4,Salem,2025-05-03,82008.31,SUCCESS,TRANSFER,Gugai Branch,C7586,Shopping
T404682,4,Salem,2025-05-03,40622.78,SUCCESS,WITHDRAWAL,Gugai Branch,C1818,Shopping
T404683,4,Salem,2025-05-03,91321.38,FAILED,DEPOSIT,Gugai Branch,C2331,Education Fees
T404684,4,Salem,2025-05-03,39131.71,FAILED,WITHDRAWAL,Gugai Branch,C5018,Bill Payment
T404685,4,Salem,2025-05-03,94525.21,FAILED,DEPOSIT,Gugai Branch,C6200,Shopping
T404686,4,Salem,2025-05-03,99539.31,SUCCESS,TRANSFER,Gugai Branch,C6018,Education Fees
T404687,4,Salem,2025-05-03,84155.61,SUCCESS,TRANSFER,Gugai Branch,C6650,Medical Expenses
T404688,4,Salem,2025-05-03,43846.09,SUCCESS,TRANSFER,Gugai Branch,C6505,Shopping
T404689,4,Salem,2025-05-03,85649.64,FAILED,TRANSFER,Gugai Branch,C7185,Education Fees
T404690,4,Salem,2025-05-03,1460.19,FAILED,TRANSFER,Gugai Branch,C8502,Others
T404691,4,Salem,2025-05-03,64461.81,FAILED,TRANSFER,Gugai Branch,C5072,Medical Expenses
T404692,4,Salem,2025-05-03,88717.99,SUCCESS,WITHDRAWAL,Gugai Branch,C3755,Education Fees
T404693,4,Salem,2025-05-03,60762.22,FAILED,WITHDRAWAL,Gugai Branch,C4444,Shopping
T404694,4,Salem,2025-05-03,27686.34,FAILED,DEPOSIT,Gugai Branch,C1583,Shopping
T404695,4,Salem,2025-05-03,72613.32,FAILED,DEPOSIT,Gugai Branch,C9711,Bill Payment
T404696,4,Salem,2025-05-03,65545.28,FAILED,WITHDRAWAL,Gugai Branch,C5226,Others
T404697,4,Salem,2025-05-03,22131.62,SUCCESS,TRANSFER,Gugai Branch,C4667,Travel
T404698,4,Salem,2025-05-03,78396.5,FAILED,TRANSFER,Gugai Branch,C7393,Others
T404699,4,Salem,2025-05-03,579.03,FAILED,DEPOSIT,Gugai Branch,C3013,Bill Payment
T404700,4,Salem,2025-05-03,8084.5,SUCCESS,TRANSFER,Gugai Branch,C1451,Loan Payment
T404701,4,Salem,2025-05-03,6959.5,FAILED,WITHDRAWAL,Gugai Branch,C3322,Shopping
T404702,4,Salem,2025-05-03,4440.91,FAILED,TRANSFER,Gugai Branch,C2988,Loan Payment
T404703,4,Salem,2025-05-03,61619.84,SUCCESS,WITHDRAWAL,Gugai Branch,C8706,Others
T404704,4,Salem,2025-05-03,39311.97,FAILED,TRANSFER,Gugai Branch,C3575,Bill Payment
T404705,4,Salem,2025-05-03,50842.38,SUCCESS,WITHDRAWAL,Gugai Branch,C2755,Medical Expenses
T404706,4,Salem,2025-05-03,16307.1,FAILED,WITHDRAWAL,Gugai Branch,C2460,Others
T404707,4,Salem,2025-05-03,71411.88,SUCCESS,WITHDRAWAL,Gugai Branch,C3436,Bill Payment
T404708,4,Salem,2025-05-03,4399.88,FAILED,WITHDRAWAL,Gugai Branch,C9055,Medical Expenses
T404709,4,Salem,2025-05-03,16641.43,SUCCESS,DEPOSIT,Gugai Branch,C5377,Others
T404710,4,Salem,2025-05-03,31722.58,FAILED,DEPOSIT,Gugai Branch,C6223,Bill Payment
T404711,4,Salem,2025-05-03,72765.87,FAILED,WITHDRAWAL,Gugai Branch,C2607,Others
T404712,4,Salem,2025-05-03,9242.33,FAILED,DEPOSIT,Gugai Branch,C1878,Bill Payment
T404713,4,Salem,2025-05-03,77299.85,FAILED,TRANSFER,Gugai Branch,C4666,Medical Expenses
T404714,4,Salem,2025-05-03,89642.62,SUCCESS,TRANSFER,Gugai Branch,C3532,Others
T404715,4,Salem,2025-05-03,78783.13,FAILED,WITHDRAWAL,Gugai Branch,C9635,Medical Expenses
T404716,4,Salem,2025-05-03,49420.83,SUCCESS,TRANSFER,Gugai Branch,C2130,Bill Payment
T404717,4,Salem,2025-05-03,70269.15,FAILED,TRANSFER,Gugai Branch,C2994,Bill Payment
T404718,4,Salem,2025-05-03,84242.51,SUCCESS,WITHDRAWAL,Gugai Branch,C6166,Medical Expenses
T404719,4,Salem,2025-05-03,28937.69,FAILED,TRANSFER,Gugai Branch,C7804,Others
T404720,4,Salem,2025-05-03,31784.63,FAILED,WITHDRAWAL,Gugai Branch,C9021,Travel
T404721,4,Salem,2025-05-03,54848.2,SUCCESS,TRANSFER,Gugai Branch,C5318,Education Fees
T404722,4,Salem,2025-05-03,65835.11,SUCCESS,TRANSFER,Gugai Branch,C7496,Education Fees
T404723,4,Salem,2025-05-03,46826.65,FAILED,TRANSFER,Gugai Branch,C1212,Education Fees
T404724,4,Salem,2025-05-03,12329.04,FAILED,TRANSFER,Gugai Branch,C9420,Travel
T404725,4,Salem,2025-05-03,53011.48,FAILED,WITHDRAWAL,Gugai Branch,C6807,Others
T404726,4,Salem,2025-05-03,35409.62,FAILED,WITHDRAWAL,Gugai Branch,C4943,Education Fees
T404727,4,Salem,2025-05-03,86233.28,SUCCESS,TRANSFER,Gugai Branch,C2687,Others
T404728,4,Salem,2025-05-03,4155.21,SUCCESS,TRANSFER,Gugai Branch,C1474,Loan Payment
T404729,4,Salem,2025-05-03,84012.15,SUCCESS,DEPOSIT,Gugai Branch,C1543,Shopping
