TRANSACTION_ID,BRANCH_ID,CITY,DATE,AMOUNT,STATUS,TRANSACTION_TYPE,BRANCH_NAME,CUSTOMER_ID,PURPOSE
T403737,3,Salem,2025-05-09,54531.52,SUCCESS,DEPOSIT,Hasthampatti Branch,C7523,Education Fees
T403738,3,Salem,2025-05-09,27461.12,FAILED,TRANSFER,Hasthampatti Branch,C9519,Education Fees
T403739,3,Salem,2025-05-09,64744.11,SUCCESS,WITHDRAWAL,Hasthampatti Branch,C2834,Medical Expenses
T403740,3,Salem,2025-05-09,95285.67,FAILED,WITHDRAWAL,Hasthampatti Branch,C4344,Bill Payment
T403741,3,Salem,2025-05-09,11053.54,FAILED,DEPOSIT,Hasthampatti Branch,C9927,Medical Expenses
T403742,3,Salem,2025-05-09,34841.22,SUCCESS,TRANSFER,Hasthampatti Branch,C9137,Shopping
T403743,3,Salem,2025-05-09,60022.05,SUCCESS,WITHDRAWAL,Hasthampatti Branch,C6371,Shopping
T403744,3,Salem,2025-05-09,71180.88,SUCCESS,DEPOSIT,Hasthampatti Branch,C3474,Others
T403745,3,Salem,2025-05-09,26453.16,FAILED,TRANSFER,Hasthampatti Branch,C6996,Bill Payment
T403746,3,Salem,2025-05-09,47208.76,SUCCESS,DEPOSIT,Hasthampatti Branch,C5192,Medical Expenses
T403747,3,Salem,2025-05-09,74618.19,FAILED,DEPOSIT,Hasthampatti Branch,C6954,Shopping
T403748,3,Salem,2025-05-09,45698.81,SUCCESS,DEPOSIT,Hasthampatti Branch,C9917,Education Fees
T403749,3,Salem,2025-05-09,71780.52,SUCCESS,WITHDRAWAL,Hasthampatti Branch,C3746,Medical Expenses
T403750,3,Salem,2025-05-09,91193.98,FAILED,TRANSFER,Hasthampatti Branch,C3176,Medical Expenses
T403751,3,Salem,2025-05-09,14636.1,SUCCESS,TRANSFER,Hasthampatti Branch,C1855,Education Fees
T403752,3,Salem,2025-05-09,44732.12,FAILED,TRANSFER,Hasthampatti Branch,C7158,Shopping
T403753,3,Salem,2025-05-09,6830.47,FAILED,DEPOSIT,Hasthampatti Branch,C8237,Shopping
T403754,3,Salem,2025-05-09,70548.44,FAILED,WITHDRAWAL,Hasthampatti Branch,C8182,Shopping
T403755,3,Salem,2025-05-09,68071.63,FAILED,TRANSFER,Hasthampatti Branch,C1507,Others
T403756,3,Salem,2025-05-09,22209.29,FAILED,DEPOSIT,Hasthampatti Branch,C9339,Travel
T403757,3,Salem,2025-05-09,90131.55,SUCCESS,DEPOSIT,Hasthampatti Branch,C7773,Education Fees
T403758,3,Salem,2025-05-09,99608.85,FAILED,WITHDRAWAL,Hasthampatti Branch,C8475,Bill Payment
T403759,3,Salem,2025-05-09,17635.39,SUCCESS,TRANSFER,Hasthampatti Branch,C7806,Travel
T403760,3,Salem,2025-05-09,3942.83,SUCCESS,DEPOSIT,Hasthampatti Branch,C2037,Others
T403761,3,Salem,2025-05-09,79365.0,SUCCESS,TRANSFER,Hasthampatti Branch,C5981,Shopping
T403762,3,Salem,2025-05-09,95230.51,FAILED,WITHDRAWAL,Hasthampatti Branch,C9886,Loan Payment
T403763,3,Salem,2025-05-09,37207.6,SUCCESS,WITHDRAWAL,Hasthampatti Branch,C5121,Travel
T403764,3,Salem,2025-05-09,7874.56,SUCCESS,TRANSFER,Hasthampatti Branch,C7286,Others
T403765,3,Salem,2025-05-09,78149.93,FAILED,DEPOSIT,Hasthampatti Branch,C1315,Bill Payment
T403766,3,Salem,2025-05-09,36581.7,FAILED,DEPOSIT,Hasthampatti Branch,C8148,Bill Payment
T403767,3,Salem,2025-05-09,33604.63,SUCCESS,DEPOSIT,Hasthampatti Branch,C6475,Shopping
T403768,3,Salem,2025-05-09,55773.5,SUCCESS,WITHDRAWAL,Hasthampatti Branch,C9042,Shopping
T403769,3,Salem,2025-05-09,68324.03,FAILED,WITHDRAWAL,Hasthampatti Branch,C6734,Shopping
T403770,3,Salem,2025-05-09,75446.67,FAILED,TRANSFER,Hasthampatti Branch,C5658,Travel
T403771,3,Salem,2025-05-09,63814.86,SUCCESS,TRANSFER,Hasthampatti Branch,C6120,Medical Expenses
T403772,3,Salem,2025-05-09,91776.91,SUCCESS,WITHDRAWAL,Hasthampatti Branch,C6680,Shopping
T403773,3,Salem,2025-05-09,27159.41,FAILED,TRANSFER,Hasthampatti Branch,C2398,Bill Payment
T403774,3,Salem,2025-05-09,90922.94,FAILED,WITHDRAWAL,Hasthampatti Branch,C7416,Shopping
T403775,3,Salem,2025-05-09,34528.32,FAILED,TRANSFER,Hasthampatti Branch,C2529,Bill Payment
T403776,3,Salem,2025-05-09,11661.71,SUCCESS,TRANSFER,Hasthampatti Branch,C8863,Education Fees
T403777,3,Salem,2025-05-09,47894.16,FAILED,WITHDRAWAL,Hasthampatti Branch,C3807,Others
T403778,3,Salem,2025-05-09,14110.52,SUCCESS,TRANSFER,Hasthampatti Branch,C1969,Bill Payment
T403779,3,Salem,2025-05-09,33036.94,FAILED,WITHDRAWAL,Hasthampatti Branch,C5961,Bill Payment
T403780,3,Salem,2025-05-09,90289.11,SUCCESS,TRANSFER,Hasthampatti Branch,C3796,Medical Expenses
T403781,3,Salem,2025-05-09,78630.57,FAILED,WITHDRAWAL,Hasthampatti Branch,C3884,Shopping
T403782,3,Salem,2025-05-09,31824.73,SUCCESS,WITHDRAWAL,Hasthampatti Branch,C7163,Education Fees
T403783,3,Salem,2025-05-09,32230.83,FAILED,WITHDRAWAL,Hasthampatti Branch,C2225,Travel
T403784,3,Salem,2025-05-09,56707.55,FAILED,TRANSFER,Hasthampatti Branch,C8037,Loan Payment
T403785,3,Salem,2025-05-09,77914.5,FAILED,WITHDRAWAL,Hasthampatti Branch,C7176,Shopping
T403786,3,Salem,2025-05-09,31336.4,FAILED,DEPOSIT,Hasthampatti Branch,C9762,Medical Expenses
T403787,3,Salem,2025-05-09,4715.72,FAILED,WITHDRAWAL,Hasthampatti Branch,C3874,Medical Expenses
T403788,3,Salem,2025-05-09,51045.9,SUCCESS,TRANSFER,Hasthampatti Branch,C9162,Medical Expenses
T403789,3,Salem,2025-05-09,69296.09,FAILED,TRANSFER,Hasthampatti Branch,C5522,Education Fees
T403790,3,Salem,2025-05-09,9772.04,SUCCESS,TRANSFER,Hasthampatti Branch,C5377,Bill Payment
T403791,3,Salem,2025-05-09,98243.64,FAILED,DEPOSIT,Hasthampatti Branch,C5371,Travel
T403792,3,Salem,2025-05-09,34484.6,SUCCESS,TRANSFER,Hasthampatti Branch,C9658,Travel
T403793,3,Salem,2025-05-09,85676.24,FAILED,WITHDRAWAL,Hasthampatti Branch,C2794,Education Fees
T403794,3,Salem,2025-05-09,1864.03,SUCCESS,DEPOSIT,Hasthampatti Branch,C3089,Travel
T403795,3,Salem,2025-05-09,96739.99,SUCCESS,WITHDRAWAL,Hasthampatti Branch,C1810,Travel
T403796,3,Salem,2025-05-09,1054.94,FAILED,DEPOSIT,Hasthampatti Branch,C2963,Loan Payment
T403797,3,Salem,2025-05-09,77723.46,FAILED,DEPOSIT,Hasthampatti Branch,C7606,Others
T403798,3,Salem,2025-05-09,61290.8,FAILED,WITHDRAWAL,Hasthampatti Branch,C9401,Education Fees
T403799,3,Salem,2025-05-09,63330.16,SUCCESS,DEPOSIT,Hasthampatti Branch,C7915,Others
T403800,3,Salem,2025-05-08,26685.29,SUCCESS,DEPOSIT,Hasthampatti Branch,C1745,Loan Payment
T403801,3,Salem,2025-05-08,44751.17,FAILED,TRANSFER,Hasthampatti Branch,C5435,Bill Payment
T403802,3,Salem,2025-05-08,24733.54,FAILED,DEPOSIT,Hasthampatti Branch,C3616,Education Fees
T403803,3,Salem,2025-05-08,49479.67,SUCCESS,WITHDRAWAL,Hasthampatti Branch,C4213,Shopping
T403804,3,Salem,2025-05-08,68162.93,FAILED,TRANSFER,Hasthampatti Branch,C9250,Others
T403805,3,Salem,2025-05-08,25892.22,SUCCESS,DEPOSIT,Hasthampatti Branch,C2739,Education Fees
T403806,3,Salem,2025-05-08,98254.28,SUCCESS,DEPOSIT,Hasthampatti Branch,C8810,Medical Expenses
T403807,3,Salem,2025-05-08,15670.32,SUCCESS,WITHDRAWAL,Hasthampatti Branch,C7892,Education Fees
T403808,3,Salem,2025-05-08,89803.69,SUCCESS,DEPOSIT,Hasthampatti Branch,C6887,Others
T403809,3,Salem,2025-05-08,21854.11,SUCCESS,TRANSFER,Hasthampatti Branch,C5680,Medical Expenses
T403810,3,Salem,2025-05-08,99944.39,FAILED,DEPOSIT,Hasthampatti Branch,C5512,Loan Payment
T403811,3,Salem,2025-05-08,20047.83,FAILED,WITHDRAWAL,Hasthampatti Branch,C3816,Shopping
T403812,3,Salem,2025-05-08,65625.5,SUCCESS,WITHDRAWAL,Hasthampatti Branch,C6253,Others
T403813,3,Salem,2025-05-08,11413.04,FAILED,TRANSFER,Hasthampatti Branch,C5660,Shopping
T403814,3,Salem,2025-05-08,413.78,FAILED,WITHDRAWAL,Hasthampatti Branch,C8918,Shopping
T403815,3,Salem,2025-05-08,25327.63,FAILED,WITHDRAWAL,Hasthampatti Branch,C1061,Bill Payment
T403816,3,Salem,2025-05-08,21161.27,FAILED,DEPOSIT,Hasthampatti Branch,C1211,Medical Expenses
T403817,3,Salem,2025-05-08,75704.73,SUCCESS,TRANSFER,Hasthampatti Branch,C1253,Education Fees
T403818,3,Salem,2025-05-08,72484.15,SUCCESS,TRANSFER,Hasthampatti Branch,C4748,Others
T403819,3,Salem,2025-05-08,45988.05,SUCCESS,WITHDRAWAL,Hasthampatti Branch,C9609,Education Fees
T403820,3,Salem,2025-05-08,60285.36,SUCCESS,WITHDRAWAL,Hasthampatti Branch,C1107,Others
T403821,3,Salem,2025-05-08,58826.34,SUCCESS,TRANSFER,Hasthampatti Branch,C1098,Shopping
T403822,3,Salem,2025-05-08,24342.94,SUCCESS,DEPOSIT,Hasthampatti Branch,C7296,Shopping
T403823,3,Salem,2025-05-08,14018.38,SUCCESS,DEPOSIT,Hasthampatti Branch,C6699,Others
T403824,3,Salem,2025-05-08,85600.91,FAILED,DEPOSIT,Hasthampatti Branch,C1154,Shopping
T403825,3,Salem,2025-05-08,50008.8,SUCCESS,WITHDRAWAL,Hasthampatti Branch,C5819,Others
T403826,3,Salem,2025-05-08,57332.6,FAILED,TRANSFER,Hasthampatti Branch,C2877,Travel
T403827,3,Salem,2025-05-08,48528.59,FAILED,DEPOSIT,Hasthampatti Branch,C5576,Shopping
T403828,3,Salem,2025-05-08,31453.8,FAILED,TRANSFER,Hasthampatti Branch,C6446,Shopping
T403829,3,Salem,2025-05-08,3958.22,FAILED,DEPOSIT,Hasthampatti Branch,C9966,Others
T403830,3,Salem,2025-05-08,59963.39,SUCCESS,DEPOSIT,Hasthampatti Branch,C3249,Loan Payment
T403831,3,Salem,2025-05-08,658.24,SUCCESS,DEPOSIT,Hasthampatti Branch,C9412,Loan Payment
T403832,3,Salem,2025-05-08,23781.04,SUCCESS,WITHDRAWAL,Hasthampatti Branch,C1571,Loan Payment
T403833,3,Salem,2025-05-08,15712.12,SUCCESS,WITHDRAWAL,Hasthampatti Branch,C7498,Medical Expenses
T403834,3,Salem,2025-05-08,78666.26,FAILED,TRANSFER,Hasthampatti Branch,C4322,Loan Payment
T403835,3,Salem,2025-05-08,65830.62,FAILED,TRANSFER,Hasthampatti Branch,C2160,Loan Payment
T403836,3,Salem,2025-05-08,2375.44,FAILED,WITHDRAWAL,Hasthampatti Branch,C3025,Medical Expenses
T403837,3,Salem,2025-05-08,18232.65,FAILED,DEPOSIT,Hasthampatti Branch,C3962,Travel
T403838,3,Salem,2025-05-08,91137.91,SUCCESS,TRANSFER,Hasthampatti Branch,C5717,Travel
T403839,3,Salem,2025-05-08,98782.98,SUCCESS,WITHDRAWAL,Hasthampatti Branch,C5580,Shopping
T403840,3,Salem,2025-05-08,24791.78,FAILED,WITHDRAWAL,Hasthampatti Branch,C1789,Travel
T403841,3,Salem,2025-05-08,38415.07,SUCCESS,WITHDRAWAL,Hasthampatti Branch,C4869,Medical Expenses
T403842,3,Salem,2025-05-08,7275.91,SUCCESS,TRANSFER,Hasthampatti Branch,C1433,Education Fees
T403843,3,Salem,2025-05-08,51116.78,FAILED,WITHDRAWAL,Hasthampatti Branch,C4625,Bill Payment
T403844,3,Salem,2025-05-08,99776.49,SUCCESS,TRANSFER,Hasthampatti Branch,C5451,Others
T403845,3,Salem,2025-05-08,14525.73,FAILED,TRANSFER,Hasthampatti Branch,C4758,Travel
T403846,3,Salem,2025-05-08,29557.49,SUCCESS,WITHDRAWAL,Hasthampatti Branch,C6536,Loan Payment
T403847,3,Salem,2025-05-08,22526.0,FAILED,TRANSFER,Hasthampatti Branch,C7360,Loan Payment
T403848,3,Salem,2025-05-08,87511.85,SUCCESS,DEPOSIT,Hasthampatti Branch,C1552,Bill Payment
T403849,3,Salem,2025-05-08,22647.89,SUCCESS,TRANSFER,Hasthampatti Branch,C6679,Shopping
T403850,3,Salem,2025-05-08,2510.06,FAILED,WITHDRAWAL,Hasthampatti Branch,C5898,Travel
T403851,3,Salem,2025-05-08,15603.99,SUCCESS,WITHDRAWAL,Hasthampatti Branch,C1046,Education Fees
T403852,3,Salem,2025-05-08,73976.78,FAILED,DEPOSIT,Hasthampatti Branch,C7487,Others
T403853,3,Salem,2025-05-08,94672.21,FAILED,TRANSFER,Hasthampatti Branch,C8700,Bill Payment
T403854,3,Salem,2025-05-08,38917.9,FAILED,WITHDRAWAL,Hasthampatti Branch,C9908,Medical Expenses
T403855,3,Salem,2025-05-08,13119.37,SUCCESS,WITHDRAWAL,Hasthampatti Branch,C4090,Loan Payment
T403856,3,Salem,2025-05-08,15016.29,SUCCESS,TRANSFER,Hasthampatti Branch,C3328,Loan Payment
T403857,3,Salem,2025-05-07,43680.26,FAILED,DEPOSIT,Hasthampatti Branch,C7041,Medical Expenses
T403858,3,Salem,2025-05-07,31178.07,SUCCESS,TRANSFER,Hasthampatti Branch,C6640,Medical Expenses
T403859,3,Salem,2025-05-07,37417.85,FAILED,DEPOSIT,Hasthampatti Branch,C2563,Education Fees
T403860,3,Salem,2025-05-07,69297.34,FAILED,DEPOSIT,Hasthampatti Branch,C1446,Medical Expenses
T403861,3,Salem,2025-05-07,82142.21,SUCCESS,TRANSFER,Hasthampatti Branch,C4915,Bill Payment
T403862,3,Salem,2025-05-07,23850.22,FAILED,WITHDRAWAL,Hasthampatti Branch,C4218,Education Fees
T403863,3,Salem,2025-05-07,75179.58,SUCCESS,DEPOSIT,Hasthampatti Branch,C4858,Medical Expenses
T403864,3,Salem,2025-05-07,74900.26,FAILED,DEPOSIT,Hasthampatti Branch,C6644,Bill Payment
T403865,3,Salem,2025-05-07,13137.27,SUCCESS,TRANSFER,Hasthampatti Branch,C9560,Travel
T403866,3,Salem,2025-05-07,97439.19,SUCCESS,DEPOSIT,Hasthampatti Branch,C1303,Medical Expenses
T403867,3,Salem,2025-05-07,79656.79,FAILED,DEPOSIT,Hasthampatti Branch,C4695,Bill Payment
T403868,3,Salem,2025-05-07,24722.04,FAILED,DEPOSIT,Hasthampatti Branch,C5036,Shopping
T403869,3,Salem,2025-05-07,9530.48,SUCCESS,WITHDRAWAL,Hasthampatti Branch,C4327,Others
T403870,3,Salem,2025-05-07,96072.51,FAILED,TRANSFER,Hasthampatti Branch,C2869,Travel
T403871,3,Salem,2025-05-07,75192.48,FAILED,TRANSFER,Hasthampatti Branch,C8705,Shopping
T403872,3,Salem,2025-05-07,94126.49,SUCCESS,WITHDRAWAL,Hasthampatti Branch,C7943,Others
T403873,3,Salem,2025-05-07,90619.49,SUCCESS,DEPOSIT,Hasthampatti Branch,C9989,Education Fees
T403874,3,Salem,2025-05-07,41330.44,SUCCESS,TRANSFER,Hasthampatti Branch,C1377,Education Fees
T403875,3,Salem,2025-05-07,91219.32,SUCCESS,WITHDRAWAL,Hasthampatti Branch,C1540,Medical Expenses
T403876,3,Salem,2025-05-07,62942.14,SUCCESS,TRANSFER,Hasthampatti Branch,C6686,Loan Payment
T403877,3,Salem,2025-05-07,62034.78,FAILED,TRANSFER,Hasthampatti Branch,C3544,Medical Expenses
T403878,3,Salem,2025-05-07,28266.34,SUCCESS,DEPOSIT,Hasthampatti Branch,C5443,Others
T403879,3,Salem,2025-05-07,34652.78,SUCCESS,WITHDRAWAL,Hasthampatti Branch,C9323,Education Fees
T403880,3,Salem,2025-05-07,11233.73,FAILED,DEPOSIT,Hasthampatti Branch,C1044,Loan Payment
T403881,3,Salem,2025-05-07,3845.46,SUCCESS,WITHDRAWAL,Hasthampatti Branch,C5849,Shopping
T403882,3,Salem,2025-05-07,30371.68,FAILED,DEPOSIT,Hasthampatti Branch,C6027,Loan Payment
T403883,3,Salem,2025-05-07,7853.23,FAILED,DEPOSIT,Hasthampatti Branch,C9918,Education Fees
T403884,3,Salem,2025-05-07,26567.07,SUCCESS,DEPOSIT,Hasthampatti Branch,C7536,Travel
T403885,3,Salem,2025-05-07,33075.23,SUCCESS,TRANSFER,Hasthampatti Branch,C3042,Travel
T403886,3,Salem,2025-05-07,60334.32,FAILED,WITHDRAWAL,Hasthampatti Branch,C4583,Medical Expenses
T403887,3,Salem,2025-05-07,50369.28,SUCCESS,WITHDRAWAL,Hasthampatti Branch,C2743,Loan Payment
T403888,3,Salem,2025-05-07,40297.7,SUCCESS,WITHDRAWAL,Hasthampatti Branch,C4543,Loan Payment
T403889,3,Salem,2025-05-07,89508.86,SUCCESS,DEPOSIT,Hasthampatti Branch,C4044,Shopping
T403890,3,Salem,2025-05-07,20320.01,SUCCESS,TRANSFER,Hasthampatti Branch,C8699,Loan Payment
T403891,3,Salem,2025-05-07,61425.2,SUCCESS,DEPOSIT,Hasthampatti Branch,C8691,Others
T403892,3,Salem,2025-05-07,22782.83,FAILED,WITHDRAWAL,Hasthampatti Branch,C6912,Shopping
T403893,3,Salem,2025-05-07,35306.6,SUCCESS,DEPOSIT,Hasthampatti Branch,C5452,Loan Payment
T403894,3,Salem,2025-05-07,94276.39,FAILED,DEPOSIT,Hasthampatti Branch,C4741,Loan Payment
T403895,3,Salem,2025-05-07,18570.48,SUCCESS,TRANSFER,Hasthampatti Branch,C9293,Loan Payment
T403896,3,Salem,2025-05-07,82950.35,SUCCESS,TRANSFER,Hasthampatti Branch,C3982,Others
T403897,3,Salem,2025-05-07,28404.05,SUCCESS,WITHDRAWAL,Hasthampatti Branch,C5233,Others
T403898,3,Salem,2025-05-07,49548.97,FAILED,TRANSFER,Hasthampatti Branch,C3178,Shopping
T403899,3,Salem,2025-05-07,54724.03,FAILED,DEPOSIT,Hasthampatti Branch,C5266,Travel
T403900,3,Salem,2025-05-07,74715.24,FAILED,DEPOSIT,Hasthampatti Branch,C2816,Others
T403901,3,Salem,2025-05-07,29396.66,SUCCESS,TRANSFER,Hasthampatti Branch,C4083,Bill Payment
T403902,3,Salem,2025-05-07,39010.47,SUCCESS,WITHDRAWAL,Hasthampatti Branch,C8925,Others
T403903,3,Salem,2025-05-07,26098.91,FAILED,DEPOSIT,Hasthampatti Branch,C6710,Loan Payment
T403904,3,Salem,2025-05-07,54159.18,SUCCESS,WITHDRAWAL,Hasthampatti Branch,C4817,Bill Payment
T403905,3,Salem,2025-05-07,17249.89,FAILED,WITHDRAWAL,Hasthampatti Branch,C4190,Others
T403906,3,Salem,2025-05-07,66200.21,SUCCESS,DEPOSIT,Hasthampatti Branch,C3528,Travel
T403907,3,Salem,2025-05-07,14202.04,FAILED,WITHDRAWAL,Hasthampatti Branch,C1798,Education Fees
T403908,3,Salem,2025-05-07,66013.25,FAILED,WITHDRAWAL,Hasthampatti Branch,C1672,Travel
T403909,3,Salem,2025-05-07,21221.85,FAILED,WITHDRAWAL,Hasthampatti Branch,C7764,Education Fees
T403910,3,Salem,2025-05-07,87440.42,FAILED,TRANSFER,Hasthampatti Branch,C6809,Others
T403911,3,Salem,2025-05-07,20367.18,SUCCESS,DEPOSIT,Hasthampatti Branch,C1643,Travel
T403912,3,Salem,2025-05-07,64399.63,FAILED,TRANSFER,Hasthampatti Branch,C9701,Others
T403913,3,Salem,2025-05-07,43222.75,SUCCESS,TRANSFER,Hasthampatti Branch,C8171,Shopping
T403914,3,Salem,2025-05-06,13002.11,FAILED,WITHDRAWAL,Hasthampatti Branch,C7158,Bill Payment
T403915,3,Salem,2025-05-06,81083.6,SUCCESS,DEPOSIT,Hasthampatti Branch,C3008,Shopping
T403916,3,Salem,2025-05-06,97573.87,FAILED,WITHDRAWAL,Hasthampatti Branch,C2763,Loan Payment
T403917,3,Salem,2025-05-06,54829.02,FAILED,WITHDRAWAL,Hasthampatti Branch,C5662,Loan Payment
T403918,3,Salem,2025-05-06,64233.87,FAILED,TRANSFER,Hasthampatti Branch,C2699,Medical Expenses
T403919,3,Salem,2025-05-06,86285.36,FAILED,WITHDRAWAL,Hasthampatti Branch,C7063,Others
T403920,3,Salem,2025-05-06,62770.26,FAILED,WITHDRAWAL,Hasthampatti Branch,C1146,Others
T403921,3,Salem,2025-05-06,58756.18,FAILED,DEPOSIT,Hasthampatti Branch,C4945,Travel
T403922,3,Salem,2025-05-06,81113.77,SUCCESS,TRANSFER,Hasthampatti Branch,C6954,Shopping
T403923,3,Salem,2025-05-06,4630.86,FAILED,DEPOSIT,Hasthampatti Branch,C9786,Medical Expenses
T403924,3,Salem,2025-05-06,52124.72,FAILED,TRANSFER,Hasthampatti Branch,C4931,Bill Payment
T403925,3,Salem,2025-05-06,30747.58,SUCCESS,WITHDRAWAL,Hasthampatti Branch,C5994,Education Fees
T403926,3,Salem,2025-05-06,44853.01,FAILED,DEPOSIT,Hasthampatti Branch,C2845,Bill Payment
T403927,3,Salem,2025-05-06,11311.93,SUCCESS,DEPOSIT,Hasthampatti Branch,C4038,Loan Payment
T403928,3,Salem,2025-05-06,63417.38,SUCCESS,WITHDRAWAL,Hasthampatti Branch,C6451,Bill Payment
T403929,3,Salem,2025-05-06,55605.95,SUCCESS,WITHDRAWAL,Hasthampatti Branch,C3502,Education Fees
T403930,3,Salem,2025-05-06,94741.47,FAILED,DEPOSIT,Hasthampatti Branch,C3961,Bill Payment
T403931,3,Salem,2025-05-06,20102.37,FAILED,TRANSFER,Hasthampatti Branch,C1562,Medical Expenses
T403932,3,Salem,2025-05-06,62599.3,SUCCESS,DEPOSIT,Hasthampatti Branch,C7070,Bill Payment
T403933,3,Salem,2025-05-06,43125.9,FAILED,WITHDRAWAL,Hasthampatti Branch,C1726,Shopping
T403934,3,Salem,2025-05-06,72477.12,SUCCESS,TRANSFER,Hasthampatti Branch,C9888,Travel
T403935,3,Salem,2025-05-06,92001.89,SUCCESS,WITHDRAWAL,Hasthampatti Branch,C7386,Education Fees
T403936,3,Salem,2025-05-06,38052.91,SUCCESS,DEPOSIT,Hasthampatti Branch,C6012,Others
T403937,3,Salem,2025-05-06,77327.33,FAILED,TRANSFER,Hasthampatti Branch,C8946,Others
T403938,3,Salem,2025-05-06,65765.05,SUCCESS,TRANSFER,Hasthampatti Branch,C1936,Medical Expenses
T403939,3,Salem,2025-05-06,64048.3,FAILED,DEPOSIT,Hasthampatti Branch,C5801,Shopping
T403940,3,Salem,2025-05-06,49299.92,FAILED,DEPOSIT,Hasthampatti Branch,C2197,Education Fees
T403941,3,Salem,2025-05-06,55882.03,FAILED,TRANSFER,Hasthampatti Branch,C1352,Medical Expenses
T403942,3,Salem,2025-05-06,82222.89,SUCCESS,DEPOSIT,Hasthampatti Branch,C9080,Education Fees
T403943,3,Salem,2025-05-06,81673.04,SUCCESS,TRANSFER,Hasthampatti Branch,C5097,Bill Payment
T403944,3,Salem,2025-05-06,90651.02,FAILED,TRANSFER,Hasthampatti Branch,C6415,Loan Payment
T403945,3,Salem,2025-05-06,71137.29,SUCCESS,TRANSFER,Hasthampatti Branch,C4871,Loan Payment
T403946,3,Salem,2025-05-06,49474.18,FAILED,TRANSFER,Hasthampatti Branch,C6438,Education Fees
T403947,3,Salem,2025-05-06,38433.1,FAILED,WITHDRAWAL,Hasthampatti Branch,C7662,Loan Payment
T403948,3,Salem,2025-05-06,54084.4,SUCCESS,WITHDRAWAL,Hasthampatti Branch,C9990,Others
T403949,3,Salem,2025-05-06,95589.12,SUCCESS,DEPOSIT,Hasthampatti Branch,C1851,Travel
T403950,3,Salem,2025-05-06,5480.43,FAILED,DEPOSIT,Hasthampatti Branch,C2068,Others
T403951,3,Salem,2025-05-06,26830.68,SUCCESS,DEPOSIT,Hasthampatti Branch,C1198,Others
T403952,3,Salem,2025-05-06,61334.38,SUCCESS,TRANSFER,Hasthampatti Branch,C4662,Others
T403953,3,Salem,2025-05-06,89704.78,FAILED,TRANSFER,Hasthampatti Branch,C5636,Shopping
T403954,3,Salem,2025-05-06,72264.0,FAILED,TRANSFER,Hasthampatti Branch,C6110,Travel
T403955,3,Salem,2025-05-06,21174.97,FAILED,TRANSFER,Hasthampatti Branch,C5075,Others
T403956,3,Salem,2025-05-06,94290.16,FAILED,WITHDRAWAL,Hasthampatti Branch,C7637,Travel
T403957,3,Salem,2025-05-06,9299.61,FAILED,WITHDRAWAL,Hasthampatti Branch,C9548,Bill Payment
T403958,3,Salem,2025-05-06,55692.43,SUCCESS,DEPOSIT,Hasthampatti Branch,C9675,Education Fees
T403959,3,Salem,2025-05-06,92742.95,SUCCESS,WITHDRAWAL,Hasthampatti Branch,C6448,Travel
T403960,3,Salem,2025-05-06,34818.85,SUCCESS,WITHDRAWAL,Hasthampatti Branch,C9836,Shopping
T403961,3,Salem,2025-05-06,33145.68,FAILED,WITHDRAWAL,Hasthampatti Branch,C9528,Shopping
T403962,3,Salem,2025-05-06,75246.32,SUCCESS,TRANSFER,Hasthampatti Branch,C4524,Others
T403963,3,Salem,2025-05-06,43362.86,FAILED,DEPOSIT,Hasthampatti Branch,C8178,Education Fees
T403964,3,Salem,2025-05-06,4888.48,FAILED,TRANSFER,Hasthampatti Branch,C6388,Shopping
T403965,3,Salem,2025-05-06,25478.35,FAILED,TRANSFER,Hasthampatti Branch,C3237,Loan Payment
T403966,3,Salem,2025-05-06,84182.5,SUCCESS,TRANSFER,Hasthampatti Branch,C4806,Travel
T403967,3,Salem,2025-05-06,93984.19,SUCCESS,TRANSFER,Hasthampatti Branch,C9578,Education Fees
T403968,3,Salem,2025-05-06,65979.71,SUCCESS,TRANSFER,Hasthampatti Branch,C3367,Shopping
T403969,3,Salem,2025-05-06,79753.75,FAILED,DEPOSIT,Hasthampatti Branch,C7729,Education Fees
T403970,3,Salem,2025-05-06,59752.6,SUCCESS,DEPOSIT,Hasthampatti Branch,C8761,Bill Payment
T403971,3,Salem,2025-05-06,25794.89,SUCCESS,TRANSFER,Hasthampatti Branch,C7266,Loan Payment
T403972,3,Salem,2025-05-06,7731.77,FAILED,TRANSFER,Hasthampatti Branch,C1808,Bill Payment
T403973,3,Salem,2025-05-06,3699.49,SUCCESS,WITHDRAWAL,Hasthampatti Branch,C3664,Others
T403974,3,Salem,2025-05-06,77053.57,FAILED,WITHDRAWAL,Hasthampatti Branch,C6860,Education Fees
T403975,3,Salem,2025-05-06,22693.14,SUCCESS,DEPOSIT,Hasthampatti Branch,C6315,Education Fees
T403976,3,Salem,2025-05-06,44717.2,SUCCESS,TRANSFER,Hasthampatti Branch,C8855,Medical Expenses
T403977,3,Salem,2025-05-06,22614.54,SUCCESS,WITHDRAWAL,Hasthampatti Branch,C1817,Medical Expenses
T403978,3,Salem,2025-05-06,68695.17,SUCCESS,TRANSFER,Hasthampatti Branch,C5245,Loan Payment
T403979,3,Salem,2025-05-06,17830.32,SUCCESS,DEPOSIT,Hasthampatti Branch,C9667,Education Fees
T403980,3,Salem,2025-05-06,47181.1,SUCCESS,DEPOSIT,Hasthampatti Branch,C1518,Bill Payment
T403981,3,Salem,2025-05-06,60043.06,SUCCESS,DEPOSIT,Hasthampatti Branch,C7934,Loan Payment
T403982,3,Salem,2025-05-06,74986.24,SUCCESS,DEPOSIT,Hasthampatti Branch,C5559,Loan Payment
T403983,3,Salem,2025-05-06,37625.35,SUCCESS,WITHDRAWAL,Hasthampatti Branch,C4383,Bill Payment
T403984,3,Salem,2025-05-06,55172.55,FAILED,TRANSFER,Hasthampatti Branch,C7880,Bill Payment
T403985,3,Salem,2025-05-06,46192.48,SUCCESS,TRANSFER,Hasthampatti Branch,C6952,Loan Payment
T403986,3,Salem,2025-05-06,83716.63,FAILED,WITHDRAWAL,Hasthampatti Branch,C5782,Travel
T403987,3,Salem,2025-05-06,4976.66,SUCCESS,TRANSFER,Hasthampatti Branch,C6144,Others
T403988,3,Salem,2025-05-06,83950.95,FAILED,WITHDRAWAL,Hasthampatti Branch,C4881,Shopping
T403989,3,Salem,2025-05-06,54909.96,FAILED,WITHDRAWAL,Hasthampatti Branch,C6152,Travel
T403990,3,Salem,2025-05-06,92289.1,FAILED,TRANSFER,Hasthampatti Branch,C6665,Loan Payment
T403991,3,Salem,2025-05-06,15995.47,SUCCESS,WITHDRAWAL,Hasthampatti Branch,C4549,Bill Payment
T403992,3,Salem,2025-05-06,37319.66,FAILED,TRANSFER,Hasthampatti Branch,C7520,Others
T403993,3,Salem,2025-05-06,57479.51,FAILED,WITHDRAWAL,Hasthampatti Branch,C4525,Loan Payment
T403994,3,Salem,2025-05-06,13194.92,SUCCESS,WITHDRAWAL,Hasthampatti Branch,C8512,Bill Payment
T403995,3,Salem,2025-05-06,66262.58,SUCCESS,DEPOSIT,Hasthampatti Branch,C5789,Education Fees
T403996,3,Salem,2025-05-06,38664.23,SUCCESS,TRANSFER,Hasthampatti Branch,C9434,Loan Payment
T403997,3,Salem,2025-05-06,85906.86,SUCCESS,DEPOSIT,Hasthampatti Branch,C8365,Medical Expenses
T403998,3,Salem,2025-05-06,16535.1,FAILED,DEPOSIT,Hasthampatti Branch,C7434,Loan Payment
T403999,3,Salem,2025-05-06,50724.21,FAILED,TRANSFER,Hasthampatti Branch,C8115,Bill Payment
T404000,3,Salem,2025-05-06,39265.02,FAILED,WITHDRAWAL,Hasthampatti Branch,C5735,Others
T404001,3,Salem,2025-05-06,8952.32,FAILED,WITHDRAWAL,Hasthampatti Branch,C7247,Others
T404002,3,Salem,2025-05-06,78231.58,SUCCESS,TRANSFER,Hasthampatti Branch,C9676,Medical Expenses
T404003,3,Salem,2025-05-06,40905.75,SUCCESS,DEPOSIT,Hasthampatti Branch,C4510,Travel
T404004,3,Salem,2025-05-06,51546.04,FAILED,DEPOSIT,Hasthampatti Branch,C5283,Loan Payment
T404005,3,Salem,2025-05-06,75848.01,FAILED,WITHDRAWAL,Hasthampatti Branch,C4323,Shopping
T404006,3,Salem,2025-05-06,98109.68,SUCCESS,DEPOSIT,Hasthampatti Branch,C4930,Loan Payment
T404007,3,Salem,2025-05-06,58756.73,FAILED,TRANSFER,Hasthampatti Branch,C4578,Shopping
T404008,3,Salem,2025-05-06,24121.06,SUCCESS,WITHDRAWAL,Hasthampatti Branch,C8624,Education Fees
T404009,3,Salem,2025-05-06,95119.89,SUCCESS,WITHDRAWAL,Hasthampatti Branch,C9050,Medical Expenses
T404010,3,Salem,2025-05-06,7573.41,FAILED,DEPOSIT,Hasthampatti Branch,C5343,Loan Payment
T404011,3,Salem,2025-05-06,42990.54,SUCCESS,TRANSFER,Hasthampatti Branch,C1429,Medical Expenses
T404012,3,Salem,2025-05-06,8939.33,SUCCESS,WITHDRAWAL,Hasthampatti Branch,C8160,Loan Payment
T404013,3,Salem,2025-05-06,60740.32,FAILED,TRANSFER,Hasthampatti Branch,C9600,Medical Expenses
T404014,3,Salem,2025-05-05,81868.71,SUCCESS,DEPOSIT,Hasthampatti Branch,C8598,Loan Payment
T404015,3,Salem,2025-05-05,44912.42,FAILED,WITHDRAWAL,Hasthampatti Branch,C2197,Bill Payment
T404016,3,Salem,2025-05-05,64164.76,SUCCESS,TRANSFER,Hasthampatti Branch,C7531,Travel
T404017,3,Salem,2025-05-05,79565.57,SUCCESS,TRANSFER,Hasthampatti Branch,C8111,Education Fees
T404018,3,Salem,2025-05-05,42642.15,FAILED,DEPOSIT,Hasthampatti Branch,C5749,Shopping
T404019,3,Salem,2025-05-05,21430.27,FAILED,DEPOSIT,Hasthampatti Branch,C6959,Loan Payment
T404020,3,Salem,2025-05-05,61613.96,FAILED,DEPOSIT,Hasthampatti Branch,C5860,Travel
T404021,3,Salem,2025-05-05,96743.08,FAILED,TRANSFER,Hasthampatti Branch,C5331,Others
T404022,3,Salem,2025-05-05,41582.88,FAILED,DEPOSIT,Hasthampatti Branch,C8669,Travel
T404023,3,Salem,2025-05-05,41107.89,FAILED,TRANSFER,Hasthampatti Branch,C6077,Shopping
T404024,3,Salem,2025-05-05,4990.75,FAILED,DEPOSIT,Hasthampatti Branch,C9472,Bill Payment
T404025,3,Salem,2025-05-05,32641.37,FAILED,WITHDRAWAL,Hasthampatti Branch,C3021,Education Fees
T404026,3,Salem,2025-05-05,25664.12,FAILED,TRANSFER,Hasthampatti Branch,C9770,Bill Payment
T404027,3,Salem,2025-05-05,39347.68,FAILED,WITHDRAWAL,Hasthampatti Branch,C2847,Education Fees
T404028,3,Salem,2025-05-05,12391.52,SUCCESS,DEPOSIT,Hasthampatti Branch,C2689,Loan Payment
T404029,3,Salem,2025-05-05,90136.52,FAILED,WITHDRAWAL,Hasthampatti Branch,C9298,Others
T404030,3,Salem,2025-05-05,92871.98,SUCCESS,WITHDRAWAL,Hasthampatti Branch,C3498,Medical Expenses
T404031,3,Salem,2025-05-05,40844.43,SUCCESS,TRANSFER,Hasthampatti Branch,C7919,Others
T404032,3,Salem,2025-05-05,98412.37,SUCCESS,TRANSFER,Hasthampatti Branch,C6887,Travel
T404033,3,Salem,2025-05-05,30135.15,SUCCESS,WITHDRAWAL,Hasthampatti Branch,C9572,Travel
T404034,3,Salem,2025-05-05,94680.01,SUCCESS,DEPOSIT,Hasthampatti Branch,C9624,Others
T404035,3,Salem,2025-05-05,26816.53,FAILED,TRANSFER,Hasthampatti Branch,C2799,Loan Payment
T404036,3,Salem,2025-05-05,69485.22,FAILED,WITHDRAWAL,Hasthampatti Branch,C3964,Bill Payment
T404037,3,Salem,2025-05-05,41794.07,SUCCESS,TRANSFER,Hasthampatti Branch,C9318,Others
T404038,3,Salem,2025-05-05,70309.21,SUCCESS,TRANSFER,Hasthampatti Branch,C5054,Bill Payment
T404039,3,Salem,2025-05-05,2413.96,SUCCESS,TRANSFER,Hasthampatti Branch,C9158,Bill Payment
T404040,3,Salem,2025-05-05,48294.22,SUCCESS,WITHDRAWAL,Hasthampatti Branch,C7865,Shopping
T404041,3,Salem,2025-05-05,42605.62,FAILED,WITHDRAWAL,Hasthampatti Branch,C7556,Medical Expenses
T404042,3,Salem,2025-05-05,47192.63,FAILED,DEPOSIT,Hasthampatti Branch,C3369,Loan Payment
T404043,3,Salem,2025-05-05,64152.35,FAILED,WITHDRAWAL,Hasthampatti Branch,C7587,Loan Payment
T404044,3,Salem,2025-05-05,3543.68,FAILED,TRANSFER,Hasthampatti Branch,C6308,Bill Payment
T404045,3,Salem,2025-05-05,63872.5,SUCCESS,WITHDRAWAL,Hasthampatti Branch,C1410,Education Fees
T404046,3,Salem,2025-05-05,13522.85,SUCCESS,TRANSFER,Hasthampatti Branch,C5325,Education Fees
T404047,3,Salem,2025-05-05,40313.23,SUCCESS,DEPOSIT,Hasthampatti Branch,C5247,Travel
T404048,3,Salem,2025-05-05,81487.5,FAILED,TRANSFER,Hasthampatti Branch,C4933,Loan Payment
T404049,3,Salem,2025-05-05,61829.01,FAILED,WITHDRAWAL,Hasthampatti Branch,C2675,Shopping
T404050,3,Salem,2025-05-05,91379.48,FAILED,TRANSFER,Hasthampatti Branch,C6757,Education Fees
T404051,3,Salem,2025-05-05,29728.78,FAILED,WITHDRAWAL,Hasthampatti Branch,C7443,Shopping
T404052,3,Salem,2025-05-05,13879.9,FAILED,DEPOSIT,Hasthampatti Branch,C3670,Medical Expenses
T404053,3,Salem,2025-05-05,29318.65,FAILED,WITHDRAWAL,Hasthampatti Branch,C9622,Others
T404054,3,Salem,2025-05-05,4346.61,FAILED,TRANSFER,Hasthampatti Branch,C8344,Medical Expenses
T404055,3,Salem,2025-05-05,79999.24,FAILED,WITHDRAWAL,Hasthampatti Branch,C7529,Others
T404056,3,Salem,2025-05-05,83908.6,SUCCESS,DEPOSIT,Hasthampatti Branch,C9848,Bill Payment
T404057,3,Salem,2025-05-05,74322.0,FAILED,DEPOSIT,Hasthampatti Branch,C6855,Others
T404058,3,Salem,2025-05-05,97555.64,FAILED,TRANSFER,Hasthampatti Branch,C8564,Others
T404059,3,Salem,2025-05-05,22907.92,SUCCESS,WITHDRAWAL,Hasthampatti Branch,C5810,Travel
T404060,3,Salem,2025-05-05,79306.11,FAILED,TRANSFER,Hasthampatti Branch,C8899,Shopping
T404061,3,Salem,2025-05-05,99598.0,SUCCESS,TRANSFER,Hasthampatti Branch,C8960,Bill Payment
T404062,3,Salem,2025-05-05,79459.43,SUCCESS,TRANSFER,Hasthampatti Branch,C2962,Loan Payment
T404063,3,Salem,2025-05-05,37049.17,FAILED,TRANSFER,Hasthampatti Branch,C2869,Shopping
T404064,3,Salem,2025-05-05,3816.39,SUCCESS,TRANSFER,Hasthampatti Branch,C7010,Education Fees
T404065,3,Salem,2025-05-05,54660.56,SUCCESS,TRANSFER,Hasthampatti Branch,C2823,Medical Expenses
T404066,3,Salem,2025-05-05,85062.03,FAILED,DEPOSIT,Hasthampatti Branch,C4556,Medical Expenses
T404067,3,Salem,2025-05-05,74785.81,SUCCESS,DEPOSIT,Hasthampatti Branch,C2511,Loan Payment
T404068,3,Salem,2025-05-05,36367.01,SUCCESS,DEPOSIT,Hasthampatti Branch,C9162,Shopping
T404069,3,Salem,2025-05-05,13436.1,FAILED,DEPOSIT,Hasthampatti Branch,C6619,Travel
T404070,3,Salem,2025-05-05,10758.22,SUCCESS,WITHDRAWAL,Hasthampatti Branch,C2309,Medical Expenses
T404071,3,Salem,2025-05-05,13823.29,FAILED,DEPOSIT,Hasthampatti Branch,C4008,Education Fees
T404072,3,Salem,2025-05-05,36538.08,FAILED,DEPOSIT,Hasthampatti Branch,C8071,Bill Payment
T404073,3,Salem,2025-05-05,74511.23,FAILED,TRANSFER,Hasthampatti Branch,C1153,Education Fees
T404074,3,Salem,2025-05-05,89378.88,FAILED,TRANSFER,Hasthampatti Branch,C5121,Medical Expenses
T404075,3,Salem,2025-05-05,9748.36,SUCCESS,WITHDRAWAL,Hasthampatti Branch,C1145,Loan Payment
T404076,3,Salem,2025-05-05,33027.8,SUCCESS,DEPOSIT,Hasthampatti Branch,C2966,Others
T404077,3,Salem,2025-05-05,74255.59,FAILED,TRANSFER,Hasthampatti Branch,C8849,Loan Payment
T404078,3,Salem,2025-05-05,55020.39,FAILED,WITHDRAWAL,Hasthampatti Branch,C1812,Travel
T404079,3,Salem,2025-05-04,90229.21,FAILED,DEPOSIT,Hasthampatti Branch,C3966,Loan Payment
T404080,3,Salem,2025-05-04,59109.08,FAILED,DEPOSIT,Hasthampatti Branch,C7551,Travel
T404081,3,Salem,2025-05-04,87838.69,SUCCESS,TRANSFER,Hasthampatti Branch,C1870,Bill Payment
T404082,3,Salem,2025-05-04,10494.08,SUCCESS,DEPOSIT,Hasthampatti Branch,C3369,Education Fees
T404083,3,Salem,2025-05-04,3932.02,SUCCESS,TRANSFER,Hasthampatti Branch,C3692,Others
T404084,3,Salem,2025-05-04,49542.31,SUCCESS,DEPOSIT,Hasthampatti Branch,C9230,Medical Expenses
T404085,3,Salem,2025-05-04,40587.92,FAILED,TRANSFER,Hasthampatti Branch,C3483,Bill Payment
T404086,3,Salem,2025-05-04,8663.6,FAILED,WITHDRAWAL,Hasthampatti Branch,C6130,Shopping
T404087,3,Salem,2025-05-04,81205.37,FAILED,DEPOSIT,Hasthampatti Branch,C7979,Loan Payment
T404088,3,Salem,2025-05-04,91805.3,FAILED,TRANSFER,Hasthampatti Branch,C7662,Education Fees
T404089,3,Salem,2025-05-04,79404.67,FAILED,DEPOSIT,Hasthampatti Branch,C4847,Medical Expenses
T404090,3,Salem,2025-05-04,46258.22,SUCCESS,DEPOSIT,Hasthampatti Branch,C1687,Bill Payment
T404091,3,Salem,2025-05-04,43747.66,FAILED,DEPOSIT,Hasthampatti Branch,C6973,Loan Payment
T404092,3,Salem,2025-05-04,70951.58,FAILED,TRANSFER,Hasthampatti Branch,C1799,Bill Payment
T404093,3,Salem,2025-05-04,57526.59,FAILED,DEPOSIT,Hasthampatti Branch,C7005,Loan Payment
T404094,3,Salem,2025-05-04,58021.69,SUCCESS,TRANSFER,Hasthampatti Branch,C1009,Loan Payment
T404095,3,Salem,2025-05-04,59683.99,FAILED,WITHDRAWAL,Hasthampatti Branch,C4844,Loan Payment
T404096,3,Salem,2025-05-04,1391.63,SUCCESS,DEPOSIT,Hasthampatti Branch,C6149,Education Fees
T404097,3,Salem,2025-05-04,81097.64,SUCCESS,WITHDRAWAL,Hasthampatti Branch,C6184,Shopping
T404098,3,Salem,2025-05-04,59782.51,SUCCESS,WITHDRAWAL,Hasthampatti Branch,C6998,Bill Payment
T404099,3,Salem,2025-05-04,3966.88,FAILED,TRANSFER,Hasthampatti Branch,C1166,Education Fees
T404100,3,Salem,2025-05-04,11132.25,SUCCESS,DEPOSIT,Hasthampatti Branch,C4010,Bill Payment
T404101,3,Salem,2025-05-04,10246.02,SUCCESS,TRANSFER,Hasthampatti Branch,C5125,Shopping
T404102,3,Salem,2025-05-04,70150.96,SUCCESS,TRANSFER,Hasthampatti Branch,C8522,Loan Payment
T404103,3,Salem,2025-05-04,59815.47,SUCCESS,WITHDRAWAL,Hasthampatti Branch,C6991,Bill Payment
T404104,3,Salem,2025-05-04,34020.84,FAILED,DEPOSIT,Hasthampatti Branch,C4019,Bill Payment
T404105,3,Salem,2025-05-04,39674.0,SUCCESS,WITHDRAWAL,Hasthampatti Branch,C4478,Others
T404106,3,Salem,2025-05-04,43145.5,FAILED,DEPOSIT,Hasthampatti Branch,C2249,Medical Expenses
T404107,3,Salem,2025-05-04,83600.01,SUCCESS,WITHDRAWAL,Hasthampatti Branch,C2279,Bill Payment
T404108,3,Salem,2025-05-04,95050.69,SUCCESS,TRANSFER,Hasthampatti Branch,C2694,Bill Payment
T404109,3,Salem,2025-05-04,81632.49,SUCCESS,TRANSFER,Hasthampatti Branch,C6504,Others
T404110,3,Salem,2025-05-04,46948.75,SUCCESS,WITHDRAWAL,Hasthampatti Branch,C1613,Others
T404111,3,Salem,2025-05-04,29007.48,FAILED,DEPOSIT,Hasthampatti Branch,C3574,Travel
T404112,3,Salem,2025-05-04,9209.35,FAILED,DEPOSIT,Hasthampatti Branch,C5461,Others
T404113,3,Salem,2025-05-04,42383.26,FAILED,TRANSFER,Hasthampatti Branch,C6099,Medical Expenses
T404114,3,Salem,2025-05-04,72646.07,SUCCESS,TRANSFER,Hasthampatti Branch,C2697,Shopping
T404115,3,Salem,2025-05-04,89361.9,FAILED,WITHDRAWAL,Hasthampatti Branch,C3877,Loan Payment
T404116,3,Salem,2025-05-04,83748.86,FAILED,WITHDRAWAL,Hasthampatti Branch,C9159,Medical Expenses
T404117,3,Salem,2025-05-04,48684.06,FAILED,TRANSFER,Hasthampatti Branch,C7663,Shopping
T404118,3,Salem,2025-05-04,31454.77,SUCCESS,DEPOSIT,Hasthampatti Branch,C8632,Bill Payment
T404119,3,Salem,2025-05-04,40896.39,SUCCESS,DEPOSIT,Hasthampatti Branch,C7472,Travel
T404120,3,Salem,2025-05-04,42719.28,FAILED,DEPOSIT,Hasthampatti Branch,C2079,Travel
T404121,3,Salem,2025-05-04,3158.23,SUCCESS,TRANSFER,Hasthampatti Branch,C6538,Loan Payment
T404122,3,Salem,2025-05-04,58939.61,SUCCESS,TRANSFER,Hasthampatti Branch,C1846,Medical Expenses
T404123,3,Salem,2025-05-04,12728.74,FAILED,DEPOSIT,Hasthampatti Branch,C9408,Education Fees
T404124,3,Salem,2025-05-04,31627.58,SUCCESS,TRANSFER,Hasthampatti Branch,C4209,Education Fees
T404125,3,Salem,2025-05-04,77581.52,FAILED,WITHDRAWAL,Hasthampatti Branch,C4054,Others
T404126,3,Salem,2025-05-04,66383.99,SUCCESS,DEPOSIT,Hasthampatti Branch,C9674,Travel
T404127,3,Salem,2025-05-04,73576.34,SUCCESS,WITHDRAWAL,Hasthampatti Branch,C9928,Bill Payment
T404128,3,Salem,2025-05-04,4751.06,FAILED,WITHDRAWAL,Hasthampatti Branch,C1781,Travel
T404129,3,Salem,2025-05-04,93115.86,SUCCESS,WITHDRAWAL,Hasthampatti Branch,C4724,Shopping
T404130,3,Salem,2025-05-04,31089.65,FAILED,TRANSFER,Hasthampatti Branch,C3002,Bill Payment
T404131,3,Salem,2025-05-04,72113.34,FAILED,TRANSFER,Hasthampatti Branch,C3537,Education Fees
T404132,3,Salem,2025-05-04,46168.63,FAILED,WITHDRAWAL,Hasthampatti Branch,C3574,Education Fees
T404133,3,Salem,2025-05-04,1585.12,SUCCESS,DEPOSIT,Hasthampatti Branch,C3176,Loan Payment
T404134,3,Salem,2025-05-04,32405.9,SUCCESS,DEPOSIT,Hasthampatti Branch,C5833,Bill Payment
T404135,3,Salem,2025-05-04,69735.13,SUCCESS,TRANSFER,Hasthampatti Branch,C8885,Bill Payment
T404136,3,Salem,2025-05-04,17515.41,FAILED,WITHDRAWAL,Hasthampatti Branch,C7617,Medical Expenses
T404137,3,Salem,2025-05-03,9803.12,SUCCESS,TRANSFER,Hasthampatti Branch,C3116,Others
T404138,3,Salem,2025-05-03,4422.57,FAILED,TRANSFER,Hasthampatti Branch,C6063,Loan Payment
T404139,3,Salem,2025-05-03,47547.66,FAILED,DEPOSIT,Hasthampatti Branch,C1826,Bill Payment
T404140,3,Salem,2025-05-03,84306.89,FAILED,TRANSFER,Hasthampatti Branch,C4298,Education Fees
T404141,3,Salem,2025-05-03,39097.19,SUCCESS,DEPOSIT,Hasthampatti Branch,C6712,Medical Expenses
T404142,3,Salem,2025-05-03,69679.11,SUCCESS,WITHDRAWAL,Hasthampatti Branch,C5609,Bill Payment
T404143,3,Salem,2025-05-03,12116.97,SUCCESS,TRANSFER,Hasthampatti Branch,C4750,Bill Payment
T404144,3,Salem,2025-05-03,17417.07,FAILED,TRANSFER,Hasthampatti Branch,C7401,Bill Payment
T404145,3,Salem,2025-05-03,84888.61,SUCCESS,DEPOSIT,Hasthampatti Branch,C8802,Travel
T404146,3,Salem,2025-05-03,27969.42,SUCCESS,TRANSFER,Hasthampatti Branch,C6524,Others
T404147,3,Salem,2025-05-03,6476.67,SUCCESS,TRANSFER,Hasthampatti Branch,C3773,Medical Expenses
T404148,3,Salem,2025-05-03,93747.11,FAILED,WITHDRAWAL,Hasthampatti Branch,C8032,Shopping
T404149,3,Salem,2025-05-03,5413.81,SUCCESS,DEPOSIT,Hasthampatti Branch,C6922,Medical Expenses
T404150,3,Salem,2025-05-03,89210.15,FAILED,WITHDRAWAL,Hasthampatti Branch,C6814,Bill Payment
T404151,3,Salem,2025-05-03,92242.9,SUCCESS,DEPOSIT,Hasthampatti Branch,C6236,Shopping
T404152,3,Salem,2025-05-03,46058.02,FAILED,TRANSFER,Hasthampatti Branch,C1295,Others
T404153,3,Salem,2025-05-03,83041.57,SUCCESS,TRANSFER,Hasthampatti Branch,C5607,Travel
T404154,3,Salem,2025-05-03,61935.87,SUCCESS,TRANSFER,Hasthampatti Branch,C6714,Loan Payment
T404155,3,Salem,2025-05-03,34040.36,FAILED,TRANSFER,Hasthampatti Branch,C9682,Education Fees
T404156,3,Salem,2025-05-03,1613.64,SUCCESS,DEPOSIT,Hasthampatti Branch,C2747,Others
T404157,3,Salem,2025-05-03,29819.58,FAILED,DEPOSIT,Hasthampatti Branch,C2564,Bill Payment
T404158,3,Salem,2025-05-03,54109.37,FAILED,WITHDRAWAL,Hasthampatti Branch,C7743,Travel
T404159,3,Salem,2025-05-03,48529.24,SUCCESS,WITHDRAWAL,Hasthampatti Branch,C1212,Travel
T404160,3,Salem,2025-05-03,75746.12,FAILED,TRANSFER,Hasthampatti Branch,C1549,Education Fees
T404161,3,Salem,2025-05-03,230.47,FAILED,WITHDRAWAL,Hasthampatti Branch,C4793,Travel
T404162,3,Salem,2025-05-03,6286.63,SUCCESS,TRANSFER,Hasthampatti Branch,C6880,Bill Payment
T404163,3,Salem,2025-05-03,26294.99,FAILED,TRANSFER,Hasthampatti Branch,C8947,Bill Payment
T404164,3,Salem,2025-05-03,24609.47,SUCCESS,DEPOSIT,Hasthampatti Branch,C2395,Loan Payment
T404165,3,Salem,2025-05-03,51071.45,FAILED,TRANSFER,Hasthampatti Branch,C2905,Others
T404166,3,Salem,2025-05-03,29035.81,SUCCESS,TRANSFER,Hasthampatti Branch,C9455,Shopping
T404167,3,Salem,2025-05-03,69367.6,SUCCESS,DEPOSIT,Hasthampatti Branch,C7562,Medical Expenses
T404168,3,Salem,2025-05-03,74336.59,FAILED,TRANSFER,Hasthampatti Branch,C1353,Shopping
T404169,3,Salem,2025-05-03,49807.26,SUCCESS,DEPOSIT,Hasthampatti Branch,C4690,Travel
T404170,3,Salem,2025-05-03,84365.19,FAILED,WITHDRAWAL,Hasthampatti Branch,C3616,Travel
T404171,3,Salem,2025-05-03,1341.18,FAILED,TRANSFER,Hasthampatti Branch,C4373,Loan Payment
T404172,3,Salem,2025-05-03,32188.85,FAILED,DEPOSIT,Hasthampatti Branch,C6992,Shopping
T404173,3,Salem,2025-05-03,34872.94,FAILED,TRANSFER,Hasthampatti Branch,C5356,Shopping
T404174,3,Salem,2025-05-03,51973.76,FAILED,DEPOSIT,Hasthampatti Branch,C4759,Travel
T404175,3,Salem,2025-05-03,87306.9,SUCCESS,WITHDRAWAL,Hasthampatti Branch,C2249,Travel
T404176,3,Salem,2025-05-03,2144.82,FAILED,TRANSFER,Hasthampatti Branch,C9219,Medical Expenses
T404177,3,Salem,2025-05-03,98972.05,FAILED,DEPOSIT,Hasthampatti Branch,C4036,Others
T404178,3,Salem,2025-05-03,73734.64,FAILED,WITHDRAWAL,Hasthampatti Branch,C6697,Medical Expenses
T404179,3,Salem,2025-05-03,61814.76,SUCCESS,TRANSFER,Hasthampatti Branch,C7996,Shopping
T404180,3,Salem,2025-05-03,16811.39,FAILED,WITHDRAWAL,Hasthampatti Branch,C8651,Others
T404181,3,Salem,2025-05-03,9827.55,FAILED,DEPOSIT,Hasthampatti Branch,C4265,Education Fees
T404182,3,Salem,2025-05-03,98145.37,FAILED,TRANSFER,Hasthampatti Branch,C7139,Shopping
T404183,3,Salem,2025-05-03,4636.29,SUCCESS,DEPOSIT,Hasthampatti Branch,C1190,Education Fees
T404184,3,Salem,2025-05-03,15487.98,SUCCESS,DEPOSIT,Hasthampatti Branch,C2109,Others
T404185,3,Salem,2025-05-03,91817.99,SUCCESS,DEPOSIT,Hasthampatti Branch,C5292,Education Fees
T404186,3,Salem,2025-05-03,708.2,FAILED,TRANSFER,Hasthampatti Branch,C1912,Education Fees
T404187,3,Salem,2025-05-03,72592.35,SUCCESS,DEPOSIT,Hasthampatti Branch,C9549,Education Fees
T404188,3,Salem,2025-05-03,25850.21,FAILED,DEPOSIT,Hasthampatti Branch,C9552,Education Fees
T404189,3,Salem,2025-05-03,98222.83,SUCCESS,TRANSFER,Hasthampatti Branch,C4838,Loan Payment
T404190,3,Salem,2025-05-03,96842.28,SUCCESS,DEPOSIT,Hasthampatti Branch,C3196,Travel
T404191,3,Salem,2025-05-03,8015.6,FAILED,DEPOSIT,Hasthampatti Branch,C2972,Loan Payment
T404192,3,Salem,2025-05-03,23798.77,SUCCESS,DEPOSIT,Hasthampatti Branch,C6920,Medical Expenses
