TRANSACTION_ID,BRANCH_ID,CITY,DATE,AMOUNT,STATUS,TRANSACTION_TYPE,BRANCH_NAME,CUSTOMER_ID,PURPOSE
T403245,2,Salem,2025-05-09,83813.01,FAILED,DEPOSIT,Ammapet Branch,C5831,Education Fees
T403246,2,Salem,2025-05-09,39660.94,SUCCESS,TRANSFER,Ammapet Branch,C6623,Shopping
T403247,2,Salem,2025-05-09,49678.48,SUCCESS,DEPOSIT,Ammapet Branch,C3468,Travel
T403248,2,Salem,2025-05-09,36866.93,SUCCESS,TRANSFER,Ammapet Branch,C3311,Bill Payment
T403249,2,Salem,2025-05-09,64585.92,SUCCESS,DEPOSIT,Ammapet Branch,C1757,Shopping
T403250,2,Salem,2025-05-09,93258.89,FAILED,TRANSFER,Ammapet Branch,C4766,Education Fees
T403251,2,Salem,2025-05-09,65907.04,SUCCESS,TRANSFER,Ammapet Branch,C1595,Bill Payment
T403252,2,Salem,2025-05-09,51933.05,FAILED,TRANSFER,Ammapet Branch,C2972,Others
T403253,2,Salem,2025-05-09,11437.95,FAILED,DEPOSIT,Ammapet Branch,C6139,Shopping
T403254,2,Salem,2025-05-09,10008.42,SUCCESS,WITHDRAWAL,Ammapet Branch,C6726,Others
T403255,2,Salem,2025-05-09,79050.34,FAILED,WITHDRAWAL,Ammapet Branch,C7012,Medical Expenses
T403256,2,Salem,2025-05-09,5279.37,SUCCESS,WITHDRAWAL,Ammapet Branch,C2409,Travel
T403257,2,Salem,2025-05-09,19110.83,FAILED,TRANSFER,Ammapet Branch,C8255,Education Fees
T403258,2,Salem,2025-05-09,99489.07,SUCCESS,TRANSFER,Ammapet Branch,C4587,Travel
T403259,2,Salem,2025-05-09,99077.09,SUCCESS,WITHDRAWAL,Ammapet Branch,C9860,Others
T403260,2,Salem,2025-05-09,5988.82,FAILED,TRANSFER,Ammapet Branch,C9408,Education Fees
T403261,2,Salem,2025-05-09,51011.2,SUCCESS,WITHDRAWAL,Ammapet Branch,C9222,Medical Expenses
T403262,2,Salem,2025-05-09,41243.55,SUCCESS,DEPOSIT,Ammapet Branch,C5169,Education Fees
T403263,2,Salem,2025-05-09,99987.43,SUCCESS,TRANSFER,Ammapet Branch,C8568,Shopping
T403264,2,Salem,2025-05-09,94590.68,FAILED,DEPOSIT,Ammapet Branch,C6118,Medical Expenses
T403265,2,Salem,2025-05-09,68626.59,FAILED,WITHDRAWAL,Ammapet Branch,C7419,Travel
T403266,2,Salem,2025-05-09,31836.84,SUCCESS,TRANSFER,Ammapet Branch,C4086,Education Fees
T403267,2,Salem,2025-05-09,5872.48,FAILED,DEPOSIT,Ammapet Branch,C1587,Medical Expenses
T403268,2,Salem,2025-05-09,34201.81,SUCCESS,DEPOSIT,Ammapet Branch,C5661,Education Fees
T403269,2,Salem,2025-05-09,979.7,FAILED,TRANSFER,Ammapet Branch,C8217,Medical Expenses
T403270,2,Salem,2025-05-09,71260.67,SUCCESS,TRANSFER,Ammapet Branch,C3992,Others
T403271,2,Salem,2025-05-09,26287.96,SUCCESS,DEPOSIT,Ammapet Branch,C8499,Education Fees
T403272,2,Salem,2025-05-09,93524.48,SUCCESS,TRANSFER,Ammapet Branch,C1545,Others
T403273,2,Salem,2025-05-09,76139.96,SUCCESS,DEPOSIT,Ammapet Branch,C6534,Loan Payment
T403274,2,Salem,2025-05-09,30771.22,SUCCESS,TRANSFER,Ammapet Branch,C9435,Others
T403275,2,Salem,2025-05-09,20598.08,FAILED,TRANSFER,Ammapet Branch,C3762,Others
T403276,2,Salem,2025-05-09,56537.85,SUCCESS,DEPOSIT,Ammapet Branch,C7480,Bill Payment
T403277,2,Salem,2025-05-09,67764.48,FAILED,DEPOSIT,Ammapet Branch,C6098,Shopping
T403278,2,Salem,2025-05-09,75011.72,FAILED,WITHDRAWAL,Ammapet Branch,C1242,Bill Payment
T403279,2,Salem,2025-05-09,37143.22,FAILED,DEPOSIT,Ammapet Branch,C3633,Travel
T403280,2,Salem,2025-05-09,90806.61,SUCCESS,DEPOSIT,Ammapet Branch,C8178,Shopping
T403281,2,Salem,2025-05-09,47224.58,FAILED,DEPOSIT,Ammapet Branch,C7810,Medical Expenses
T403282,2,Salem,2025-05-09,9108.12,FAILED,WITHDRAWAL,Ammapet Branch,C2355,Others
T403283,2,Salem,2025-05-09,52466.47,SUCCESS,WITHDRAWAL,Ammapet Branch,C7651,Medical Expenses
T403284,2,Salem,2025-05-09,65788.4,FAILED,TRANSFER,Ammapet Branch,C6912,Travel
T403285,2,Salem,2025-05-09,37312.87,FAILED,TRANSFER,Ammapet Branch,C9973,Education Fees
T403286,2,Salem,2025-05-09,44615.75,SUCCESS,WITHDRAWAL,Ammapet Branch,C8914,Shopping
T403287,2,Salem,2025-05-09,61105.3,SUCCESS,WITHDRAWAL,Ammapet Branch,C7031,Education Fees
T403288,2,Salem,2025-05-09,52610.88,FAILED,WITHDRAWAL,Ammapet Branch,C1136,Loan Payment
T403289,2,Salem,2025-05-09,91225.59,SUCCESS,TRANSFER,Ammapet Branch,C4469,Medical Expenses
T403290,2,Salem,2025-05-09,98520.31,SUCCESS,TRANSFER,Ammapet Branch,C4104,Travel
T403291,2,Salem,2025-05-09,69859.94,FAILED,DEPOSIT,Ammapet Branch,C7878,Others
T403292,2,Salem,2025-05-09,74535.79,SUCCESS,WITHDRAWAL,Ammapet Branch,C3717,Loan Payment
T403293,2,Salem,2025-05-09,15214.84,SUCCESS,TRANSFER,Ammapet Branch,C1909,Education Fees
T403294,2,Salem,2025-05-09,30590.68,SUCCESS,WITHDRAWAL,Ammapet Branch,C7883,Medical Expenses
T403295,2,Salem,2025-05-09,51115.06,SUCCESS,DEPOSIT,Ammapet Branch,C6742,Education Fees
T403296,2,Salem,2025-05-09,50849.27,FAILED,WITHDRAWAL,Ammapet Branch,C2731,Shopping
T403297,2,Salem,2025-05-09,66699.95,SUCCESS,WITHDRAWAL,Ammapet Branch,C7730,Medical Expenses
T403298,2,Salem,2025-05-09,2827.93,FAILED,WITHDRAWAL,Ammapet Branch,C6968,Bill Payment
T403299,2,Salem,2025-05-09,18198.02,FAILED,WITHDRAWAL,Ammapet Branch,C8069,Travel
T403300,2,Salem,2025-05-09,41151.99,FAILED,DEPOSIT,Ammapet Branch,C4312,Medical Expenses
T403301,2,Salem,2025-05-09,83049.81,SUCCESS,DEPOSIT,Ammapet Branch,C8328,Travel
T403302,2,Salem,2025-05-09,99153.29,SUCCESS,TRANSFER,Ammapet Branch,C4669,Bill Payment
T403303,2,Salem,2025-05-09,35520.45,FAILED,TRANSFER,Ammapet Branch,C9855,Shopping
T403304,2,Salem,2025-05-09,50607.69,SUCCESS,WITHDRAWAL,Ammapet Branch,C3344,Travel
T403305,2,Salem,2025-05-09,17723.71,FAILED,DEPOSIT,Ammapet Branch,C1232,Bill Payment
T403306,2,Salem,2025-05-09,21600.01,FAILED,DEPOSIT,Ammapet Branch,C6519,Shopping
T403307,2,Salem,2025-05-09,966.17,FAILED,DEPOSIT,Ammapet Branch,C8414,Bill Payment
T403308,2,Salem,2025-05-08,38499.03,SUCCESS,TRANSFER,Ammapet Branch,C6267,Medical Expenses
T403309,2,Salem,2025-05-08,46551.36,SUCCESS,TRANSFER,Ammapet Branch,C3988,Others
T403310,2,Salem,2025-05-08,98244.02,FAILED,WITHDRAWAL,Ammapet Branch,C4475,Medical Expenses
T403311,2,Salem,2025-05-08,52341.48,SUCCESS,TRANSFER,Ammapet Branch,C4251,Travel
T403312,2,Salem,2025-05-08,99994.75,SUCCESS,TRANSFER,Ammapet Branch,C7217,Education Fees
T403313,2,Salem,2025-05-08,28132.51,SUCCESS,DEPOSIT,Ammapet Branch,C3505,Loan Payment
T403314,2,Salem,2025-05-08,26467.06,SUCCESS,DEPOSIT,Ammapet Branch,C7183,Loan Payment
T403315,2,Salem,2025-05-08,99483.4,FAILED,WITHDRAWAL,Ammapet Branch,C1236,Medical Expenses
T403316,2,Salem,2025-05-08,56028.2,SUCCESS,DEPOSIT,Ammapet Branch,C6586,Education Fees
T403317,2,Salem,2025-05-08,50124.92,SUCCESS,DEPOSIT,Ammapet Branch,C6202,Education Fees
T403318,2,Salem,2025-05-08,30394.94,SUCCESS,TRANSFER,Ammapet Branch,C2827,Education Fees
T403319,2,Salem,2025-05-08,6572.31,SUCCESS,TRANSFER,Ammapet Branch,C1708,Bill Payment
T403320,2,Salem,2025-05-08,32912.87,FAILED,DEPOSIT,Ammapet Branch,C2407,Medical Expenses
T403321,2,Salem,2025-05-08,43134.0,FAILED,TRANSFER,Ammapet Branch,C6569,Others
T403322,2,Salem,2025-05-08,74972.7,SUCCESS,DEPOSIT,Ammapet Branch,C2818,Education Fees
T403323,2,Salem,2025-05-08,95627.82,FAILED,DEPOSIT,Ammapet Branch,C4262,Medical Expenses
T403324,2,Salem,2025-05-08,84473.71,SUCCESS,DEPOSIT,Ammapet Branch,C1256,Education Fees
T403325,2,Salem,2025-05-08,74796.36,FAILED,DEPOSIT,Ammapet Branch,C9081,Education Fees
T403326,2,Salem,2025-05-08,63860.77,FAILED,WITHDRAWAL,Ammapet Branch,C7543,Travel
T403327,2,Salem,2025-05-08,14287.92,SUCCESS,WITHDRAWAL,Ammapet Branch,C7720,Loan Payment
T403328,2,Salem,2025-05-08,59945.13,SUCCESS,WITHDRAWAL,Ammapet Branch,C3727,Travel
T403329,2,Salem,2025-05-08,86010.76,SUCCESS,WITHDRAWAL,Ammapet Branch,C1344,Bill Payment
T403330,2,Salem,2025-05-08,3626.31,SUCCESS,WITHDRAWAL,Ammapet Branch,C3882,Travel
T403331,2,Salem,2025-05-08,51357.04,FAILED,WITHDRAWAL,Ammapet Branch,C7359,Loan Payment
T403332,2,Salem,2025-05-08,39301.79,SUCCESS,WITHDRAWAL,Ammapet Branch,C2347,Shopping
T403333,2,Salem,2025-05-08,4416.95,SUCCESS,DEPOSIT,Ammapet Branch,C3888,Shopping
T403334,2,Salem,2025-05-08,65128.49,SUCCESS,WITHDRAWAL,Ammapet Branch,C8464,Loan Payment
T403335,2,Salem,2025-05-08,89589.13,SUCCESS,TRANSFER,Ammapet Branch,C4942,Others
T403336,2,Salem,2025-05-08,36024.91,FAILED,TRANSFER,Ammapet Branch,C1096,Travel
T403337,2,Salem,2025-05-08,62340.89,FAILED,WITHDRAWAL,Ammapet Branch,C8207,Others
T403338,2,Salem,2025-05-08,13618.14,SUCCESS,WITHDRAWAL,Ammapet Branch,C8298,Loan Payment
T403339,2,Salem,2025-05-08,98644.93,FAILED,WITHDRAWAL,Ammapet Branch,C1898,Medical Expenses
T403340,2,Salem,2025-05-08,90630.03,SUCCESS,TRANSFER,Ammapet Branch,C4892,Shopping
T403341,2,Salem,2025-05-08,31465.21,SUCCESS,DEPOSIT,Ammapet Branch,C3531,Medical Expenses
T403342,2,Salem,2025-05-08,90889.09,SUCCESS,TRANSFER,Ammapet Branch,C4413,Others
T403343,2,Salem,2025-05-08,90025.85,SUCCESS,WITHDRAWAL,Ammapet Branch,C2466,Education Fees
T403344,2,Salem,2025-05-08,54816.12,SUCCESS,WITHDRAWAL,Ammapet Branch,C8305,Travel
T403345,2,Salem,2025-05-08,78547.38,SUCCESS,DEPOSIT,Ammapet Branch,C1123,Bill Payment
T403346,2,Salem,2025-05-08,54844.77,FAILED,WITHDRAWAL,Ammapet Branch,C2487,Travel
T403347,2,Salem,2025-05-08,63802.44,SUCCESS,DEPOSIT,Ammapet Branch,C8971,Shopping
T403348,2,Salem,2025-05-08,45549.61,FAILED,TRANSFER,Ammapet Branch,C7765,Medical Expenses
T403349,2,Salem,2025-05-08,44831.44,SUCCESS,TRANSFER,Ammapet Branch,C2460,Education Fees
T403350,2,Salem,2025-05-08,2007.47,FAILED,WITHDRAWAL,Ammapet Branch,C4370,Loan Payment
T403351,2,Salem,2025-05-08,40732.56,SUCCESS,TRANSFER,Ammapet Branch,C3883,Bill Payment
T403352,2,Salem,2025-05-08,47033.65,FAILED,TRANSFER,Ammapet Branch,C5715,Bill Payment
T403353,2,Salem,2025-05-08,83817.12,SUCCESS,WITHDRAWAL,Ammapet Branch,C1820,Loan Payment
T403354,2,Salem,2025-05-08,3287.08,FAILED,DEPOSIT,Ammapet Branch,C1492,Travel
T403355,2,Salem,2025-05-08,29273.04,FAILED,WITHDRAWAL,Ammapet Branch,C4887,Education Fees
T403356,2,Salem,2025-05-08,45037.66,FAILED,TRANSFER,Ammapet Branch,C9795,Medical Expenses
T403357,2,Salem,2025-05-08,28668.88,FAILED,DEPOSIT,Ammapet Branch,C1442,Travel
T403358,2,Salem,2025-05-08,31923.63,FAILED,TRANSFER,Ammapet Branch,C5208,Bill Payment
T403359,2,Salem,2025-05-08,64977.57,FAILED,DEPOSIT,Ammapet Branch,C3994,Shopping
T403360,2,Salem,2025-05-08,84698.45,FAILED,TRANSFER,Ammapet Branch,C6310,Medical Expenses
T403361,2,Salem,2025-05-08,60877.91,FAILED,DEPOSIT,Ammapet Branch,C5054,Shopping
T403362,2,Salem,2025-05-08,26499.44,FAILED,DEPOSIT,Ammapet Branch,C9095,Bill Payment
T403363,2,Salem,2025-05-08,87302.02,FAILED,TRANSFER,Ammapet Branch,C6325,Education Fees
T403364,2,Salem,2025-05-08,69095.26,SUCCESS,TRANSFER,Ammapet Branch,C7921,Loan Payment
T403365,2,Salem,2025-05-08,42842.08,FAILED,TRANSFER,Ammapet Branch,C7759,Bill Payment
T403366,2,Salem,2025-05-08,31633.71,SUCCESS,TRANSFER,Ammapet Branch,C4115,Shopping
T403367,2,Salem,2025-05-08,43168.27,FAILED,TRANSFER,Ammapet Branch,C3700,Education Fees
T403368,2,Salem,2025-05-08,45300.95,SUCCESS,WITHDRAWAL,Ammapet Branch,C2511,Travel
T403369,2,Salem,2025-05-08,20815.94,FAILED,DEPOSIT,Ammapet Branch,C8157,Others
T403370,2,Salem,2025-05-08,87214.33,SUCCESS,TRANSFER,Ammapet Branch,C8211,Others
T403371,2,Salem,2025-05-08,38729.63,FAILED,TRANSFER,Ammapet Branch,C7537,Travel
T403372,2,Salem,2025-05-08,79716.53,SUCCESS,TRANSFER,Ammapet Branch,C9052,Education Fees
T403373,2,Salem,2025-05-08,45753.82,SUCCESS,TRANSFER,Ammapet Branch,C6768,Shopping
T403374,2,Salem,2025-05-08,8296.86,SUCCESS,WITHDRAWAL,Ammapet Branch,C5947,Bill Payment
T403375,2,Salem,2025-05-08,49233.84,SUCCESS,TRANSFER,Ammapet Branch,C2920,Bill Payment
T403376,2,Salem,2025-05-08,56246.41,SUCCESS,TRANSFER,Ammapet Branch,C8799,Travel
T403377,2,Salem,2025-05-08,58592.65,SUCCESS,TRANSFER,Ammapet Branch,C7297,Education Fees
T403378,2,Salem,2025-05-08,38156.19,SUCCESS,WITHDRAWAL,Ammapet Branch,C4337,Loan Payment
T403379,2,Salem,2025-05-08,13025.44,SUCCESS,WITHDRAWAL,Ammapet Branch,C8004,Shopping
T403380,2,Salem,2025-05-08,7492.24,FAILED,DEPOSIT,Ammapet Branch,C3796,Education Fees
T403381,2,Salem,2025-05-08,55973.7,FAILED,DEPOSIT,Ammapet Branch,C2008,Travel
T403382,2,Salem,2025-05-08,31916.96,SUCCESS,WITHDRAWAL,Ammapet Branch,C4993,Bill Payment
T403383,2,Salem,2025-05-08,17923.36,SUCCESS,WITHDRAWAL,Ammapet Branch,C4042,Others
T403384,2,Salem,2025-05-08,52608.11,SUCCESS,TRANSFER,Ammapet Branch,C6721,Travel
T403385,2,Salem,2025-05-08,99338.32,SUCCESS,WITHDRAWAL,Ammapet Branch,C8872,Others
T403386,2,Salem,2025-05-08,38202.38,FAILED,TRANSFER,Ammapet Branch,C9040,Bill Payment
T403387,2,Salem,2025-05-08,37409.63,SUCCESS,DEPOSIT,Ammapet Branch,C1421,Medical Expenses
T403388,2,Salem,2025-05-08,28397.18,FAILED,WITHDRAWAL,Ammapet Branch,C3774,Bill Payment
T403389,2,Salem,2025-05-08,10943.74,SUCCESS,WITHDRAWAL,Ammapet Branch,C7282,Bill Payment
T403390,2,Salem,2025-05-08,27531.86,FAILED,DEPOSIT,Ammapet Branch,C4073,Education Fees
T403391,2,Salem,2025-05-08,24772.97,SUCCESS,TRANSFER,Ammapet Branch,C3932,Shopping
T403392,2,Salem,2025-05-08,94563.3,FAILED,DEPOSIT,Ammapet Branch,C6901,Loan Payment
T403393,2,Salem,2025-05-08,35513.58,SUCCESS,WITHDRAWAL,Ammapet Branch,C8591,Education Fees
T403394,2,Salem,2025-05-08,67102.16,SUCCESS,DEPOSIT,Ammapet Branch,C1605,Travel
T403395,2,Salem,2025-05-08,17711.63,SUCCESS,WITHDRAWAL,Ammapet Branch,C8268,Education Fees
T403396,2,Salem,2025-05-08,74442.05,FAILED,DEPOSIT,Ammapet Branch,C7166,Loan Payment
T403397,2,Salem,2025-05-08,83394.14,SUCCESS,DEPOSIT,Ammapet Branch,C4546,Bill Payment
T403398,2,Salem,2025-05-08,27029.93,SUCCESS,DEPOSIT,Ammapet Branch,C4993,Shopping
T403399,2,Salem,2025-05-08,8754.48,SUCCESS,WITHDRAWAL,Ammapet Branch,C3372,Bill Payment
T403400,2,Salem,2025-05-08,25763.42,SUCCESS,WITHDRAWAL,Ammapet Branch,C7397,Travel
T403401,2,Salem,2025-05-08,12146.73,FAILED,DEPOSIT,Ammapet Branch,C8660,Loan Payment
T403402,2,Salem,2025-05-08,36134.45,FAILED,DEPOSIT,Ammapet Branch,C7383,Loan Payment
T403403,2,Salem,2025-05-07,33284.09,FAILED,WITHDRAWAL,Ammapet Branch,C4589,Loan Payment
T403404,2,Salem,2025-05-07,26170.27,SUCCESS,WITHDRAWAL,Ammapet Branch,C5362,Medical Expenses
T403405,2,Salem,2025-05-07,40277.78,SUCCESS,WITHDRAWAL,Ammapet Branch,C1920,Travel
T403406,2,Salem,2025-05-07,57368.34,SUCCESS,TRANSFER,Ammapet Branch,C3976,Bill Payment
T403407,2,Salem,2025-05-07,84736.03,SUCCESS,WITHDRAWAL,Ammapet Branch,C7283,Medical Expenses
T403408,2,Salem,2025-05-07,16269.95,FAILED,DEPOSIT,Ammapet Branch,C7589,Bill Payment
T403409,2,Salem,2025-05-07,56780.51,SUCCESS,TRANSFER,Ammapet Branch,C6948,Education Fees
T403410,2,Salem,2025-05-07,44822.42,SUCCESS,DEPOSIT,Ammapet Branch,C5240,Shopping
T403411,2,Salem,2025-05-07,1585.17,SUCCESS,TRANSFER,Ammapet Branch,C1054,Education Fees
T403412,2,Salem,2025-05-07,53858.82,FAILED,WITHDRAWAL,Ammapet Branch,C8725,Others
T403413,2,Salem,2025-05-07,49357.75,SUCCESS,TRANSFER,Ammapet Branch,C6073,Education Fees
T403414,2,Salem,2025-05-07,29184.8,SUCCESS,TRANSFER,Ammapet Branch,C4340,Medical Expenses
T403415,2,Salem,2025-05-07,37469.24,FAILED,DEPOSIT,Ammapet Branch,C3676,Bill Payment
T403416,2,Salem,2025-05-07,33845.47,SUCCESS,WITHDRAWAL,Ammapet Branch,C1473,Travel
T403417,2,Salem,2025-05-07,80123.7,FAILED,TRANSFER,Ammapet Branch,C5250,Education Fees
T403418,2,Salem,2025-05-07,48339.59,FAILED,WITHDRAWAL,Ammapet Branch,C5210,Others
T403419,2,Salem,2025-05-07,72449.74,SUCCESS,TRANSFER,Ammapet Branch,C6614,Shopping
T403420,2,Salem,2025-05-07,97228.79,SUCCESS,DEPOSIT,Ammapet Branch,C6719,Travel
T403421,2,Salem,2025-05-07,20805.5,SUCCESS,WITHDRAWAL,Ammapet Branch,C3709,Shopping
T403422,2,Salem,2025-05-07,64299.98,SUCCESS,WITHDRAWAL,Ammapet Branch,C4338,Travel
T403423,2,Salem,2025-05-07,31812.83,FAILED,TRANSFER,Ammapet Branch,C6191,Loan Payment
T403424,2,Salem,2025-05-07,25194.58,FAILED,TRANSFER,Ammapet Branch,C4347,Others
T403425,2,Salem,2025-05-07,35913.65,SUCCESS,WITHDRAWAL,Ammapet Branch,C4887,Others
T403426,2,Salem,2025-05-07,42506.41,SUCCESS,TRANSFER,Ammapet Branch,C5200,Medical Expenses
T403427,2,Salem,2025-05-07,81758.45,FAILED,TRANSFER,Ammapet Branch,C6000,Loan Payment
T403428,2,Salem,2025-05-07,61971.55,SUCCESS,WITHDRAWAL,Ammapet Branch,C4917,Medical Expenses
T403429,2,Salem,2025-05-07,23290.1,SUCCESS,WITHDRAWAL,Ammapet Branch,C5519,Bill Payment
T403430,2,Salem,2025-05-07,79871.84,FAILED,TRANSFER,Ammapet Branch,C4824,Loan Payment
T403431,2,Salem,2025-05-07,26529.51,SUCCESS,TRANSFER,Ammapet Branch,C7831,Bill Payment
T403432,2,Salem,2025-05-07,98516.51,FAILED,DEPOSIT,Ammapet Branch,C7613,Travel
T403433,2,Salem,2025-05-07,88100.03,SUCCESS,WITHDRAWAL,Ammapet Branch,C6612,Shopping
T403434,2,Salem,2025-05-07,50469.93,SUCCESS,WITHDRAWAL,Ammapet Branch,C1513,Loan Payment
T403435,2,Salem,2025-05-07,51423.13,FAILED,WITHDRAWAL,Ammapet Branch,C4172,Travel
T403436,2,Salem,2025-05-07,99903.72,SUCCESS,DEPOSIT,Ammapet Branch,C7822,Travel
T403437,2,Salem,2025-05-07,33842.9,FAILED,TRANSFER,Ammapet Branch,C7956,Bill Payment
T403438,2,Salem,2025-05-07,41951.75,SUCCESS,TRANSFER,Ammapet Branch,C4000,Others
T403439,2,Salem,2025-05-07,45789.13,SUCCESS,WITHDRAWAL,Ammapet Branch,C7829,Others
T403440,2,Salem,2025-05-07,81932.08,SUCCESS,WITHDRAWAL,Ammapet Branch,C6893,Travel
T403441,2,Salem,2025-05-07,83330.49,FAILED,DEPOSIT,Ammapet Branch,C7686,Travel
T403442,2,Salem,2025-05-07,7121.13,SUCCESS,DEPOSIT,Ammapet Branch,C4044,Medical Expenses
T403443,2,Salem,2025-05-07,56642.43,FAILED,DEPOSIT,Ammapet Branch,C4782,Others
T403444,2,Salem,2025-05-07,52565.07,FAILED,DEPOSIT,Ammapet Branch,C1300,Travel
T403445,2,Salem,2025-05-07,71753.24,FAILED,TRANSFER,Ammapet Branch,C2314,Bill Payment
T403446,2,Salem,2025-05-07,95614.35,FAILED,TRANSFER,Ammapet Branch,C5783,Education Fees
T403447,2,Salem,2025-05-07,67882.01,SUCCESS,DEPOSIT,Ammapet Branch,C4102,Travel
T403448,2,Salem,2025-05-07,69226.98,SUCCESS,WITHDRAWAL,Ammapet Branch,C9823,Others
T403449,2,Salem,2025-05-07,8726.12,SUCCESS,DEPOSIT,Ammapet Branch,C9983,Others
T403450,2,Salem,2025-05-07,96065.97,FAILED,WITHDRAWAL,Ammapet Branch,C6692,Shopping
T403451,2,Salem,2025-05-07,95473.0,FAILED,DEPOSIT,Ammapet Branch,C2759,Others
T403452,2,Salem,2025-05-07,52851.99,FAILED,TRANSFER,Ammapet Branch,C5436,Education Fees
T403453,2,Salem,2025-05-07,36314.4,FAILED,TRANSFER,Ammapet Branch,C9694,Education Fees
T403454,2,Salem,2025-05-07,80063.97,SUCCESS,WITHDRAWAL,Ammapet Branch,C9681,Others
T403455,2,Salem,2025-05-07,31913.13,SUCCESS,DEPOSIT,Ammapet Branch,C4403,Others
T403456,2,Salem,2025-05-07,23060.83,FAILED,WITHDRAWAL,Ammapet Branch,C6401,Shopping
T403457,2,Salem,2025-05-07,53387.8,FAILED,DEPOSIT,Ammapet Branch,C6593,Others
T403458,2,Salem,2025-05-07,62523.03,FAILED,DEPOSIT,Ammapet Branch,C2990,Education Fees
T403459,2,Salem,2025-05-07,84646.55,SUCCESS,DEPOSIT,Ammapet Branch,C9995,Bill Payment
T403460,2,Salem,2025-05-07,98295.52,SUCCESS,DEPOSIT,Ammapet Branch,C2764,Others
T403461,2,Salem,2025-05-07,43449.42,FAILED,WITHDRAWAL,Ammapet Branch,C3438,Education Fees
T403462,2,Salem,2025-05-07,58998.51,SUCCESS,DEPOSIT,Ammapet Branch,C6023,Bill Payment
T403463,2,Salem,2025-05-07,36229.89,SUCCESS,DEPOSIT,Ammapet Branch,C1215,Shopping
T403464,2,Salem,2025-05-07,42215.33,FAILED,TRANSFER,Ammapet Branch,C9827,Bill Payment
T403465,2,Salem,2025-05-07,60571.38,SUCCESS,TRANSFER,Ammapet Branch,C9328,Education Fees
T403466,2,Salem,2025-05-07,26766.89,FAILED,DEPOSIT,Ammapet Branch,C8368,Shopping
T403467,2,Salem,2025-05-07,35567.58,FAILED,TRANSFER,Ammapet Branch,C9306,Bill Payment
T403468,2,Salem,2025-05-07,27254.48,SUCCESS,DEPOSIT,Ammapet Branch,C7145,Loan Payment
T403469,2,Salem,2025-05-07,67945.53,FAILED,TRANSFER,Ammapet Branch,C6064,Bill Payment
T403470,2,Salem,2025-05-07,92478.46,FAILED,TRANSFER,Ammapet Branch,C1900,Shopping
T403471,2,Salem,2025-05-07,28039.06,FAILED,TRANSFER,Ammapet Branch,C2411,Medical Expenses
T403472,2,Salem,2025-05-07,83453.39,FAILED,DEPOSIT,Ammapet Branch,C3449,Shopping
T403473,2,Salem,2025-05-07,35705.09,SUCCESS,DEPOSIT,Ammapet Branch,C4694,Bill Payment
T403474,2,Salem,2025-05-07,68894.1,SUCCESS,DEPOSIT,Ammapet Branch,C5339,Others
T403475,2,Salem,2025-05-06,22773.83,SUCCESS,DEPOSIT,Ammapet Branch,C7982,Medical Expenses
T403476,2,Salem,2025-05-06,8680.09,FAILED,TRANSFER,Ammapet Branch,C9082,Others
T403477,2,Salem,2025-05-06,71410.76,SUCCESS,DEPOSIT,Ammapet Branch,C2642,Loan Payment
T403478,2,Salem,2025-05-06,70481.48,SUCCESS,TRANSFER,Ammapet Branch,C9513,Travel
T403479,2,Salem,2025-05-06,5149.33,SUCCESS,DEPOSIT,Ammapet Branch,C4785,Travel
T403480,2,Salem,2025-05-06,84882.14,SUCCESS,DEPOSIT,Ammapet Branch,C3165,Medical Expenses
T403481,2,Salem,2025-05-06,6583.18,FAILED,TRANSFER,Ammapet Branch,C4174,Bill Payment
T403482,2,Salem,2025-05-06,56222.2,SUCCESS,TRANSFER,Ammapet Branch,C5402,Travel
T403483,2,Salem,2025-05-06,47414.96,SUCCESS,DEPOSIT,Ammapet Branch,C8895,Travel
T403484,2,Salem,2025-05-06,48228.54,FAILED,TRANSFER,Ammapet Branch,C1119,Travel
T403485,2,Salem,2025-05-06,89779.42,SUCCESS,WITHDRAWAL,Ammapet Branch,C2727,Loan Payment
T403486,2,Salem,2025-05-06,45724.3,SUCCESS,WITHDRAWAL,Ammapet Branch,C5676,Others
T403487,2,Salem,2025-05-06,28972.31,SUCCESS,DEPOSIT,Ammapet Branch,C1930,Shopping
T403488,2,Salem,2025-05-06,67998.33,SUCCESS,DEPOSIT,Ammapet Branch,C2423,Education Fees
T403489,2,Salem,2025-05-06,63531.63,FAILED,DEPOSIT,Ammapet Branch,C5462,Bill Payment
T403490,2,Salem,2025-05-06,51013.43,SUCCESS,WITHDRAWAL,Ammapet Branch,C6568,Loan Payment
T403491,2,Salem,2025-05-06,35049.57,SUCCESS,WITHDRAWAL,Ammapet Branch,C9397,Travel
T403492,2,Salem,2025-05-06,82640.07,SUCCESS,TRANSFER,Ammapet Branch,C9196,Others
T403493,2,Salem,2025-05-06,903.41,SUCCESS,WITHDRAWAL,Ammapet Branch,C4219,Loan Payment
T403494,2,Salem,2025-05-06,66963.94,SUCCESS,WITHDRAWAL,Ammapet Branch,C6275,Others
T403495,2,Salem,2025-05-06,51804.57,FAILED,TRANSFER,Ammapet Branch,C2064,Bill Payment
T403496,2,Salem,2025-05-06,61156.75,SUCCESS,TRANSFER,Ammapet Branch,C4046,Travel
T403497,2,Salem,2025-05-06,79766.63,FAILED,WITHDRAWAL,Ammapet Branch,C7425,Bill Payment
T403498,2,Salem,2025-05-06,74699.07,FAILED,DEPOSIT,Ammapet Branch,C2606,Medical Expenses
T403499,2,Salem,2025-05-06,84682.3,FAILED,TRANSFER,Ammapet Branch,C8418,Education Fees
T403500,2,Salem,2025-05-06,51028.84,SUCCESS,WITHDRAWAL,Ammapet Branch,C4707,Travel
T403501,2,Salem,2025-05-06,43322.87,FAILED,DEPOSIT,Ammapet Branch,C6433,Shopping
T403502,2,Salem,2025-05-06,60954.39,FAILED,WITHDRAWAL,Ammapet Branch,C5721,Medical Expenses
T403503,2,Salem,2025-05-06,28936.25,FAILED,TRANSFER,Ammapet Branch,C6234,Others
T403504,2,Salem,2025-05-06,5520.35,FAILED,WITHDRAWAL,Ammapet Branch,C9302,Travel
T403505,2,Salem,2025-05-06,45015.79,FAILED,WITHDRAWAL,Ammapet Branch,C9808,Others
T403506,2,Salem,2025-05-06,4026.39,SUCCESS,WITHDRAWAL,Ammapet Branch,C4444,Education Fees
T403507,2,Salem,2025-05-06,68265.04,SUCCESS,DEPOSIT,Ammapet Branch,C7731,Education Fees
T403508,2,Salem,2025-05-06,98011.02,FAILED,WITHDRAWAL,Ammapet Branch,C6872,Education Fees
T403509,2,Salem,2025-05-06,64734.12,SUCCESS,TRANSFER,Ammapet Branch,C2911,Medical Expenses
T403510,2,Salem,2025-05-06,64031.33,FAILED,WITHDRAWAL,Ammapet Branch,C5449,Medical Expenses
T403511,2,Salem,2025-05-06,4189.97,FAILED,WITHDRAWAL,Ammapet Branch,C1068,Loan Payment
T403512,2,Salem,2025-05-06,81255.94,SUCCESS,WITHDRAWAL,Ammapet Branch,C4437,Loan Payment
T403513,2,Salem,2025-05-06,43446.1,SUCCESS,TRANSFER,Ammapet Branch,C1278,Bill Payment
T403514,2,Salem,2025-05-06,55964.05,SUCCESS,DEPOSIT,Ammapet Branch,C1259,Education Fees
T403515,2,Salem,2025-05-06,15904.7,SUCCESS,TRANSFER,Ammapet Branch,C2738,Bill Payment
T403516,2,Salem,2025-05-06,66560.45,SUCCESS,DEPOSIT,Ammapet Branch,C3633,Loan Payment
T403517,2,Salem,2025-05-06,68813.78,SUCCESS,DEPOSIT,Ammapet Branch,C3987,Others
T403518,2,Salem,2025-05-06,53732.6,SUCCESS,WITHDRAWAL,Ammapet Branch,C4736,Education Fees
T403519,2,Salem,2025-05-06,35846.84,SUCCESS,DEPOSIT,Ammapet Branch,C4646,Bill Payment
T403520,2,Salem,2025-05-06,51043.72,FAILED,WITHDRAWAL,Ammapet Branch,C5752,Bill Payment
T403521,2,Salem,2025-05-06,51768.13,FAILED,TRANSFER,Ammapet Branch,C2148,Loan Payment
T403522,2,Salem,2025-05-06,17923.52,FAILED,DEPOSIT,Ammapet Branch,C9894,Travel
T403523,2,Salem,2025-05-06,7626.98,SUCCESS,DEPOSIT,Ammapet Branch,C3038,Loan Payment
T403524,2,Salem,2025-05-06,59158.43,SUCCESS,WITHDRAWAL,Ammapet Branch,C2985,Loan Payment
T403525,2,Salem,2025-05-06,12750.42,FAILED,TRANSFER,Ammapet Branch,C4911,Shopping
T403526,2,Salem,2025-05-06,86142.16,FAILED,TRANSFER,Ammapet Branch,C3071,Loan Payment
T403527,2,Salem,2025-05-05,13636.9,FAILED,TRANSFER,Ammapet Branch,C3121,Others
T403528,2,Salem,2025-05-05,45711.84,SUCCESS,TRANSFER,Ammapet Branch,C3888,Bill Payment
T403529,2,Salem,2025-05-05,70259.53,SUCCESS,WITHDRAWAL,Ammapet Branch,C1436,Loan Payment
T403530,2,Salem,2025-05-05,17198.83,SUCCESS,TRANSFER,Ammapet Branch,C6919,Medical Expenses
T403531,2,Salem,2025-05-05,79698.95,SUCCESS,DEPOSIT,Ammapet Branch,C4152,Travel
T403532,2,Salem,2025-05-05,36604.87,FAILED,DEPOSIT,Ammapet Branch,C9460,Shopping
T403533,2,Salem,2025-05-05,1168.58,SUCCESS,WITHDRAWAL,Ammapet Branch,C4831,Shopping
T403534,2,Salem,2025-05-05,64074.95,SUCCESS,TRANSFER,Ammapet Branch,C4574,Travel
T403535,2,Salem,2025-05-05,68361.84,SUCCESS,TRANSFER,Ammapet Branch,C9792,Others
T403536,2,Salem,2025-05-05,70107.87,FAILED,DEPOSIT,Ammapet Branch,C3099,Medical Expenses
T403537,2,Salem,2025-05-05,18403.9,SUCCESS,DEPOSIT,Ammapet Branch,C5701,Travel
T403538,2,Salem,2025-05-05,6396.07,SUCCESS,WITHDRAWAL,Ammapet Branch,C2223,Others
T403539,2,Salem,2025-05-05,7574.49,FAILED,DEPOSIT,Ammapet Branch,C3932,Medical Expenses
T403540,2,Salem,2025-05-05,44930.95,FAILED,TRANSFER,Ammapet Branch,C7431,Education Fees
T403541,2,Salem,2025-05-05,87943.07,SUCCESS,DEPOSIT,Ammapet Branch,C5438,Loan Payment
T403542,2,Salem,2025-05-05,21768.1,SUCCESS,WITHDRAWAL,Ammapet Branch,C8661,Education Fees
T403543,2,Salem,2025-05-05,35772.63,FAILED,TRANSFER,Ammapet Branch,C4961,Bill Payment
T403544,2,Salem,2025-05-05,53256.77,SUCCESS,WITHDRAWAL,Ammapet Branch,C7350,Bill Payment
T403545,2,Salem,2025-05-05,31975.08,SUCCESS,TRANSFER,Ammapet Branch,C5555,Shopping
T403546,2,Salem,2025-05-05,88688.31,FAILED,WITHDRAWAL,Ammapet Branch,C4007,Education Fees
T403547,2,Salem,2025-05-05,25947.26,FAILED,DEPOSIT,Ammapet Branch,C7564,Others
T403548,2,Salem,2025-05-05,18016.91,SUCCESS,TRANSFER,Ammapet Branch,C3559,Bill Payment
T403549,2,Salem,2025-05-05,94639.04,SUCCESS,DEPOSIT,Ammapet Branch,C9307,Shopping
T403550,2,Salem,2025-05-05,964.82,FAILED,DEPOSIT,Ammapet Branch,C5965,Loan Payment
T403551,2,Salem,2025-05-05,89433.94,FAILED,TRANSFER,Ammapet Branch,C9167,Medical Expenses
T403552,2,Salem,2025-05-05,46198.91,FAILED,TRANSFER,Ammapet Branch,C4836,Travel
T403553,2,Salem,2025-05-05,74901.95,SUCCESS,DEPOSIT,Ammapet Branch,C7817,Education Fees
T403554,2,Salem,2025-05-05,34530.61,FAILED,DEPOSIT,Ammapet Branch,C8980,Shopping
T403555,2,Salem,2025-05-05,14941.81,SUCCESS,WITHDRAWAL,Ammapet Branch,C4926,Others
T403556,2,Salem,2025-05-05,44210.33,FAILED,WITHDRAWAL,Ammapet Branch,C1196,Loan Payment
T403557,2,Salem,2025-05-05,42959.98,SUCCESS,TRANSFER,Ammapet Branch,C7825,Travel
T403558,2,Salem,2025-05-05,24044.96,SUCCESS,TRANSFER,Ammapet Branch,C4827,Loan Payment
T403559,2,Salem,2025-05-05,43564.45,SUCCESS,WITHDRAWAL,Ammapet Branch,C2708,Shopping
T403560,2,Salem,2025-05-05,58528.54,SUCCESS,TRANSFER,Ammapet Branch,C6746,Loan Payment
T403561,2,Salem,2025-05-05,47901.4,SUCCESS,WITHDRAWAL,Ammapet Branch,C1785,Travel
T403562,2,Salem,2025-05-05,59333.45,FAILED,WITHDRAWAL,Ammapet Branch,C7759,Medical Expenses
T403563,2,Salem,2025-05-05,44988.46,SUCCESS,WITHDRAWAL,Ammapet Branch,C5502,Others
T403564,2,Salem,2025-05-05,70484.72,SUCCESS,WITHDRAWAL,Ammapet Branch,C3115,Others
T403565,2,Salem,2025-05-05,55678.03,FAILED,WITHDRAWAL,Ammapet Branch,C8326,Loan Payment
T403566,2,Salem,2025-05-05,9575.79,SUCCESS,DEPOSIT,Ammapet Branch,C8836,Travel
T403567,2,Salem,2025-05-05,90836.01,SUCCESS,WITHDRAWAL,Ammapet Branch,C6756,Bill Payment
T403568,2,Salem,2025-05-05,67735.47,SUCCESS,WITHDRAWAL,Ammapet Branch,C1380,Travel
T403569,2,Salem,2025-05-05,79747.42,SUCCESS,WITHDRAWAL,Ammapet Branch,C1342,Education Fees
T403570,2,Salem,2025-05-05,4525.93,FAILED,WITHDRAWAL,Ammapet Branch,C1882,Others
T403571,2,Salem,2025-05-05,71784.41,SUCCESS,DEPOSIT,Ammapet Branch,C9496,Education Fees
T403572,2,Salem,2025-05-05,40821.56,SUCCESS,TRANSFER,Ammapet Branch,C3166,Travel
T403573,2,Salem,2025-05-05,37703.85,FAILED,TRANSFER,Ammapet Branch,C5138,Travel
T403574,2,Salem,2025-05-05,87358.55,FAILED,DEPOSIT,Ammapet Branch,C4206,Medical Expenses
T403575,2,Salem,2025-05-05,96458.79,FAILED,TRANSFER,Ammapet Branch,C5151,Travel
T403576,2,Salem,2025-05-05,50918.48,SUCCESS,TRANSFER,Ammapet Branch,C4625,Shopping
T403577,2,Salem,2025-05-05,31406.76,FAILED,TRANSFER,Ammapet Branch,C5775,Travel
T403578,2,Salem,2025-05-05,50304.82,FAILED,WITHDRAWAL,Ammapet Branch,C1030,Medical Expenses
T403579,2,Salem,2025-05-05,48847.8,FAILED,DEPOSIT,Ammapet Branch,C7810,Bill Payment
T403580,2,Salem,2025-05-05,40627.62,SUCCESS,WITHDRAWAL,Ammapet Branch,C7794,Others
T403581,2,Salem,2025-05-05,54533.96,FAILED,DEPOSIT,Ammapet Branch,C4704,Bill Payment
T403582,2,Salem,2025-05-05,47809.26,FAILED,WITHDRAWAL,Ammapet Branch,C2283,Others
T403583,2,Salem,2025-05-05,56974.91,FAILED,WITHDRAWAL,Ammapet Branch,C5793,Loan Payment
T403584,2,Salem,2025-05-05,25262.15,FAILED,DEPOSIT,Ammapet Branch,C5101,Bill Payment
T403585,2,Salem,2025-05-05,76088.97,SUCCESS,TRANSFER,Ammapet Branch,C3105,Bill Payment
T403586,2,Salem,2025-05-05,56880.15,FAILED,WITHDRAWAL,Ammapet Branch,C1658,Loan Payment
T403587,2,Salem,2025-05-05,74614.76,SUCCESS,DEPOSIT,Ammapet Branch,C6371,Loan Payment
T403588,2,Salem,2025-05-05,60559.03,FAILED,TRANSFER,Ammapet Branch,C7042,Shopping
T403589,2,Salem,2025-05-05,44841.21,SUCCESS,TRANSFER,Ammapet Branch,C3576,Medical Expenses
T403590,2,Salem,2025-05-05,41350.05,FAILED,TRANSFER,Ammapet Branch,C2917,Education Fees
T403591,2,Salem,2025-05-05,1111.22,FAILED,TRANSFER,Ammapet Branch,C1252,Shopping
T403592,2,Salem,2025-05-05,68152.39,FAILED,WITHDRAWAL,Ammapet Branch,C7934,Bill Payment
T403593,2,Salem,2025-05-05,78761.84,FAILED,TRANSFER,Ammapet Branch,C5369,Others
T403594,2,Salem,2025-05-05,25474.69,SUCCESS,DEPOSIT,Ammapet Branch,C2581,Others
T403595,2,Salem,2025-05-05,27847.48,SUCCESS,TRANSFER,Ammapet Branch,C1663,Education Fees
T403596,2,Salem,2025-05-05,40063.87,FAILED,DEPOSIT,Ammapet Branch,C1986,Medical Expenses
T403597,2,Salem,2025-05-05,82573.54,SUCCESS,WITHDRAWAL,Ammapet Branch,C9363,Shopping
T403598,2,Salem,2025-05-05,44980.68,SUCCESS,TRANSFER,Ammapet Branch,C6723,Shopping
T403599,2,Salem,2025-05-05,98454.28,SUCCESS,TRANSFER,Ammapet Branch,C2114,Loan Payment
T403600,2,Salem,2025-05-05,76354.67,FAILED,TRANSFER,Ammapet Branch,C9423,Loan Payment
T403601,2,Salem,2025-05-05,89637.38,FAILED,DEPOSIT,Ammapet Branch,C7866,Shopping
T403602,2,Salem,2025-05-05,71545.47,FAILED,TRANSFER,Ammapet Branch,C7861,Travel
T403603,2,Salem,2025-05-05,56144.35,FAILED,DEPOSIT,Ammapet Branch,C1586,Bill Payment
T403604,2,Salem,2025-05-04,38195.32,SUCCESS,WITHDRAWAL,Ammapet Branch,C9345,Others
T403605,2,Salem,2025-05-04,67483.67,FAILED,WITHDRAWAL,Ammapet Branch,C2214,Medical Expenses
T403606,2,Salem,2025-05-04,72346.26,SUCCESS,TRANSFER,Ammapet Branch,C6545,Loan Payment
T403607,2,Salem,2025-05-04,27294.11,SUCCESS,WITHDRAWAL,Ammapet Branch,C5426,Education Fees
T403608,2,Salem,2025-05-04,67860.28,FAILED,WITHDRAWAL,Ammapet Branch,C6562,Medical Expenses
T403609,2,Salem,2025-05-04,39071.83,SUCCESS,WITHDRAWAL,Ammapet Branch,C4523,Medical Expenses
T403610,2,Salem,2025-05-04,88553.62,SUCCESS,TRANSFER,Ammapet Branch,C6510,Others
T403611,2,Salem,2025-05-04,69287.12,FAILED,WITHDRAWAL,Ammapet Branch,C7676,Shopping
T403612,2,Salem,2025-05-04,94529.51,FAILED,DEPOSIT,Ammapet Branch,C2192,Others
T403613,2,Salem,2025-05-04,27841.26,SUCCESS,DEPOSIT,Ammapet Branch,C5976,Education Fees
T403614,2,Salem,2025-05-04,11045.25,SUCCESS,TRANSFER,Ammapet Branch,C8658,Medical Expenses
T403615,2,Salem,2025-05-04,753.96,FAILED,WITHDRAWAL,Ammapet Branch,C6543,Education Fees
T403616,2,Salem,2025-05-04,72543.65,FAILED,TRANSFER,Ammapet Branch,C9061,Shopping
T403617,2,Salem,2025-05-04,73114.37,FAILED,WITHDRAWAL,Ammapet Branch,C4744,Bill Payment
T403618,2,Salem,2025-05-04,50112.87,FAILED,TRANSFER,Ammapet Branch,C5820,Others
T403619,2,Salem,2025-05-04,43286.29,SUCCESS,TRANSFER,Ammapet Branch,C2190,Bill Payment
T403620,2,Salem,2025-05-04,12109.47,SUCCESS,DEPOSIT,Ammapet Branch,C3048,Education Fees
T403621,2,Salem,2025-05-04,9480.53,SUCCESS,DEPOSIT,Ammapet Branch,C9084,Loan Payment
T403622,2,Salem,2025-05-04,11575.44,SUCCESS,TRANSFER,Ammapet Branch,C9089,Shopping
T403623,2,Salem,2025-05-04,47539.47,FAILED,DEPOSIT,Ammapet Branch,C9378,Shopping
T403624,2,Salem,2025-05-04,74906.17,FAILED,DEPOSIT,Ammapet Branch,C4779,Medical Expenses
T403625,2,Salem,2025-05-04,62653.46,FAILED,DEPOSIT,Ammapet Branch,C9765,Others
T403626,2,Salem,2025-05-04,19500.77,SUCCESS,TRANSFER,Ammapet Branch,C5665,Education Fees
T403627,2,Salem,2025-05-04,46502.22,FAILED,WITHDRAWAL,Ammapet Branch,C7777,Medical Expenses
T403628,2,Salem,2025-05-04,55660.57,FAILED,DEPOSIT,Ammapet Branch,C9134,Medical Expenses
T403629,2,Salem,2025-05-04,95932.88,FAILED,DEPOSIT,Ammapet Branch,C6311,Medical Expenses
T403630,2,Salem,2025-05-04,21738.88,FAILED,WITHDRAWAL,Ammapet Branch,C7416,Travel
T403631,2,Salem,2025-05-04,68178.78,SUCCESS,DEPOSIT,Ammapet Branch,C7840,Education Fees
T403632,2,Salem,2025-05-04,20854.31,FAILED,TRANSFER,Ammapet Branch,C8341,Bill Payment
T403633,2,Salem,2025-05-04,70049.49,SUCCESS,DEPOSIT,Ammapet Branch,C5471,Shopping
T403634,2,Salem,2025-05-04,65143.37,FAILED,WITHDRAWAL,Ammapet Branch,C1166,Medical Expenses
T403635,2,Salem,2025-05-04,84535.99,FAILED,DEPOSIT,Ammapet Branch,C8327,Shopping
T403636,2,Salem,2025-05-04,24300.96,FAILED,TRANSFER,Ammapet Branch,C3334,Others
T403637,2,Salem,2025-05-04,26141.82,FAILED,TRANSFER,Ammapet Branch,C6763,Medical Expenses
T403638,2,Salem,2025-05-04,23957.95,FAILED,DEPOSIT,Ammapet Branch,C9464,Bill Payment
T403639,2,Salem,2025-05-04,45550.3,FAILED,WITHDRAWAL,Ammapet Branch,C5026,Shopping
T403640,2,Salem,2025-05-04,39078.12,FAILED,WITHDRAWAL,Ammapet Branch,C1639,Travel
T403641,2,Salem,2025-05-04,78109.55,SUCCESS,WITHDRAWAL,Ammapet Branch,C5752,Bill Payment
T403642,2,Salem,2025-05-04,6320.1,SUCCESS,TRANSFER,Ammapet Branch,C9611,Medical Expenses
T403643,2,Salem,2025-05-04,39575.5,FAILED,TRANSFER,Ammapet Branch,C5064,Others
T403644,2,Salem,2025-05-04,23073.83,FAILED,DEPOSIT,Ammapet Branch,C4053,Bill Payment
T403645,2,Salem,2025-05-04,1493.62,FAILED,TRANSFER,Ammapet Branch,C4355,Medical Expenses
T403646,2,Salem,2025-05-04,32606.11,FAILED,WITHDRAWAL,Ammapet Branch,C1560,Loan Payment
T403647,2,Salem,2025-05-04,22166.42,SUCCESS,TRANSFER,Ammapet Branch,C4603,Bill Payment
T403648,2,Salem,2025-05-04,64892.3,FAILED,DEPOSIT,Ammapet Branch,C4581,Medical Expenses
T403649,2,Salem,2025-05-04,11791.29,SUCCESS,DEPOSIT,Ammapet Branch,C2805,Others
T403650,2,Salem,2025-05-04,69578.87,SUCCESS,WITHDRAWAL,Ammapet Branch,C5392,Loan Payment
T403651,2,Salem,2025-05-04,9225.99,SUCCESS,WITHDRAWAL,Ammapet Branch,C5324,Travel
T403652,2,Salem,2025-05-04,25295.91,FAILED,WITHDRAWAL,Ammapet Branch,C5899,Education Fees
T403653,2,Salem,2025-05-04,95421.48,FAILED,DEPOSIT,Ammapet Branch,C4655,Others
T403654,2,Salem,2025-05-04,27394.76,SUCCESS,WITHDRAWAL,Ammapet Branch,C9803,Loan Payment
T403655,2,Salem,2025-05-04,87477.43,FAILED,TRANSFER,Ammapet Branch,C7233,Medical Expenses
T403656,2,Salem,2025-05-04,42812.09,SUCCESS,WITHDRAWAL,Ammapet Branch,C1428,Education Fees
T403657,2,Salem,2025-05-04,52107.57,SUCCESS,WITHDRAWAL,Ammapet Branch,C8901,Shopping
T403658,2,Salem,2025-05-04,68083.39,SUCCESS,DEPOSIT,Ammapet Branch,C2835,Loan Payment
T403659,2,Salem,2025-05-04,41956.62,FAILED,TRANSFER,Ammapet Branch,C2568,Loan Payment
T403660,2,Salem,2025-05-04,65671.04,SUCCESS,DEPOSIT,Ammapet Branch,C9489,Shopping
T403661,2,Salem,2025-05-04,2896.87,SUCCESS,TRANSFER,Ammapet Branch,C3313,Shopping
T403662,2,Salem,2025-05-04,56244.61,FAILED,TRANSFER,Ammapet Branch,C4730,Medical Expenses
T403663,2,Salem,2025-05-04,39805.25,FAILED,TRANSFER,Ammapet Branch,C5210,Shopping
T403664,2,Salem,2025-05-04,12865.74,SUCCESS,TRANSFER,Ammapet Branch,C9556,Bill Payment
T403665,2,Salem,2025-05-04,54616.71,FAILED,DEPOSIT,Ammapet Branch,C4190,Medical Expenses
T403666,2,Salem,2025-05-04,3280.4,FAILED,DEPOSIT,Ammapet Branch,C1793,Loan Payment
T403667,2,Salem,2025-05-04,16491.44,SUCCESS,DEPOSIT,Ammapet Branch,C9988,Others
T403668,2,Salem,2025-05-04,49244.45,FAILED,WITHDRAWAL,Ammapet Branch,C5286,Medical Expenses
T403669,2,Salem,2025-05-04,54579.29,SUCCESS,DEPOSIT,Ammapet Branch,C1107,Travel
T403670,2,Salem,2025-05-04,35042.52,SUCCESS,TRANSFER,Ammapet Branch,C6402,Shopping
T403671,2,Salem,2025-05-04,27907.1,FAILED,DEPOSIT,Ammapet Branch,C6750,Bill Payment
T403672,2,Salem,2025-05-04,69787.05,FAILED,WITHDRAWAL,Ammapet Branch,C2588,Shopping
T403673,2,Salem,2025-05-04,4699.91,FAILED,WITHDRAWAL,Ammapet Branch,C7072,Shopping
T403674,2,Salem,2025-05-04,21110.5,SUCCESS,TRANSFER,Ammapet Branch,C6888,Bill Payment
T403675,2,Salem,2025-05-04,78052.42,FAILED,TRANSFER,Ammapet Branch,C1156,Bill Payment
T403676,2,Salem,2025-05-04,34141.44,FAILED,DEPOSIT,Ammapet Branch,C5736,Travel
T403677,2,Salem,2025-05-03,44148.32,SUCCESS,TRANSFER,Ammapet Branch,C6499,Others
T403678,2,Salem,2025-05-03,1423.17,FAILED,DEPOSIT,Ammapet Branch,C4186,Medical Expenses
T403679,2,Salem,2025-05-03,45773.54,SUCCESS,DEPOSIT,Ammapet Branch,C1209,Others
T403680,2,Salem,2025-05-03,3398.62,FAILED,DEPOSIT,Ammapet Branch,C6621,Travel
T403681,2,Salem,2025-05-03,22207.7,FAILED,TRANSFER,Ammapet Branch,C9083,Shopping
T403682,2,Salem,2025-05-03,76628.99,SUCCESS,WITHDRAWAL,Ammapet Branch,C2052,Bill Payment
T403683,2,Salem,2025-05-03,39216.75,SUCCESS,TRANSFER,Ammapet Branch,C9066,Shopping
T403684,2,Salem,2025-05-03,91866.46,FAILED,TRANSFER,Ammapet Branch,C1614,Shopping
T403685,2,Salem,2025-05-03,67849.54,SUCCESS,DEPOSIT,Ammapet Branch,C9677,Travel
T403686,2,Salem,2025-05-03,95774.99,FAILED,WITHDRAWAL,Ammapet Branch,C7458,Education Fees
T403687,2,Salem,2025-05-03,37101.13,SUCCESS,WITHDRAWAL,Ammapet Branch,C8424,Bill Payment
T403688,2,Salem,2025-05-03,3919.12,FAILED,DEPOSIT,Ammapet Branch,C2636,Education Fees
T403689,2,Salem,2025-05-03,21654.81,FAILED,TRANSFER,Ammapet Branch,C4366,Medical Expenses
T403690,2,Salem,2025-05-03,77872.08,FAILED,WITHDRAWAL,Ammapet Branch,C3513,Travel
T403691,2,Salem,2025-05-03,31378.56,FAILED,DEPOSIT,Ammapet Branch,C2096,Shopping
T403692,2,Salem,2025-05-03,14310.86,FAILED,WITHDRAWAL,Ammapet Branch,C1947,Travel
T403693,2,Salem,2025-05-03,11598.09,FAILED,WITHDRAWAL,Ammapet Branch,C7403,Shopping
T403694,2,Salem,2025-05-03,34916.84,FAILED,DEPOSIT,Ammapet Branch,C7535,Loan Payment
T403695,2,Salem,2025-05-03,72508.9,SUCCESS,TRANSFER,Ammapet Branch,C6449,Education Fees
T403696,2,Salem,2025-05-03,80987.98,SUCCESS,TRANSFER,Ammapet Branch,C6733,Others
T403697,2,Salem,2025-05-03,56549.65,SUCCESS,DEPOSIT,Ammapet Branch,C9801,Others
T403698,2,Salem,2025-05-03,31682.79,FAILED,WITHDRAWAL,Ammapet Branch,C6500,Bill Payment
T403699,2,Salem,2025-05-03,65939.21,SUCCESS,TRANSFER,Ammapet Branch,C8466,Bill Payment
T403700,2,Salem,2025-05-03,66140.22,FAILED,DEPOSIT,Ammapet Branch,C9151,Medical Expenses
T403701,2,Salem,2025-05-03,57905.79,SUCCESS,DEPOSIT,Ammapet Branch,C1642,Education Fees
T403702,2,Salem,2025-05-03,59161.77,SUCCESS,WITHDRAWAL,Ammapet Branch,C8205,Travel
T403703,2,Salem,2025-05-03,70890.64,SUCCESS,WITHDRAWAL,Ammapet Branch,C8634,Education Fees
T403704,2,Salem,2025-05-03,2976.97,SUCCESS,TRANSFER,Ammapet Branch,C7021,Others
T403705,2,Salem,2025-05-03,67364.27,SUCCESS,DEPOSIT,Ammapet Branch,C6374,Bill Payment
T403706,2,Salem,2025-05-03,39109.08,FAILED,WITHDRAWAL,Ammapet Branch,C4682,Bill Payment
T403707,2,Salem,2025-05-03,44525.23,SUCCESS,TRANSFER,Ammapet Branch,C6480,Travel
T403708,2,Salem,2025-05-03,20970.86,SUCCESS,TRANSFER,Ammapet Branch,C7137,Education Fees
T403709,2,Salem,2025-05-03,97563.5,SUCCESS,DEPOSIT,Ammapet Branch,C5158,Education Fees
T403710,2,Salem,2025-05-03,20566.54,FAILED,TRANSFER,Ammapet Branch,C5919,Others
T403711,2,Salem,2025-05-03,19910.56,FAILED,TRANSFER,Ammapet Branch,C9762,Loan Payment
T403712,2,Salem,2025-05-03,1565.49,FAILED,DEPOSIT,Ammapet Branch,C7473,Loan Payment
T403713,2,Salem,2025-05-03,24792.6,FAILED,TRANSFER,Ammapet Branch,C2555,Education Fees
T403714,2,Salem,2025-05-03,71634.93,FAILED,DEPOSIT,Ammapet Branch,C9543,Medical Expenses
T403715,2,Salem,2025-05-03,68119.78,SUCCESS,TRANSFER,Ammapet Branch,C3829,Loan Payment
T403716,2,Salem,2025-05-03,80587.15,FAILED,DEPOSIT,Ammapet Branch,C5877,Travel
T403717,2,Salem,2025-05-03,38422.66,FAILED,TRANSFER,Ammapet Branch,C9880,Travel
T403718,2,Salem,2025-05-03,76802.59,FAILED,TRANSFER,Ammapet Branch,C4432,Others
T403719,2,Salem,2025-05-03,55383.05,FAILED,WITHDRAWAL,Ammapet Branch,C9186,Medical Expenses
T403720,2,Salem,2025-05-03,58998.39,FAILED,TRANSFER,Ammapet Branch,C1205,Loan Payment
T403721,2,Salem,2025-05-03,75374.29,FAILED,DEPOSIT,Ammapet Branch,C5542,Education Fees
T403722,2,Salem,2025-05-03,51470.16,SUCCESS,TRANSFER,Ammapet Branch,C4798,Others
T403723,2,Salem,2025-05-03,25210.71,SUCCESS,DEPOSIT,Ammapet Branch,C9417,Bill Payment
T403724,2,Salem,2025-05-03,21891.6,FAILED,TRANSFER,Ammapet Branch,C3469,Travel
T403725,2,Salem,2025-05-03,73523.25,FAILED,TRANSFER,Ammapet Branch,C7536,Others
T403726,2,Salem,2025-05-03,56835.56,FAILED,DEPOSIT,Ammapet Branch,C5958,Education Fees
T403727,2,Salem,2025-05-03,83661.82,FAILED,DEPOSIT,Ammapet Branch,C2681,Medical Expenses
T403728,2,Salem,2025-05-03,13302.76,SUCCESS,WITHDRAWAL,Ammapet Branch,C7086,Bill Payment
T403729,2,Salem,2025-05-03,95228.45,SUCCESS,DEPOSIT,Ammapet Branch,C7121,Education Fees
T403730,2,Salem,2025-05-03,27657.95,FAILED,TRANSFER,Ammapet Branch,C2242,Medical Expenses
T403731,2,Salem,2025-05-03,88086.59,FAILED,WITHDRAWAL,Ammapet Branch,C2344,Others
T403732,2,Salem,2025-05-03,7772.26,FAILED,WITHDRAWAL,Ammapet Branch,C3461,Bill Payment
T403733,2,Salem,2025-05-03,70365.35,FAILED,TRANSFER,Ammapet Branch,C6906,Loan Payment
T403734,2,Salem,2025-05-03,30586.27,SUCCESS,WITHDRAWAL,Ammapet Branch,C5110,Bill Payment
T403735,2,Salem,2025-05-03,87447.18,FAILED,WITHDRAWAL,Ammapet Branch,C6987,Shopping
T403736,2,Salem,2025-05-03,85684.81,FAILED,WITHDRAWAL,Ammapet Branch,C2323,Education Fees
